ffffffff293886d3086fd567aafd598f0fe975f735887194a764a231e82d289a
00000000501545f3bc1b72f3ae3ad3c4857b9c807eff909e3b5d0710ef76e0e7
Разница: fffffffed92340df4c546273fcc285ca8a6dd976b688e0f66c079b20f8b647b3
Результат деления на 256: fffffffed92340df4c546273fcc285ca8a6dd976b688e0f66c079b20f8b647

010000004eee69349b67c7562237964a50060a59f5b6197f31c90eac106f972e
020000004dc78c757ab41bb8963458d01a9078336c6ca2602835164731684d75
030000004ca0afb65a00701b0a311b55e51ae60ce3232b411ea11de2526103bc
040000004b79d2f7394cc47d7e2ddddbafa553e659d9b422150d257d7359ba03
050000004a52f638189918dff22aa0617a2fc1bfd0903d030b792d189452704a
06000000492c1978f7e56d42662762e744ba2f994746c5e401e534b3b54b2691
0700000048053cb9d731c1a4da24256d0f449d72bdfd4ec4f8513c4ed643dcd8
0800000046de5ffab67e16074e20e7f2d9cf0b4c34b3d7a5eebd43e9f73c931f
0900000045b7833b95ca6a69c21daa78a4597925ab6a6086e5294b8518354966
0a0000004490a67c7516becc361a6cfe6ee3e6ff2220e967db955320392dffad
0b0000004369c9bd5463132eaa172f84396e54d898d77248d2015abb5a26b5f4
0c0000004242ecfe33af67911e13f20a03f8c2b20f8dfb29c86d62567b1f6c3b
0d000000411c103f12fbbbf39210b48fce83308b8644840abed969f19c182282
0e0000003ff5337ff2481056060d7715990d9e64fcfb0cebb545718cbd10d8c9
0f0000003ece56c0d19464b87a0a399b63980c3e73b195ccabb17927de098f10
100000003da77a01b0e0b91aee06fc212e227a17ea681eada21d80c2ff024557
110000003c809d42902d0d7d6203bea6f8ace7f1611ea78e9889885e1ffafb9e
120000003b59c0836f7961dfd600812cc33755cad7d5306f8ef58ff940f3b1e5
130000003a32e3c44ec5b64249fd43b28dc1c3a44e8bb9508561979461ec682c
14000000390c07052e120aa4bdfa0638584c317dc54242317bcd9f2f82e51e73
1500000037e52a460d5e5f0731f6c8be22d69f573bf8cb127239a6caa3ddd4ba
1600000036be4d86ecaab369a5f38b43ed610d30b2af53f368a5ae65c4d68b01
17000000359770c7cbf707cc19f04dc9b7eb7b0a2965dcd45f11b600e5cf4148
1800000034709408ab435c2e8ded104f8275e8e3a01c65b5557dbd9c06c7f78f
190000003349b7498a8fb09101e9d2d54d0056bd16d2ee964be9c53727c0add6
1a0000003222da8a69dc04f375e6955b178ac4968d8977774255ccd248b9641d
1b00000030fbfdcb49285955e9e357e0e21532700440005838c1d46d69b21a64
1c0000002fd5210c2874adb85de01a66ac9fa0497af689392f2ddc088aaad0ab
1d0000002eae444d07c1021ad1dcdcec772a0e22f1ad121a2599e3a3aba386f2
1e0000002d87678de70d567d45d99f7241b47bfc68639afb1c05eb3ecc9c3d39
1f0000002c608acec659aadfb9d661f80c3ee9d5df1a23dc1271f2d9ed94f380
200000002b39ae0fa5a5ff422dd3247dd6c957af55d0acbd08ddfa750e8da9c7
210000002a12d15084f253a4a1cfe703a153c588cc87359dff4a02102f86600e
2200000028ebf491643ea80715cca9896bde3362433dbe7ef5b609ab507f1655
2300000027c517d2438afc6989c96c0f3668a13bb9f4475fec2211467177cc9c
24000000269e3b1322d750cbfdc62e9500f30f1530aad040e28e18e1927082e3
2500000025775e540223a52e71c2f11acb7d7ceea7615921d8fa207cb369392a
2600000024508194e16ff990e5bfb3a09607eac81e17e202cf662817d461ef71
270000002329a4d5c0bc4df359bc7626609258a194ce6ae3c5d22fb2f55aa5b8
280000002202c816a008a255cdb938ac2b1cc67b0b84f3c4bc3e374e16535bff
2900000020dbeb577f54f6b841b5fb31f5a73454823b7ca5b2aa3ee9374c1246
2a0000001fb50e985ea14b1ab5b2bdb7c031a22df8f20586a91646845844c88d
2b0000001e8e31d93ded9f7d29af803d8abc10076fa88e679f824e1f793d7ed4
2c0000001d67551a1d39f3df9dac42c355467de0e65f174895ee55ba9a36351b
2d0000001c40785afc86484211a905491fd0ebba5d15a0298c5a5d55bb2eeb62
2e0000001b199b9bdbd29ca485a5c7ceea5b5993d3cc290a82c664f0dc27a1a9
2f00000019f2bedcbb1ef106f9a28a54b4e5c76d4a82b1eb79326c8bfd2057f0
3000000018cbe21d9a6b45696d9f4cda7f703546c1393acc6f9e74271e190e37
3100000017a5055e79b799cbe19c0f6049faa32037efc3ad660a7bc23f11c47e
32000000167e289f5903ee2e5598d1e6148510f9aea64c8e5c76835d600a7ac5
3300000015574be038504290c995946bdf0f7ed3255cd56f52e28af88103310c
3400000014306f21179c96f33d9256f1a999ecac9c135e50494e9293a1fbe753
3500000013099261f6e8eb55b18f197774245a8612c9e7313fba9a2ec2f49d9a
3600000011e2b5a2d6353fb8258bdbfd3eaec85f898070123626a1c9e3ed53e1
3700000010bbd8e3b581941a99889e83093936390036f8f32c92a96504e60a28
380000000f94fc2494cde87d0d856108d3c3a41276ed81d422feb10025dec06f
390000000e6e1f65741a3cdf8182238e9e4e11ebeda40ab5196ab89b46d776b6
3a0000000d4742a653669141f57ee61468d87fc5645a93960fd6c03667d02cfd
3b0000000c2065e732b2e5a4697ba89a3362ed9edb111c770642c7d188c8e344
3c0000000af9892811ff3a06dd786b1ffded5b7851c7a557fcaecf6ca9c1998b
3d00000009d2ac68f14b8e6951752da5c877c951c87e2e38f31ad707caba4fd2
3e00000008abcfa9d097e2cbc571f02b9302372b3f34b719e986dea2ebb30619
3f0000000784f2eaafe4372e396eb2b15d8ca504b5eb3ffadff2e63e0cabbc60
40000000065e162b8f308b90ad6b7537281712de2ca1c8dbd65eedd92da472a7
410000000537396c6e7cdff3216837bcf2a180b7a35851bccccaf5744e9d28ee
4200000004105cad4dc934559564fa42bd2bee911a0eda9dc336fd0f6f95df35
4300000002e97fee2d1588b80961bcc887b65c6a90c5637eb9a304aa908e957c
4400000001c2a32f0c61dd1a7d5e7f4e5240ca44077bec5fb00f0c45b1874bc3
45000000009bc66febae317cf15b41d41ccb381d7e327540a67b13e0d280020a
45ffffffff74e9b0cafa85df65580459e755a5f6f4e8fe219ce71b7bf378b851
46fffffffe4e0cf1aa46da41d954c6dfb1e013d06b9f87029353231714716e98
47fffffffd27303289932ea44d5189657c6a81a9e2560fe389bf2ab2356a24df
48fffffffc00537368df8306c14e4beb46f4ef83590c98c4802b324d5662db26
49fffffffad976b4482bd769354b0e71117f5d5ccfc321a5769739e8775b916d
4afffffff9b299f527782bcba947d0f6dc09cb364679aa866d034183985447b4
4bfffffff88bbd3606c4802e1d44937ca694390fbd303367636f491eb94cfdfb
4cfffffff764e076e610d49091415602711ea6e933e6bc4859db50b9da45b442
4dfffffff63e03b7c55d28f3053e18883ba914c2aa9d452950475854fb3e6a89
4efffffff51726f8a4a97d55793adb0e0633829c2153ce0a46b35ff01c3720d0
4ffffffff3f04a3983f5d1b7ed379d93d0bdf075980a56eb3d1f678b3d2fd717
50fffffff2c96d7a6342261a613460199b485e4f0ec0dfcc338b6f265e288d5e
51fffffff1a290bb428e7a7cd531229f65d2cc28857768ad29f776c17f2143a5
52fffffff07bb3fc21dacedf492de525305d3a01fc2df18e20637e5ca019f9ec
53ffffffef54d73d01272341bd2aa7aafae7a7db72e47a6f16cf85f7c112b033
54ffffffee2dfa7de07377a431276a30c57215b4e99b03500d3b8d92e20b667a
55ffffffed071dbebfbfcc06a5242cb68ffc838e60518c3103a7952e03041cc1
56ffffffebe040ff9f0c20691920ef3c5a86f167d7081511fa139cc923fcd308
57ffffffeab964407e5874cb8d1db1c225115f414dbe9df2f07fa46444f5894f
58ffffffe99287815da4c92e011a7447ef9bcd1ac47526d3e6ebabff65ee3f96
59ffffffe86baac23cf11d90751736cdba263af43b2bafb4dd57b39a86e6f5dd
5affffffe744ce031c3d71f2e913f95384b0a8cdb1e23895d3c3bb35a7dfac24
5bffffffe61df143fb89c6555d10bbd94f3b16a72898c176ca2fc2d0c8d8626b
5cffffffe4f71484dad61ab7d10d7e5f19c584809f4f4a57c09bca6be9d118b2
5dffffffe3d037c5ba226f1a450a40e4e44ff25a1605d338b707d2070ac9cef9
5effffffe2a95b06996ec37cb907036aaeda60338cbc5c19ad73d9a22bc28540
5fffffffe1827e4778bb17df2d03c5f07964ce0d0372e4faa3dfe13d4cbb3b87
60ffffffe05ba18858076c41a100887643ef3be67a296ddb9a4be8d86db3f1ce
61ffffffdf34c4c93753c0a414fd4afc0e79a9bff0dff6bc90b7f0738eaca815
62ffffffde0de80a16a0150688fa0d81d904179967967f9d8723f80eafa55e5c
63ffffffdce70b4af5ec6968fcf6d007a38e8572de4d087e7d8fffa9d09e14a3
64ffffffdbc02e8bd538bdcb70f3928d6e18f34c5503915f73fc0744f196caea
65ffffffda9951ccb485122de4f0551338a36125cbba1a406a680ee0128f8131
66ffffffd972750d93d1669058ed1799032dceff4270a32160d4167b33883778
67ffffffd84b984e731dbaf2cce9da1ecdb83cd8b9272c0257401e165480edbf
68ffffffd724bb8f526a0f5540e69ca49842aab22fddb4e34dac25b17579a406
69ffffffd5fdded031b663b7b4e35f2a62cd188ba6943dc444182d4c96725a4d
6affffffd4d702111102b81a28e021b02d5786651d4ac6a53a8434e7b76b1094
6bffffffd3b02551f04f0c7c9cdce435f7e1f43e94014f8630f03c82d863c6db
6cffffffd2894892cf9b60df10d9a6bbc26c62180ab7d867275c441df95c7d22
6dffffffd1626bd3aee7b54184d669418cf6cff1816e61481dc84bb91a553369
6effffffd03b8f148e3409a3f8d32bc757813dcaf824ea29143453543b4de9b0
6fffffffcf14b2556d805e066ccfee4d220baba46edb730a0aa05aef5c469ff7
70ffffffcdedd5964cccb268e0ccb0d2ec96197de591fbeb010c628a7d3f563e
71ffffffccc6f8d72c1906cb54c97358b72087575c4884cbf7786a259e380c85
72ffffffcba01c180b655b2dc8c635de81aaf530d2ff0dacede471c0bf30c2cc
73ffffffca793f58eab1af903cc2f8644c35630a49b5968de450795be0297913
74ffffffc9526299c9fe03f2b0bfbaea16bfd0e3c06c1f6edabc80f701222f5a
75ffffffc82b85daa94a585524bc7d6fe14a3ebd3722a84fd1288892221ae5a1
76ffffffc704a91b8896acb798b93ff5abd4ac96add93130c794902d43139be8
77ffffffc5ddcc5c67e3011a0cb6027b765f1a70248fba11be0097c8640c522f
78ffffffc4b6ef9d472f557c80b2c50140e988499b4642f2b46c9f6385050876
79ffffffc39012de267ba9def4af87870b73f62311fccbd3aad8a6fea5fdbebd
7affffffc269361f05c7fe4168ac4a0cd5fe63fc88b354b4a144ae99c6f67504
7bffffffc142595fe51452a3dca90c92a088d1d5ff69dd9597b0b634e7ef2b4b
7cffffffc01b7ca0c460a70650a5cf186b133faf762066768e1cbdd008e7e192
7dffffffbef49fe1a3acfb68c4a2919e359dad88ecd6ef578488c56b29e097d9
7effffffbdcdc32282f94fcb389f542400281b62638d78387af4cd064ad94e20
7fffffffbca6e6636245a42dac9c16a9cab2893bda4401197160d4a16bd20467
80ffffffbb8009a44191f8902098d92f953cf71550fa89fa67ccdc3c8ccabaae
81ffffffba592ce520de4cf294959bb55fc764eec7b112db5e38e3d7adc370f5
82ffffffb9325026002aa15508925e3b2a51d2c83e679bbc54a4eb72cebc273c
83ffffffb80b7366df76f5b77c8f20c0f4dc40a1b51e249d4b10f30defb4dd83
84ffffffb6e496a7bec34a19f08be346bf66ae7b2bd4ad7e417cfaa910ad93ca
85ffffffb5bdb9e89e0f9e7c6488a5cc89f11c54a28b365f37e9024431a64a11
86ffffffb496dd297d5bf2ded8856852547b8a2e1941bf402e5509df529f0058
87ffffffb370006a5ca847414c822ad81f05f8078ff8482124c1117a7397b69f
88ffffffb24923ab3bf49ba3c07eed5de99065e106aed1021b2d191594906ce6
89ffffffb12246ec1b40f006347bafe3b41ad3ba7d6559e3119920b0b589232d
8affffffaffb6a2cfa8d4468a87872697ea54193f41be2c40805284bd681d974
8bffffffaed48d6dd9d998cb1c7534ef492faf6d6ad26ba4fe712fe6f77a8fbb
8cffffffadadb0aeb925ed2d9071f77513ba1d46e188f485f4dd378218734602
8dffffffac86d3ef98724190046eb9fade448b20583f7d66eb493f1d396bfc49
8effffffab5ff73077be95f2786b7c80a8cef8f9cef60647e1b546b85a64b290
8fffffffaa391a71570aea54ec683f06735966d345ac8f28d8214e537b5d68d7
90ffffffa9123db236573eb76065018c3de3d4acbc631809ce8d55ee9c561f1e
91ffffffa7eb60f315a39319d461c412086e42863319a0eac4f95d89bd4ed565
92ffffffa6c48433f4efe77c485e8697d2f8b05fa9d029cbbb656524de478bac
93ffffffa59da774d43c3bdebc5b491d9d831e392086b2acb1d16cbfff4041f3
94ffffffa476cab5b388904130580ba3680d8c12973d3b8da83d745b2038f83a
95ffffffa34fedf692d4e4a3a454ce293297f9ec0df3c46e9ea97bf64131ae81
96ffffffa229113772213906185190aefd2267c584aa4d4f95158391622a64c8
97ffffffa1023478516d8d688c4e5334c7acd59efb60d6308b818b2c83231b0f
98ffffff9fdb57b930b9e1cb004b15ba9237437872175f1181ed92c7a41bd156
99ffffff9eb47afa1006362d7447d8405cc1b151e8cde7f278599a62c514879d
9affffff9d8d9e3aef528a8fe8449ac6274c1f2b5f8470d36ec5a1fde60d3de4
9bffffff9c66c17bce9edef25c415d4bf1d68d04d63af9b46531a9990705f42b
9cffffff9b3fe4bcadeb3354d03e1fd1bc60fade4cf182955b9db13427feaa72
9dffffff9a1907fd8d3787b7443ae25786eb68b7c3a80b765209b8cf48f760b9
9effffff98f22b3e6c83dc19b837a4dd5175d6913a5e94574875c06a69f01700
9fffffff97cb4e7f4bd0307c2c3467631c00446ab1151d383ee1c8058ae8cd47
a0ffffff96a471c02b1c84dea03129e8e68ab24427cba619354dcfa0abe1838e
a1ffffff957d95010a68d941142dec6eb115201d9e822efa2bb9d73bccda39d5
a2ffffff9456b841e9b52da3882aaef47b9f8df71538b7db2225ded6edd2f01c
a3ffffff932fdb82c9018205fc27717a4629fbd08bef40bc1891e6720ecba663
a4ffffff9208fec3a84dd6687024340010b469aa02a5c99d0efdee0d2fc45caa
a5ffffff90e22204879a2acae420f685db3ed783795c527e0569f5a850bd12f1
a6ffffff8fbb454566e67f2d581db90ba5c9455cf012db5efbd5fd4371b5c938
a7ffffff8e9468864632d38fcc1a7b917053b33666c9643ff24204de92ae7f7f
a8ffffff8d6d8bc7257f27f240173e173ade210fdd7fed20e8ae0c79b3a735c6
a9ffffff8c46af0804cb7c54b414009d05688ee954367601df1a1414d49fec0d
aaffffff8b1fd248e417d0b72810c322cff2fcc2caecfee2d5861baff598a254
abffffff89f8f589c36425199c0d85a89a7d6a9c41a387c3cbf2234b1691589b
acffffff88d218caa2b0797c100a482e6507d875b85a10a4c25e2ae6378a0ee2
adffffff87ab3c0b81fccdde84070ab42f92464f2f109985b8ca32815882c529
aeffffff86845f4c61492240f803cd39fa1cb428a5c72266af363a1c797b7b70
afffffff855d828d409576a36c008fbfc4a722021c7dab47a5a241b79a7431b7
b0ffffff8436a5ce1fe1cb05dffd52458f318fdb933434289c0e4952bb6ce7fe
b1ffffff830fc90eff2e1f6853fa14cb59bbfdb509eabd09927a50eddc659e45
b2ffffff81e8ec4fde7a73cac7f6d75124466b8e80a145ea88e65888fd5e548c
b3ffffff80c20f90bdc6c82d3bf399d6eed0d967f757cecb7f5260241e570ad3
b4ffffff7f9b32d19d131c8faff05c5cb95b47416e0e57ac75be67bf3f4fc11a
b5ffffff7e7456127c5f70f223ed1ee283e5b51ae4c4e08d6c2a6f5a60487761
b6ffffff7d4d79535babc55497e9e1684e7022f45b7b696e629676f581412da8
b7ffffff7c269c943af819b70be6a3ee18fa90cdd231f24f59027e90a239e3ef
b8ffffff7affbfd51a446e197fe36673e384fea748e87b304f6e862bc3329a36
b9ffffff79d8e315f990c27bf3e028f9ae0f6c80bf9f041145da8dc6e42b507d
baffffff78b20656d8dd16de67dceb7f7899da5a36558cf23c469562052406c4
bbffffff778b2997b8296b40dbd9ae0543244833ad0c15d332b29cfd261cbd0b
bcffffff76644cd89775bfa34fd6708b0daeb60d23c29eb4291ea49847157352
bdffffff753d701976c21405c3d33310d83923e69a7927951f8aac33680e2999
beffffff7416935a560e686837cff596a2c391c0112fb07615f6b3ce8906dfe0
bfffffff72efb69b355abccaabccb81c6d4dff9987e639570c62bb69a9ff9627
c0ffffff71c8d9dc14a7112d1fc97aa237d86d72fe9cc23802cec304caf84c6e
c1ffffff70a1fd1cf3f3658f93c63d280262db4c75534b18f93aca9febf102b5
c2ffffff6f7b205dd33fb9f207c2ffadcced4925ec09d3f9efa6d23b0ce9b8fc
c3ffffff6e54439eb28c0e547bbfc2339777b6ff62c05cdae612d9d62de26f43
c4ffffff6d2d66df91d862b6efbc84b9620224d8d976e5bbdc7ee1714edb258a
c5ffffff6c068a207124b71963b9473f2c8c92b2502d6e9cd2eae90c6fd3dbd1
c6ffffff6adfad6150710b7bd7b609c4f717008bc6e3f77dc956f0a790cc9218
c7ffffff69b8d0a22fbd5fde4bb2cc4ac1a16e653d9a805ebfc2f842b1c5485f
c8ffffff6891f3e30f09b440bfaf8ed08c2bdc3eb451093fb62effddd2bdfea6
c9ffffff676b1723ee5608a333ac515656b64a182b079220ac9b0778f3b6b4ed
caffffff66443a64cda25d05a7a913dc2140b7f1a1be1b01a3070f1414af6b34
cbffffff651d5da5aceeb1681ba5d661ebcb25cb1874a3e2997316af35a8217b
ccffffff63f680e68c3b05ca8fa298e7b65593a48f2b2cc38fdf1e4a56a0d7c2
cdffffff62cfa4276b875a2d039f5b6d80e0017e05e1b5a4864b25e577998e09
ceffffff61a8c7684ad3ae8f779c1df34b6a6f577c983e857cb72d8098924450
cfffffff6081eaa92a2002f1eb98e07915f4dd30f34ec7667323351bb98afa97
d0ffffff5f5b0dea096c57545f95a2fee07f4b0a6a055047698f3cb6da83b0de
d1ffffff5e34312ae8b8abb6d3926584ab09b8e3e0bbd9285ffb4451fb7c6725
d2ffffff5d0d546bc8050019478f280a759426bd5772620956674bed1c751d6c
d3ffffff5be677aca751547bbb8bea90401e9496ce28eaea4cd353883d6dd3b3
d4ffffff5abf9aed869da8de2f88ad160aa9027044df73cb433f5b235e6689fa
d5ffffff5998be2e65e9fd40a3856f9bd5337049bb95fcac39ab62be7f5f4041
d6ffffff5871e16f453651a3178232219fbdde23324c858d30176a59a057f688
d7ffffff574b04b02482a6058b7ef4a76a484bfca9030e6e268371f4c150accf
d8ffffff562427f103cefa67ff7bb72d34d2b9d61fb9974f1cef798fe2496316
d9ffffff54fd4b31e31b4eca737879b2ff5d27af96702030135b812b0342195d
daffffff53d66e72c267a32ce7753c38c9e795890d26a91109c788c6243acfa4
dbffffff52af91b3a1b3f78f5b71febe9472036283dd31f200339061453385eb
dcffffff5188b4f481004bf1cf6ec1445efc713bfa93bad2f69f97fc662c3c32
ddffffff5061d835604ca054436b83ca2986df15714a43b3ed0b9f978724f279
deffffff4f3afb763f98f4b6b768464ff4114ceee800cc94e377a732a81da8c0
dfffffff4e141eb71ee549192b6508d5be9bbac85eb75575d9e3aecdc9165f07
e0ffffff4ced41f7fe319d7b9f61cb5b892628a1d56dde56d04fb668ea0f154e
e1ffffff4bc66538dd7df1de135e8de153b0967b4c246737c6bbbe040b07cb95
e2ffffff4a9f8879bcca4640875b50671e3b0454c2daf018bd27c59f2c0081dc
e3ffffff4978abba9c169aa2fb5812ece8c5722e399178f9b393cd3a4cf93823
e4ffffff4851cefb7b62ef056f54d572b34fe007b04801daa9ffd4d56df1ee6a
e5ffffff472af23c5aaf4367e35197f87dda4de126fe8abba06bdc708eeaa4b1
e6ffffff4604157d39fb97ca574e5a7e4864bbba9db5139c96d7e40bafe35af8
e7ffffff44dd38be1947ec2ccb4b1d0412ef2994146b9c7d8d43eba6d0dc113f
e8ffffff43b65bfef894408f3f47df89dd79976d8b22255e83aff341f1d4c786
e9ffffff428f7f3fd7e094f1b344a20fa804054701d8ae3f7a1bfadd12cd7dcd
eaffffff4168a280b72ce95427416495728e7320788f37207088027833c63414
ebffffff4041c5c196793db69b3e271b3d18e0f9ef45c00166f40a1354beea5b
ecffffff3f1ae90275c592190f3ae9a107a34ed365fc48e25d6011ae75b7a0a2
edffffff3df40c435511e67b8337ac26d22dbcacdcb2d1c353cc194996b056e9
eeffffff3ccd2f84345e3addf7346eac9cb82a8653695aa44a3820e4b7a90d30
efffffff3ba652c513aa8f406b3131326742985fca1fe38540a4287fd8a1c377
f0ffffff3a7f7605f2f6e3a2df2df3b831cd063940d66c663710301af99a79be
f1ffffff39589946d2433805532ab63dfc577412b78cf5472d7c37b61a933005
f2ffffff3831bc87b18f8c67c72778c3c6e1e1ec2e437e2823e83f513b8be64c
f3ffffff370adfc890dbe0ca3b243b49916c4fc5a4fa07091a5446ec5c849c93
f4ffffff35e403097028352caf20fdcf5bf6bd9f1bb08fea10c04e877d7d52da
f5ffffff34bd264a4f74898f231dc05526812b78926718cb072c56229e760921
f6ffffff3396498b2ec0ddf1971a82daf10b9952091da1abfd985dbdbf6ebf68
f7ffffff326f6ccc0e0d32540b174560bb96072b7fd42a8cf4046558e06775af
f8ffffff3148900ced5986b67f1407e686207504f68ab36dea706cf401602bf6
f9ffffff3021b34dcca5db18f310ca6c50aae2de6d413c4ee0dc748f2258e23d
faffffff2efad68eabf22f7b670d8cf21b3550b7e3f7c52fd7487c2a43519884
fbffffff2dd3f9cf8b3e83dddb0a4f77e5bfbe915aae4e10cdb483c5644a4ecb
fcffffff2cad1d106a8ad8404f0711fdb04a2c6ad164d6f1c4208b6085430512
fdffffff2b86405149d72ca2c303d4837ad49a44481b5fd2ba8c92fba63bbb59
feffffff2a5f63922923810537009709455f081dbed1e8b3b0f89a96c73471a0
ffffffff293886d3086fd567aafd598f0fe975f735887194a764a231e82d289a
[65777, 131385, 196765, 261927, 327184, 392744, 458190, 524015, 589519, 655379, 720764, 785818, 851485, 917175, 982834, 1048175, 1113654, 1179339, 1244527, 1310127, 1375827, 1441600, 1507476, 1573448, 1638752, 1704450, 1769965, 1835345, 1901336, 1967473, 2032815, 2098774, 2164539, 2230882, 2296576, 2362068, 2427773, 2493278, 2558879, 2624127, 2689908, 2755318, 2820512, 2886219, 2951571, 3017074, 3082502, 3147981, 3213050, 3278277, 3343486, 3408898, 3474308, 3539629, 3605255, 3670286, 3735713, 3801234, 3866765, 3932342, 3998021, 4064142, 4129851, 4195566, 4261217, 4327278, 4392854, 4458409, 4523871, 4589570, 4654706, 4720347, 4785563, 4850888, 4916022, 4981195, 5046626, 5111931, 5177463, 5243081, 5308170, 5373446, 5438733, 5504423, 5569928, 5634848, 5700552, 5766505, 5832132, 5897661, 5963017, 6028197, 6093537, 6159138, 6224356, 6289717, 6354885, 6420252, 6485809, 6550983, 6616328, 6682162, 6747635, 6812919, 6878580, 6944369, 7009769, 7075005, 7140858, 7206192, 7271219, 7336340, 7402015, 7467649, 7533850, 7599713, 7664960, 7730539, 7796024, 7861127, 7926585, 7992255, 8057606, 8123031, 8188498, 8254868, 8320452, 8386109, 8451922, 8517284, 8582643, 8648453, 8714045, 8780097, 8845845, 8911583, 8977586, 9043066, 9108719, 9174183, 9239396, 9304763, 9370208, 9435361, 9500858, 9566433, 9632360, 9698021, 9763360, 9828968, 9894352, 9959565, 10025217, 10090789, 10156062, 10221402, 10286622, 10352246, 10417837, 10482857, 10548461, 10613772, 10679441, 10744746, 10810027, 10875460, 10941064, 11007029, 11072504, 11138019, 11203813, 11269369, 11334470, 11400093, 11465827, 11531153, 11596572, 11661963, 11727514, 11793227, 11859099, 11925042, 11990914, 12056300, 12121952, 12187771, 12253158, 12318495, 12383708, 12449283, 12515530, 12581047, 12646615, 12712173, 12777391, 12842613, 12908540, 12973810, 13038974, 13104945, 13169978, 13235399, 13300796, 13366521, 13432034, 13497631, 13563195, 13629118, 13695018, 13761127, 13826716, 13892138, 13957736, 14023355, 14088378, 14153997, 14219393, 14285573, 14350695, 14416804, 14482612, 14548413, 14613830, 14679657, 14745289, 14811043, 14876711, 14942208, 15007813, 15073195, 15139001, 15204084, 15269606, 15335307, 15400468, 15466131, 15531850, 15597878, 15663565, 15729006, 15794666, 15860356, 15925941, 15991436, 16056805, 16122335, 16187636, 16253347, 16318876, 16384193, 16449739, 16515020, 16580306, 16645675, 16711208, 16777215]
[65378, 130877, 196386, 262258, 327638, 392595, 457900, 523339, 588850, 654257, 719903, 785104, 850880, 916496, 981982, 1047239, 1112616, 1177938, 1243213, 1308702, 1374113, 1439688, 1505120, 1570607, 1636577, 1702340, 1768117, 1833092, 1898910, 1964540, 2030307, 2096116, 2161670, 2226976, 2292514, 2358151, 2423761, 2489886, 2555430, 2620684, 2686525, 2752032, 2817975, 2883585, 2948992, 3014403, 3079437, 3144823, 3210479, 3275731, 3341139, 3407070, 3472905, 3538390, 3604106, 3669894, 3735312, 3800680, 3866324, 3932087, 3997291, 4062937, 4128287, 4193876, 4259452, 4324573, 4390279, 4456164, 4521599, 4587482, 4652759, 4718101, 4783711, 4849338, 4914871, 4980121, 5046183, 5110977, 5176766, 5242629, 5308146, 5373695, 5439135, 5505040, 5570689, 5636185, 5701824, 5767249, 5832717, 5898033, 5963624, 6029171, 6094848, 6160319, 6225724, 6291210, 6356758, 6422648, 6488193, 6554175, 6619623, 6685770, 6751527, 6816917, 6882384, 6947755, 7013259, 7078845, 7144433, 7209900, 7275615, 7341272, 7406942, 7472369, 7538162, 7603978, 7669355, 7734764, 7800204, 7865593, 7930777, 7995959, 8061755, 8127386, 8193197, 8258412, 8323865, 8389437, 8454905, 8520209, 8585485, 8650953, 8716705, 8782437, 8847789, 8913564, 8979390, 9045428, 9110790, 9176381, 9242556, 9308200, 9373493, 9439323, 9504823, 9570199, 9635563, 9701253, 9766401, 9832493, 9898281, 9963292, 10028827, 10094570, 10159974, 10224986, 10290569, 10356373, 10421867, 10487508, 10553195, 10618359, 10683522, 10749519, 10815013, 10880330, 10946147, 11011434, 11076850, 11141698, 11206925, 11272664, 11338263, 11403185, 11469123, 11534704, 11599853, 11665123, 11730403, 11795731, 11861000, 11926487, 11992089, 12057694, 12123123, 12188235, 12253540, 12319099, 12384802, 12450273, 12515483, 12581012, 12647050, 12712551, 12777999, 12843492, 12909336, 12975002, 13040438, 13105727, 13171695, 13236640, 13302595, 13367468, 13432954, 13498731, 13564142, 13629833, 13695533, 13761282, 13826902, 13892204, 13958296, 14023978, 14089858, 14155111, 14221187, 14286804, 14352477, 14418195, 14483697, 14549591, 14615285, 14680850, 14746576, 14812139, 14877464, 14943154, 15008742, 15073953, 15139419, 15205142, 15270546, 15335989, 15401441, 15466809, 15532449, 15597537, 15662946, 15728230, 15793510, 15859405, 15924813, 15990400, 16055914, 16121557, 16186984, 16252681, 16318077, 16383730, 16449652, 16514648, 16580208, 16645748, 16711363, 16777215]
[65604, 131151, 196355, 261682, 326971, 392620, 458042, 523667, 589294, 654158, 719223, 784551, 850008, 914963, 980306, 1045862, 1111300, 1176886, 1242617, 1307949, 1373572, 1439092, 1504415, 1569921, 1635279, 1700805, 1766451, 1831779, 1897646, 1963242, 2028153, 2093483, 2158693, 2223805, 2289264, 2355229, 2420566, 2485856, 2551097, 2616555, 2681861, 2746927, 2812482, 2878184, 2943764, 3009400, 3075043, 3140465, 3205904, 3271160, 3336859, 3402538, 3468292, 3533495, 3598658, 3664334, 3729970, 3795755, 3861476, 3927488, 3992897, 4058128, 4124085, 4189966, 4255295, 4320703, 4386503, 4452014, 4517344, 4582824, 4648289, 4713647, 4778875, 4844523, 4909707, 4975524, 5041595, 5107212, 5172605, 5238218, 5303831, 5369728, 5435648, 5501323, 5566847, 5632413, 5698035, 5763507, 5829075, 5895199, 5960399, 6025979, 6091746, 6157239, 6222698, 6288452, 6354037, 6419561, 6485423, 6550876, 6616157, 6681529, 6747102, 6812663, 6878255, 6943570, 7009535, 7075052, 7140777, 7206310, 7271769, 7337176, 7403146, 7468450, 7534487, 7599662, 7664971, 7730619, 7796682, 7862419, 7928039, 7993926, 8059501, 8125073, 8191063, 8256530, 8322128, 8387346, 8453053, 8518783, 8584383, 8649754, 8715724, 8781127, 8846457, 8911776, 8976842, 9042231, 9107607, 9173633, 9238927, 9304304, 9370331, 9435916, 9501637, 9567691, 9633146, 9698580, 9763845, 9829808, 9895193, 9960075, 10025399, 10091308, 10156757, 10222398, 10287890, 10353157, 10419208, 10484739, 10550617, 10616131, 10682245, 10747432, 10813298, 10878869, 10944459, 11010450, 11075745, 11140997, 11206663, 11272552, 11338083, 11403978, 11469454, 11534998, 11600763, 11665974, 11731807, 11797041, 11862254, 11927543, 11993080, 12058263, 12123327, 12188734, 12254356, 12319832, 12385271, 12451166, 12516918, 12582272, 12647734, 12713386, 12779123, 12844788, 12910401, 12976166, 13041825, 13107098, 13172203, 13238213, 13303594, 13369116, 13434506, 13499957, 13565511, 13631426, 13696916, 13762723, 13828051, 13893799, 13959021, 14024924, 14090386, 14155650, 14221390, 14287219, 14352700, 14418144, 14483673, 14549060, 14614513, 14680167, 14745734, 14811379, 14876965, 14942775, 15007974, 15073641, 15139259, 15204721, 15270286, 15335867, 15401160, 15466785, 15532358, 15598105, 15663673, 15729294, 15794727, 15860505, 15926105, 15991608, 16057305, 16123112, 16188640, 16254062, 16319546, 16385323, 16450876, 16516034, 16581179, 16646265, 16711938, 16777215]
[65158, 130955, 196377, 262276, 328069, 393470, 458991, 524425, 589833, 655608, 721239, 787022, 852608, 918394, 983896, 1049362, 1115082, 1180759, 1245825, 1311298, 1376912, 1442455, 1507439, 1572679, 1638375, 1703827, 1769076, 1834991, 1900347, 1965569, 2031460, 2097250, 2162523, 2228133, 2293172, 2359116, 2424274, 2489947, 2555448, 2620934, 2686600, 2751843, 2817631, 2883404, 2948832, 3014352, 3079827, 3144811, 3210088, 3275635, 3341047, 3406810, 3472421, 3538531, 3604356, 3669845, 3735208, 3800952, 3867007, 3932790, 3998121, 4063733, 4129098, 4194397, 4260221, 4325361, 4390603, 4455546, 4521493, 4587013, 4652406, 4717944, 4783369, 4848731, 4914013, 4979519, 5045401, 5110880, 5176435, 5242086, 5307628, 5373527, 5439377, 5504646, 5570442, 5635776, 5701079, 5766608, 5832442, 5898010, 5963236, 6028902, 6095000, 6160704, 6226623, 6292129, 6357799, 6423325, 6488832, 6554540, 6620171, 6685713, 6750727, 6816178, 6881522, 6946976, 7012549, 7077395, 7142569, 7208293, 7273995, 7339420, 7405555, 7471250, 7536474, 7602135, 7667910, 7733310, 7799173, 7864550, 7930787, 7996059, 8061884, 8127263, 8192745, 8258249, 8323765, 8389141, 8454847, 8520338, 8585935, 8651500, 8717184, 8782364, 8848288, 8913819, 8979139, 9044963, 9110539, 9175717, 9241503, 9307127, 9372693, 9437780, 9503417, 9569334, 9634795, 9700445, 9766414, 9832758, 9898138, 9964129, 10029847, 10095201, 10161154, 10226313, 10291605, 10357263, 10422693, 10488344, 10553712, 10619343, 10685320, 10750722, 10816533, 10882045, 10947767, 11013091, 11078196, 11143671, 11209452, 11275120, 11340568, 11406309, 11471671, 11537451, 11603232, 11668755, 11734388, 11799690, 11865704, 11931449, 11996741, 12061872, 12127141, 12192571, 12257960, 12324027, 12389539, 12455569, 12521108, 12586444, 12651292, 12716693, 12781896, 12847352, 12913012, 12978426, 13044469, 13109906, 13175085, 13240224, 13305764, 13371725, 13437554, 13502484, 13568405, 13633724, 13699031, 13764411, 13830119, 13895959, 13961496, 14026929, 14092342, 14157795, 14222584, 14288071, 14354188, 14419659, 14485230, 14550929, 14616419, 14681684, 14747114, 14812582, 14878454, 14944090, 15009710, 15075322, 15140956, 15206475, 15271712, 15337054, 15402040, 15467732, 15533268, 15598999, 15664764, 15730756, 15796191, 15861403, 15926836, 15992115, 16057628, 16122940, 16188480, 16254045, 16319595, 16384632, 16450074, 16515143, 16580687, 16646133, 16711567, 16777215]
[65834, 131175, 196681, 262339, 328163, 394259, 459365, 525144, 590467, 655925, 721272, 786628, 851745, 916506, 981834, 1047597, 1113436, 1178735, 1244388, 1309843, 1374787, 1440732, 1506706, 1572089, 1637520, 1703184, 1768449, 1834153, 1899608, 1964777, 2030493, 2096144, 2161217, 2226650, 2292353, 2357363, 2422846, 2488926, 2554274, 2619999, 2685632, 2750890, 2816611, 2881954, 2946993, 3012452, 3078062, 3144185, 3209249, 3274564, 3340113, 3405420, 3470531, 3535899, 3601582, 3667310, 3732916, 3798465, 3863687, 3929222, 3995268, 4060479, 4126103, 4192056, 4257903, 4323429, 4389111, 4454420, 4519580, 4585317, 4650447, 4716265, 4781648, 4847034, 4912141, 4977716, 5042978, 5108657, 5174511, 5239749, 5305070, 5370354, 5435449, 5501004, 5566272, 5631747, 5697675, 5763474, 5829060, 5894750, 5959894, 6025972, 6092057, 6157195, 6222196, 6287777, 6353800, 6419467, 6485410, 6550715, 6616207, 6681700, 6746972, 6812593, 6878087, 6943599, 7009154, 7074340, 7139981, 7205603, 7271367, 7337042, 7402562, 7468262, 7533756, 7599221, 7665146, 7730615, 7796095, 7862131, 7927665, 7993699, 8059117, 8124494, 8190305, 8255797, 8321101, 8386644, 8452270, 8517415, 8583133, 8648725, 8714690, 8780390, 8845838, 8911560, 8976945, 9042265, 9107759, 9172837, 9238181, 9303983, 9369317, 9435126, 9500543, 9565985, 9631414, 9696958, 9762255, 9827927, 9893713, 9959186, 10024501, 10089822, 10155105, 10220662, 10286688, 10352330, 10417471, 10482939, 10548451, 10614437, 10680187, 10746126, 10811879, 10877471, 10942762, 11008014, 11073839, 11139447, 11205146, 11270983, 11336018, 11401648, 11467293, 11532819, 11598813, 11664412, 11730033, 11795732, 11861375, 11926935, 11992376, 12057802, 12123114, 12188900, 12254627, 12320012, 12385546, 12450962, 12516370, 12581893, 12647398, 12712908, 12778425, 12843680, 12909538, 12975055, 13040528, 13106016, 13171289, 13237003, 13302399, 13368007, 13433051, 13498625, 13564320, 13629576, 13695305, 13761033, 13826654, 13892287, 13957731, 14023140, 14088693, 14153833, 14219403, 14284762, 14350068, 14415884, 14481624, 14547292, 14612658, 14678631, 14744511, 14810014, 14875656, 14941251, 15006874, 15072318, 15137849, 15203618, 15269078, 15334665, 15400175, 15465515, 15531631, 15597410, 15663087, 15729013, 15794242, 15859847, 15925560, 15991532, 16057199, 16123087, 16188438, 16253890, 16319667, 16385138, 16450372, 16515839, 16581170, 16646725, 16711777, 16777215]
[65696, 131203, 196596, 262029, 327806, 393679, 459316, 524692, 589933, 655327, 720807, 786273, 852272, 918104, 984083, 1049716, 1115268, 1180358, 1245771, 1311711, 1376813, 1442443, 1508300, 1573680, 1639115, 1704425, 1769824, 1835709, 1901493, 1966592, 2032374, 2098388, 2163957, 2229517, 2294970, 2360368, 2425550, 2491367, 2556805, 2622119, 2687326, 2753284, 2818541, 2884335, 2950359, 3016115, 3081402, 3146856, 3212756, 3278690, 3344157, 3409814, 3475747, 3541109, 3606445, 3671636, 3736972, 3802379, 3867625, 3933030, 3999074, 4065048, 4130238, 4195446, 4260668, 4326381, 4391504, 4457000, 4522091, 4587392, 4652971, 4718412, 4784273, 4849646, 4915805, 4981488, 5047168, 5112541, 5178204, 5243601, 5308846, 5374472, 5440108, 5505849, 5571637, 5637175, 5702628, 5768219, 5833855, 5899365, 5964878, 6030590, 6096160, 6161443, 6227119, 6292229, 6357508, 6423092, 6488969, 6554554, 6620255, 6685754, 6751620, 6816969, 6882511, 6947807, 7013520, 7078743, 7144101, 7209530, 7275065, 7340705, 7406009, 7471391, 7536764, 7602583, 7668191, 7733275, 7798483, 7863844, 7929134, 7994340, 8060094, 8125248, 8191542, 8257251, 8322691, 8387885, 8453285, 8518977, 8584427, 8650012, 8715762, 8780709, 8846417, 8911832, 8977488, 9043021, 9108456, 9174212, 9239090, 9304175, 9369523, 9435452, 9500925, 9566770, 9632299, 9697666, 9763027, 9828671, 9894136, 9959523, 10024889, 10090448, 10155925, 10221141, 10287158, 10352495, 10417905, 10483035, 10548663, 10614135, 10679953, 10745778, 10811162, 10876374, 10942448, 11007775, 11073081, 11138739, 11204238, 11269771, 11334994, 11400618, 11466425, 11532263, 11598392, 11664154, 11729701, 11794788, 11860591, 11926135, 11991724, 12057700, 12123510, 12189098, 12254406, 12320262, 12386008, 12451244, 12516916, 12582699, 12647924, 12713435, 12778782, 12844595, 12910549, 12976329, 13041984, 13107474, 13173190, 13238387, 13303736, 13369388, 13434356, 13500084, 13565564, 13631454, 13697205, 13762700, 13828004, 13893798, 13959568, 14024978, 14090322, 14155859, 14221184, 14286917, 14351999, 14417594, 14483125, 14548815, 14614269, 14679519, 14744840, 14810026, 14875518, 14940917, 15006772, 15072265, 15137869, 15203147, 15269052, 15335148, 15400927, 15466666, 15532570, 15598655, 15664581, 15730111, 15795177, 15860338, 15926112, 15990798, 16056512, 16121899, 16187344, 16252663, 16318336, 16384148, 16450045, 16515426, 16580997, 16646216, 16711646, 16777215]
[65386, 130674, 196407, 262082, 327131, 392720, 458487, 523661, 589008, 654608, 720622, 786244, 852021, 917261, 982885, 1048563, 1113750, 1179188, 1244835, 1310365, 1375569, 1440970, 1506700, 1572630, 1638189, 1703463, 1769434, 1834829, 1900161, 1965112, 2030708, 2096485, 2162243, 2227998, 2293178, 2358756, 2424197, 2490160, 2555701, 2621013, 2686458, 2752113, 2817494, 2883152, 2948860, 3014382, 3079830, 3144491, 3210034, 3275276, 3341091, 3406492, 3471835, 3537293, 3602923, 3668396, 3733588, 3798858, 3864747, 3930044, 3995598, 4061018, 4127066, 4192575, 4258503, 4323931, 4389662, 4454801, 4520112, 4585694, 4651169, 4717201, 4782909, 4848318, 4913508, 4978748, 5044727, 5110560, 5176157, 5241868, 5307242, 5373058, 5438408, 5504745, 5570534, 5636000, 5701447, 5767059, 5832742, 5898111, 5963351, 6028994, 6094310, 6160207, 6225634, 6291034, 6356357, 6421880, 6487229, 6552754, 6618507, 6684010, 6749904, 6816126, 6881801, 6947218, 7012673, 7078004, 7143765, 7209354, 7275294, 7340715, 7406433, 7471969, 7537759, 7603541, 7669330, 7734979, 7800683, 7866164, 7932042, 7997971, 8063453, 8128608, 8194050, 8259623, 8325270, 8390986, 8456168, 8521794, 8587065, 8652636, 8718194, 8783843, 8849372, 8915334, 8980922, 9046438, 9112218, 9177472, 9242721, 9308169, 9373823, 9439543, 9505282, 9570664, 9635980, 9701517, 9767300, 9832816, 9898108, 9963921, 10029534, 10095122, 10160902, 10226637, 10292463, 10357727, 10423433, 10489000, 10554609, 10620298, 10685544, 10751169, 10816642, 10881960, 10947107, 11012362, 11077599, 11142917, 11209352, 11274880, 11340218, 11405552, 11471063, 11537048, 11602307, 11667669, 11733360, 11798895, 11864672, 11930304, 11995776, 12061619, 12127075, 12192862, 12258323, 12323588, 12388991, 12454508, 12519925, 12585702, 12651405, 12716686, 12782216, 12847747, 12913392, 12977787, 13043003, 13108790, 13174522, 13239560, 13305373, 13370705, 13436384, 13501888, 13567026, 13632770, 13698209, 13763514, 13828773, 13894426, 13960149, 14025477, 14090601, 14155984, 14221197, 14286867, 14352062, 14417339, 14482632, 14548590, 14614006, 14679669, 14745205, 14810421, 14875690, 14941263, 15006658, 15072369, 15137741, 15203237, 15268802, 15334695, 15400339, 15466240, 15531404, 15596704, 15662478, 15727889, 15793491, 15859142, 15924916, 15990122, 16055549, 16121292, 16186748, 16252452, 16317777, 16383246, 16448798, 16514521, 16579900, 16645813, 16711287, 16777215]
[65500, 131028, 196808, 262721, 328319, 393683, 459273, 524627, 590248, 655731, 721384, 786269, 851793, 917350, 983351, 1048922, 1114538, 1179699, 1244923, 1310874, 1376223, 1441374, 1506579, 1572659, 1638101, 1703883, 1769115, 1834633, 1900546, 1965604, 2031161, 2096580, 2162245, 2228094, 2293493, 2359196, 2424506, 2490119, 2555644, 2621111, 2686798, 2753162, 2818572, 2884404, 2949692, 3015161, 3080929, 3146643, 3211707, 3277254, 3342390, 3408123, 3473179, 3538904, 3604681, 3670418, 3736311, 3801522, 3867665, 3932968, 3997948, 4063278, 4129035, 4194723, 4260236, 4325729, 4390855, 4456367, 4521952, 4587265, 4652668, 4718114, 4783830, 4849338, 4915523, 4981207, 5046677, 5112274, 5177637, 5243741, 5309448, 5375249, 5440979, 5506135, 5571700, 5637238, 5702620, 5767913, 5833193, 5898707, 5964068, 6029623, 6095068, 6160727, 6226128, 6291834, 6357176, 6422631, 6488235, 6554138, 6619076, 6684274, 6749573, 6814995, 6880666, 6946344, 7011952, 7077672, 7143382, 7208872, 7274011, 7339472, 7404573, 7470338, 7535539, 7601181, 7666957, 7732949, 7798237, 7863618, 7929220, 7995078, 8060489, 8125882, 8191645, 8257540, 8323086, 8388635, 8454000, 8519583, 8585096, 8650598, 8716311, 8781950, 8847532, 8913084, 8978781, 9044506, 9109922, 9175503, 9241347, 9307010, 9372809, 9438455, 9503951, 9569491, 9634811, 9700196, 9765924, 9831385, 9896451, 9962392, 10028058, 10093555, 10158761, 10224709, 10289998, 10355834, 10421091, 10486871, 10552425, 10618048, 10683700, 10749207, 10814523, 10880137, 10946034, 11011476, 11077289, 11143166, 11208740, 11273869, 11339678, 11404962, 11470615, 11535806, 11601751, 11667529, 11733292, 11799404, 11864774, 11930099, 11995750, 12061224, 12126586, 12192187, 12257630, 12322900, 12388483, 12454058, 12519745, 12585085, 12650905, 12715782, 12781420, 12846899, 12912570, 12977879, 13043272, 13108829, 13174327, 13239929, 13305593, 13371062, 13436105, 13501998, 13568032, 13633473, 13698729, 13764070, 13829497, 13895365, 13961060, 14026523, 14091781, 14157408, 14222632, 14288205, 14353789, 14419670, 14485285, 14551177, 14616388, 14682163, 14748115, 14813800, 14879047, 14944489, 15009894, 15075589, 15140799, 15206502, 15271896, 15337798, 15403626, 15469375, 15535136, 15600270, 15665923, 15731062, 15796429, 15861895, 15927475, 15992820, 16057338, 16122557, 16188052, 16253511, 16318633, 16384382, 16449307, 16514860, 16580478, 16646774, 16711799, 16777215]
[65772, 131266, 196722, 262290, 327903, 393461, 458981, 525113, 590392, 655897, 720878, 786376, 852031, 918044, 983371, 1049091, 1114631, 1180032, 1245430, 1311264, 1376744, 1442492, 1507953, 1573396, 1638306, 1703710, 1768968, 1834550, 1900377, 1966184, 2031936, 2097593, 2163076, 2228528, 2293936, 2359492, 2425358, 2491117, 2556545, 2621824, 2687121, 2752192, 2817958, 2883819, 2949385, 3015153, 3080710, 3145886, 3211158, 3276329, 3341729, 3407001, 3472454, 3538347, 3603897, 3669839, 3735547, 3801245, 3866906, 3932432, 3998125, 4063415, 4128760, 4194140, 4260143, 4325675, 4391413, 4456780, 4522912, 4589053, 4654488, 4720048, 4785529, 4851015, 4916329, 4981693, 5047323, 5112556, 5177965, 5243678, 5309710, 5375004, 5440629, 5506370, 5572097, 5638180, 5704192, 5769941, 5835510, 5901093, 5966923, 6032871, 6098342, 6164033, 6229471, 6295433, 6361020, 6426098, 6491873, 6557446, 6622497, 6688397, 6754210, 6819528, 6885520, 6951318, 7016639, 7082682, 7148426, 7214102, 7279560, 7345182, 7410366, 7475522, 7540769, 7606379, 7671258, 7736471, 7801934, 7867664, 7932973, 7998712, 8063923, 8129371, 8194628, 8260201, 8325605, 8391251, 8457128, 8522559, 8588222, 8653671, 8719214, 8784832, 8849961, 8915220, 8980618, 9045831, 9111540, 9176881, 9242450, 9307900, 9373377, 9438510, 9504100, 9569566, 9634891, 9700765, 9766368, 9831568, 9896902, 9962806, 10027982, 10093110, 10158732, 10224225, 10289953, 10355578, 10421350, 10486847, 10552593, 10618158, 10683535, 10749295, 10814800, 10880191, 10945862, 11011557, 11077343, 11142731, 11208028, 11273665, 11339390, 11404952, 11470607, 11536222, 11601868, 11667517, 11733346, 11799161, 11864718, 11930219, 11995932, 12061250, 12127038, 12192566, 12258324, 12323769, 12389235, 12454977, 12520637, 12585986, 12651921, 12717237, 12782776, 12848264, 12913855, 12979085, 13044121, 13109564, 13175306, 13240688, 13306318, 13371642, 13436938, 13502441, 13568132, 13633598, 13699106, 13764496, 13829873, 13895516, 13960993, 14026223, 14091729, 14157098, 14222844, 14288664, 14354221, 14419611, 14485337, 14551205, 14616375, 14682055, 14747545, 14812921, 14878182, 14943827, 15008952, 15074815, 15140449, 15205962, 15271109, 15336883, 15402539, 15467326, 15532901, 15598063, 15663707, 15729332, 15795071, 15860295, 15925484, 15991067, 16056840, 16122339, 16188020, 16253507, 16319254, 16384613, 16449917, 16515255, 16580703, 16646489, 16712016, 16777215]
[65261, 130442, 195819, 261028, 326427, 391734, 457107, 522881, 587968, 653576, 718736, 784370, 850362, 915899, 981279, 1046736, 1112265, 1177871, 1243057, 1308474, 1374499, 1439720, 1505119, 1570591, 1635883, 1701611, 1767274, 1832933, 1898205, 1964059, 2029295, 2094724, 2159800, 2225368, 2290528, 2355997, 2420821, 2486205, 2551422, 2616803, 2681850, 2747018, 2812281, 2878087, 2943636, 3009258, 3074577, 3140238, 3205715, 3271267, 3337022, 3402012, 3467682, 3533217, 3598721, 3664361, 3729572, 3795158, 3860723, 3926027, 3991902, 4057706, 4123152, 4188708, 4254616, 4320421, 4386507, 4451774, 4517422, 4582889, 4648411, 4714143, 4779723, 4845507, 4911225, 4976993, 5042372, 5108031, 5173735, 5239228, 5304433, 5369675, 5435497, 5501301, 5566623, 5632294, 5697784, 5763053, 5828204, 5893898, 5959069, 6024758, 6090279, 6155923, 6221736, 6287944, 6353321, 6419012, 6484194, 6550041, 6615630, 6680630, 6745892, 6811636, 6876855, 6941925, 7007504, 7072997, 7138707, 7203672, 7269533, 7334584, 7400002, 7465455, 7531369, 7597563, 7663012, 7729082, 7794831, 7860861, 7926300, 7991551, 8057046, 8122542, 8188346, 8253580, 8318877, 8384379, 8449562, 8514994, 8581001, 8646603, 8712119, 8777868, 8843533, 8909168, 8974881, 9040540, 9106081, 9171493, 9237285, 9302849, 9368317, 9433965, 9499350, 9564964, 9630484, 9695633, 9761262, 9826910, 9891990, 9957718, 10023478, 10089387, 10154746, 10220419, 10285467, 10350967, 10415960, 10481292, 10546620, 10612140, 10677701, 10743069, 10808530, 10874026, 10939665, 11005554, 11071523, 11136942, 11202450, 11267978, 11333583, 11400053, 11466077, 11531486, 11596902, 11662506, 11727919, 11793188, 11858816, 11924444, 11990322, 12056011, 12121792, 12187602, 12253456, 12319250, 12385224, 12450544, 12516226, 12582305, 12648049, 12713468, 12779285, 12845118, 12910476, 12975708, 13041621, 13107364, 13173057, 13238576, 13303598, 13369514, 13434968, 13500473, 13566051, 13631384, 13696583, 13762160, 13827977, 13893714, 13959604, 14025470, 14090862, 14156445, 14222255, 14287800, 14353072, 14418379, 14483797, 14548915, 14614537, 14679913, 14745701, 14811401, 14876954, 14942456, 15007811, 15073552, 15139273, 15204701, 15269953, 15335498, 15400994, 15466368, 15532272, 15597661, 15662870, 15728222, 15793560, 15859417, 15924925, 15990706, 16056304, 16121919, 16187518, 16252413, 16317676, 16383025, 16448878, 16514054, 16579953, 16645540, 16711552, 16777215]
[65377, 130988, 196343, 262015, 327291, 393172, 459141, 525197, 590786, 655976, 721464, 786830, 852557, 918211, 983224, 1049043, 1114228, 1179526, 1245118, 1310745, 1376215, 1441762, 1507649, 1572735, 1637724, 1703267, 1768794, 1834595, 1899823, 1965234, 2030739, 2095930, 2161543, 2226989, 2292761, 2358587, 2424275, 2489678, 2555034, 2620459, 2686071, 2751612, 2817118, 2882295, 2947871, 3013397, 3078585, 3144394, 3209913, 3275038, 3340763, 3406419, 3471704, 3536988, 3602859, 3668123, 3733812, 3799361, 3864815, 3930078, 3995976, 4061552, 4126913, 4192908, 4258099, 4323906, 4389854, 4455014, 4520609, 4586020, 4651661, 4717882, 4783654, 4849084, 4914403, 4979934, 5045703, 5111495, 5177071, 5242545, 5308458, 5374215, 5439963, 5505453, 5570935, 5636161, 5702128, 5767900, 5833549, 5898995, 5964361, 6030317, 6095777, 6161813, 6227180, 6292716, 6358111, 6423889, 6488918, 6554477, 6619999, 6685476, 6750881, 6816461, 6882281, 6947642, 7013435, 7078554, 7143931, 7209032, 7274257, 7339802, 7405295, 7470807, 7536311, 7602055, 7667423, 7733154, 7798328, 7863999, 7929504, 7995122, 8060794, 8126365, 8191784, 8257283, 8323000, 8388321, 8454023, 8519434, 8584782, 8650164, 8715432, 8780850, 8846922, 8912249, 8977688, 9043264, 9109201, 9174329, 9240099, 9305935, 9371564, 9437378, 9503465, 9568502, 9634247, 9700124, 9765282, 9830841, 9896336, 9961693, 10027144, 10092459, 10158258, 10224330, 10290114, 10355384, 10420922, 10486852, 10552091, 10617670, 10682957, 10748512, 10813690, 10879397, 10944853, 11010311, 11075714, 11141651, 11207248, 11272882, 11338574, 11403972, 11469357, 11535124, 11600665, 11666053, 11731515, 11796623, 11861679, 11927138, 11992763, 12058442, 12123390, 12188717, 12254274, 12319805, 12385244, 12451113, 12516608, 12581718, 12646977, 12712360, 12777879, 12843898, 12909487, 12975007, 13040589, 13105881, 13171275, 13237198, 13303087, 13368423, 13433941, 13499846, 13565232, 13630671, 13696346, 13762009, 13827265, 13892679, 13958133, 14023382, 14088908, 14154651, 14220203, 14285564, 14351189, 14416722, 14482168, 14548057, 14613399, 14679190, 14744999, 14810769, 14876333, 14941710, 15007279, 15073017, 15138781, 15204195, 15269648, 15335228, 15400727, 15466452, 15532248, 15597631, 15662927, 15728414, 15793795, 15859196, 15925176, 15990823, 16056292, 16122133, 16187483, 16253030, 16318726, 16383971, 16449449, 16515508, 16581304, 16646642, 16711724, 16777215]
[65670, 131609, 196916, 262519, 328284, 393622, 459192, 524308, 590142, 655599, 721390, 786876, 852223, 917718, 983811, 1049332, 1115216, 1180578, 1245965, 1311373, 1376546, 1442038, 1507775, 1573067, 1638625, 1704663, 1770180, 1835845, 1901552, 1966899, 2032327, 2097588, 2163144, 2228786, 2293989, 2359306, 2424973, 2490167, 2555661, 2621445, 2686916, 2752340, 2817579, 2882947, 2948643, 3014266, 3079776, 3144920, 3210270, 3275674, 3341112, 3406238, 3471790, 3537284, 3602596, 3667878, 3733290, 3799463, 3865424, 3931251, 3996360, 4061341, 4126700, 4192230, 4257058, 4322845, 4388157, 4453519, 4519286, 4584801, 4650258, 4716338, 4782097, 4847498, 4912928, 4978239, 5044099, 5109883, 5175343, 5240957, 5306640, 5372625, 5438070, 5503942, 5569234, 5634629, 5700236, 5765682, 5831207, 5897077, 5962550, 6028228, 6093622, 6159000, 6224593, 6290338, 6355404, 6421048, 6486677, 6552502, 6618164, 6683222, 6748896, 6814462, 6880407, 6946293, 7011609, 7077484, 7142913, 7208726, 7274280, 7340320, 7406094, 7472123, 7537645, 7602927, 7668270, 7733680, 7799653, 7865328, 7930837, 7996538, 8062016, 8127022, 8192109, 8257520, 8323429, 8388786, 8454204, 8519796, 8585505, 8651183, 8716436, 8782383, 8847880, 8913224, 8978729, 9044355, 9109795, 9175006, 9240824, 9306262, 9371689, 9437117, 9502911, 9568439, 9634448, 9699930, 9765596, 9830634, 9896208, 9961803, 10026960, 10093049, 10158760, 10224151, 10289850, 10355218, 10420759, 10486088, 10551493, 10617609, 10683040, 10748373, 10813841, 10879015, 10944671, 11009803, 11075115, 11140600, 11206116, 11271471, 11336868, 11402164, 11467818, 11533875, 11598867, 11664359, 11730223, 11795832, 11861468, 11926608, 11991986, 12057457, 12123331, 12188640, 12254468, 12319704, 12385118, 12450662, 12516033, 12581313, 12647141, 12712162, 12777378, 12842714, 12907939, 12973127, 13038990, 13104430, 13170028, 13235344, 13301536, 13367035, 13432607, 13498291, 13564250, 13629601, 13695090, 13760985, 13826379, 13892054, 13957573, 14023209, 14089045, 14154567, 14220161, 14285702, 14350938, 14416228, 14482010, 14547704, 14613525, 14679135, 14744379, 14810323, 14876398, 14941667, 15007601, 15073373, 15139101, 15204783, 15270554, 15335968, 15402136, 15468054, 15533659, 15599151, 15664351, 15729881, 15795779, 15861104, 15926686, 15992020, 16057300, 16122542, 16187961, 16253003, 16318510, 16383672, 16449135, 16514791, 16580768, 16646004, 16711630, 16777215]
[65759, 131421, 197061, 262574, 328075, 393725, 459429, 524951, 590451, 656315, 721888, 787961, 853568, 919022, 984338, 1049697, 1115607, 1181553, 1246764, 1312429, 1378071, 1443732, 1509685, 1574925, 1640485, 1705794, 1771371, 1836844, 1901946, 1967797, 2033153, 2098712, 2164841, 2230278, 2295894, 2361431, 2427294, 2493237, 2559030, 2624766, 2690064, 2755714, 2821167, 2886415, 2951573, 3016670, 3082063, 3147523, 3212982, 3278642, 3343989, 3409934, 3475642, 3541161, 3606529, 3672293, 3737482, 3802852, 3868914, 3934395, 3999573, 4065182, 4130640, 4195922, 4260837, 4326222, 4391980, 4457066, 4522024, 4587360, 4653282, 4718831, 4784361, 4850027, 4915664, 4981476, 5047350, 5112774, 5178443, 5243771, 5309693, 5375403, 5441082, 5506613, 5572114, 5637690, 5703698, 5769405, 5834899, 5900187, 5965981, 6031620, 6097247, 6163059, 6228858, 6294366, 6360367, 6426170, 6490972, 6556396, 6621721, 6687093, 6752981, 6818290, 6883705, 6949281, 7014308, 7080122, 7146242, 7211827, 7277243, 7342534, 7408464, 7473398, 7539052, 7604273, 7669477, 7734945, 7800149, 7865696, 7931529, 7996791, 8062252, 8127514, 8192726, 8258353, 8323674, 8389141, 8454634, 8519925, 8585267, 8650912, 8716155, 8781861, 8847374, 8912854, 8978131, 9043340, 9108648, 9174231, 9239883, 9304659, 9370357, 9436007, 9502039, 9568114, 9633819, 9699541, 9764958, 9830441, 9896169, 9962476, 10027735, 10093335, 10158424, 10223614, 10289259, 10354505, 10420006, 10485406, 10550620, 10616214, 10681924, 10747328, 10813022, 10878295, 10943565, 11009145, 11074027, 11139497, 11204955, 11270892, 11336402, 11401964, 11467528, 11532930, 11598081, 11663688, 11729299, 11795437, 11860897, 11926240, 11991930, 12057589, 12123330, 12188928, 12254603, 12320250, 12385576, 12450931, 12516710, 12581983, 12648044, 12713542, 12779315, 12844851, 12910747, 12976511, 13041506, 13107075, 13172452, 13238055, 13303538, 13369410, 13434972, 13500291, 13565326, 13630699, 13696556, 13761991, 13827941, 13892966, 13958872, 14024331, 14089675, 14155864, 14221012, 14286024, 14351623, 14416863, 14482705, 14548726, 14614371, 14680034, 14745326, 14810679, 14876820, 14942967, 15008768, 15074235, 15140038, 15205470, 15270973, 15336700, 15402200, 15467353, 15532777, 15598679, 15664382, 15729629, 15795151, 15860890, 15926152, 15991690, 16057114, 16122825, 16188355, 16253793, 16318944, 16384443, 16449844, 16515502, 16580725, 16646092, 16711586, 16777215]
[65665, 131486, 196643, 261992, 327302, 392920, 458362, 524115, 589227, 655120, 720226, 785459, 851105, 916746, 982403, 1047733, 1113088, 1178920, 1244657, 1310085, 1375593, 1441108, 1506555, 1572091, 1637889, 1703149, 1768912, 1834460, 1900043, 1965489, 2030965, 2096926, 2162473, 2227530, 2293206, 2358879, 2424626, 2490074, 2555108, 2620530, 2685976, 2751384, 2817235, 2882438, 2947783, 3013676, 3079369, 3145021, 3210093, 3275794, 3341721, 3407114, 3472774, 3538155, 3603814, 3668956, 3734797, 3800129, 3865929, 3931364, 3997077, 4062729, 4128287, 4193976, 4259832, 4325320, 4391310, 4456926, 4522215, 4587398, 4652590, 4718484, 4784460, 4850084, 4915619, 4980970, 5046647, 5112508, 5178512, 5243754, 5308903, 5374245, 5439810, 5505200, 5570690, 5636242, 5701964, 5767891, 5833511, 5899204, 5964316, 6029871, 6095541, 6161459, 6226996, 6292145, 6358211, 6423580, 6488793, 6554220, 6619576, 6685148, 6750877, 6816228, 6881919, 6947091, 7012248, 7077650, 7143883, 7209324, 7274394, 7339692, 7405556, 7471215, 7536707, 7601969, 7667853, 7733525, 7799522, 7864756, 7930504, 7996214, 8061911, 8127494, 8192846, 8258080, 8323814, 8389667, 8455035, 8520581, 8586539, 8652598, 8718153, 8783093, 8848481, 8914084, 8979773, 9044999, 9110950, 9176404, 9241982, 9307358, 9372511, 9437964, 9503542, 9569127, 9634602, 9700110, 9765526, 9830796, 9896449, 9962144, 10027251, 10092993, 10158520, 10224277, 10289770, 10355213, 10420975, 10486571, 10552413, 10617833, 10683467, 10748885, 10814628, 10880461, 10945883, 11011224, 11077016, 11142069, 11207701, 11272736, 11338346, 11403500, 11468962, 11534817, 11600255, 11665933, 11731718, 11797106, 11862866, 11928519, 11994141, 12059920, 12125343, 12190623, 12256147, 12322180, 12387429, 12452784, 12518116, 12583377, 12648644, 12714482, 12780025, 12845692, 12911598, 12977135, 13042613, 13107975, 13173637, 13239201, 13304827, 13370559, 13436259, 13501609, 13567302, 13632638, 13697934, 13763765, 13829176, 13894570, 13959825, 14025567, 14091338, 14157159, 14222172, 14287771, 14353380, 14419032, 14484220, 14549934, 14615230, 14680116, 14745746, 14811110, 14876874, 14942420, 15008178, 15074296, 15140264, 15205831, 15271211, 15336216, 15402014, 15467504, 15533259, 15598829, 15664606, 15729853, 15795311, 15860547, 15926446, 15992113, 16057747, 16123527, 16188719, 16253598, 16319046, 16384830, 16450222, 16515865, 16581231, 16646652, 16711805, 16777215]
[65708, 131203, 196996, 261923, 327421, 392799, 458655, 524054, 589790, 655602, 721015, 786330, 851793, 917333, 982865, 1048615, 1114051, 1179775, 1245367, 1310417, 1376014, 1441865, 1507198, 1573238, 1638468, 1703596, 1769400, 1834938, 1900497, 1965677, 2031527, 2097053, 2162816, 2227935, 2293277, 2358510, 2423967, 2489789, 2555176, 2620438, 2685787, 2751123, 2816743, 2881833, 2947389, 3013197, 3078245, 3143743, 3209157, 3274717, 3340127, 3405223, 3470432, 3536159, 3601597, 3667122, 3732601, 3798195, 3863984, 3929865, 3995744, 4061132, 4126675, 4192174, 4257530, 4322980, 4388629, 4453993, 4519708, 4585252, 4650682, 4715834, 4781309, 4846873, 4912518, 4978012, 5043275, 5108878, 5174093, 5239830, 5305171, 5370479, 5435738, 5501343, 5566734, 5632343, 5697830, 5763951, 5829301, 5894767, 5960565, 6026121, 6091308, 6156853, 6222369, 6288137, 6353495, 6419241, 6484943, 6551125, 6616564, 6682488, 6747678, 6813456, 6878759, 6944465, 7010160, 7075885, 7141646, 7207157, 7272679, 7338375, 7403941, 7469176, 7535394, 7600974, 7666359, 7731873, 7797110, 7862716, 7928438, 7993900, 8058787, 8124391, 8189825, 8255474, 8321689, 8387241, 8453184, 8518414, 8583948, 8649270, 8714642, 8779938, 8845278, 8910651, 8975684, 9040731, 9106150, 9171705, 9237135, 9302714, 9367759, 9432978, 9498164, 9563373, 9628819, 9693822, 9759455, 9825188, 9890764, 9956517, 10021954, 10087468, 10153480, 10218776, 10283619, 10349278, 10414915, 10480395, 10546000, 10611572, 10676602, 10742049, 10807905, 10873434, 10939410, 11004589, 11070218, 11135914, 11201381, 11266969, 11332452, 11398473, 11464517, 11530361, 11595739, 11661218, 11726670, 11792284, 11858036, 11923570, 11989163, 12055322, 12120726, 12186293, 12252010, 12317336, 12382990, 12448057, 12513507, 12579319, 12644975, 12710581, 12775964, 12841648, 12907624, 12973418, 13038863, 13104586, 13170230, 13235579, 13301254, 13366708, 13431898, 13497274, 13563005, 13628939, 13694503, 13759673, 13825710, 13891424, 13956752, 14022646, 14088662, 14154312, 14219558, 14285169, 14350215, 14415980, 14481753, 14546902, 14612253, 14677674, 14743840, 14809543, 14874917, 14940422, 15005857, 15071528, 15137183, 15203022, 15268918, 15334702, 15400056, 15465707, 15531264, 15596768, 15662036, 15727516, 15793353, 15858511, 15924325, 15990139, 16055884, 16121432, 16186744, 16252596, 16318106, 16384097, 16449426, 16514851, 16580445, 16646120, 16711784, 16777215]
[65376, 131143, 196380, 261890, 327227, 393000, 458264, 523467, 589357, 655140, 720784, 786252, 851452, 916982, 981684, 1047500, 1113234, 1178818, 1244487, 1310432, 1375862, 1441338, 1507132, 1572347, 1637486, 1702943, 1768098, 1833617, 1898946, 1964405, 2029775, 2095465, 2161647, 2227677, 2293305, 2358560, 2424111, 2489318, 2555388, 2620677, 2685883, 2751449, 2817022, 2882618, 2948196, 3013648, 3079284, 3144813, 3210343, 3276334, 3341513, 3406779, 3472916, 3538705, 3604114, 3670183, 3735833, 3801728, 3867504, 3932930, 3998223, 4063758, 4129129, 4194280, 4260372, 4325499, 4391197, 4456988, 4522480, 4588109, 4653340, 4718722, 4783980, 4849581, 4915322, 4980539, 5046326, 5111450, 5176797, 5242007, 5307751, 5373016, 5438527, 5503736, 5569804, 5635490, 5700721, 5766227, 5831967, 5897557, 5962863, 6028028, 6093546, 6159415, 6224980, 6290599, 6356086, 6421734, 6486840, 6551956, 6617826, 6683536, 6748553, 6813949, 6879593, 6945126, 7010401, 7075744, 7141220, 7207170, 7272846, 7338357, 7403878, 7469862, 7535440, 7601089, 7666899, 7732279, 7797711, 7863392, 7928538, 7994198, 8059915, 8125197, 8190887, 8256508, 8322144, 8387378, 8453076, 8518743, 8584764, 8650037, 8714977, 8780434, 8845686, 8911107, 8976737, 9042495, 9108231, 9174368, 9240273, 9305876, 9371380, 9437211, 9502773, 9567788, 9632978, 9698531, 9763814, 9829286, 9894590, 9960067, 10025605, 10090929, 10155606, 10221308, 10286977, 10352661, 10418232, 10483494, 10548977, 10614178, 10679743, 10745389, 10810695, 10875878, 10941725, 11007505, 11073218, 11138706, 11204410, 11269893, 11335230, 11401036, 11466485, 11532194, 11597667, 11663230, 11729107, 11794492, 11860022, 11925552, 11990971, 12056006, 12121623, 12187308, 12252708, 12318116, 12383659, 12448615, 12513762, 12579440, 12644979, 12710881, 12776586, 12841874, 12907593, 12973198, 13039239, 13105010, 13170700, 13236669, 13302277, 13367993, 13433589, 13499410, 13565076, 13630920, 13696296, 13761903, 13827811, 13892885, 13958164, 14023885, 14089713, 14155328, 14221038, 14286260, 14351694, 14417677, 14483081, 14548849, 14614348, 14680383, 14746526, 14811646, 14877294, 14942848, 15008570, 15073582, 15139192, 15204329, 15270052, 15335271, 15401039, 15466061, 15531780, 15597350, 15663005, 15728746, 15794256, 15859354, 15924895, 15990541, 16056487, 16122505, 16187985, 16253186, 16318806, 16384689, 16450060, 16515630, 16580881, 16646361, 16711774, 16777215]
[65564, 131315, 197092, 262469, 327930, 393384, 458972, 524338, 590084, 655666, 721204, 786268, 851979, 917530, 983204, 1048806, 1114193, 1179676, 1245170, 1311129, 1376457, 1441824, 1507324, 1572931, 1638575, 1704240, 1769536, 1834783, 1900571, 1966599, 2032283, 2097484, 2163151, 2229177, 2294311, 2359969, 2425213, 2490486, 2556123, 2621351, 2687196, 2752633, 2818354, 2883841, 2949075, 3014632, 3080205, 3145636, 3211603, 3277025, 3342926, 3408299, 3473883, 3539062, 3605025, 3670444, 3736306, 3801837, 3867641, 3933049, 3998522, 4064172, 4129816, 4195343, 4260525, 4326118, 4391084, 4456639, 4522409, 4587746, 4652690, 4718185, 4783894, 4849011, 4915070, 4980677, 5046190, 5111850, 5177902, 5243188, 5308691, 5374345, 5440218, 5506013, 5571109, 5636737, 5702700, 5768226, 5833906, 5899613, 5965270, 6031207, 6096461, 6161956, 6227808, 6293777, 6359053, 6424619, 6490149, 6555393, 6620678, 6685987, 6751100, 6816866, 6882518, 6948242, 7013969, 7079401, 7145023, 7210728, 7275785, 7342117, 7407840, 7473270, 7539072, 7604508, 7670084, 7735658, 7801047, 7866826, 7932582, 7998202, 8063905, 8128964, 8195302, 8260357, 8325842, 8391307, 8457240, 8522421, 8587848, 8653260, 8719071, 8784573, 8850167, 8915944, 8981874, 9047512, 9112899, 9178333, 9243721, 9309347, 9375038, 9440738, 9506026, 9571157, 9636670, 9702004, 9767841, 9833595, 9898734, 9964191, 10029789, 10095625, 10161410, 10227101, 10292670, 10358100, 10423553, 10489310, 10554807, 10620712, 10685991, 10751407, 10816680, 10882108, 10947479, 11013511, 11078959, 11144594, 11209942, 11275597, 11341072, 11406627, 11472091, 11537936, 11603707, 11669674, 11735442, 11801150, 11866727, 11931963, 11997549, 12062843, 12128256, 12194154, 12259641, 12324944, 12389718, 12455531, 12521358, 12586602, 12652083, 12718131, 12783394, 12849171, 12914832, 12979650, 13044884, 13110702, 13176663, 13242300, 13308184, 13373434, 13438908, 13504396, 13570108, 13635401, 13701136, 13766100, 13831478, 13897293, 13963010, 14027947, 14093808, 14159155, 14224294, 14289906, 14355450, 14420715, 14485933, 14551602, 14617164, 14682580, 14748083, 14813438, 14878723, 14944504, 15009865, 15075526, 15140649, 15206315, 15271715, 15336866, 15402369, 15468104, 15534030, 15599984, 15665340, 15731053, 15796368, 15861409, 15927161, 15992337, 16058005, 16123200, 16188589, 16254233, 16319977, 16385198, 16450310, 16515480, 16580882, 16646252, 16711542, 16777215]
[65553, 130913, 196590, 262266, 328404, 393986, 459624, 525642, 591576, 656874, 722528, 787881, 853592, 919226, 984530, 1049961, 1115491, 1180863, 1246511, 1312118, 1377943, 1443464, 1509232, 1574849, 1640316, 1705934, 1771177, 1837056, 1902439, 1968308, 2033233, 2098885, 2164821, 2230396, 2295741, 2361267, 2426953, 2492071, 2557494, 2623186, 2688456, 2753762, 2819093, 2884328, 2950085, 3015923, 3081449, 3147109, 3212679, 3277697, 3343307, 3409108, 3474893, 3540051, 3605341, 3670519, 3736393, 3802011, 3867482, 3932324, 3997508, 4063239, 4128643, 4194258, 4259813, 4325041, 4390794, 4456215, 4521658, 4587155, 4653239, 4719284, 4785159, 4850757, 4916390, 4982090, 5047713, 5113545, 5179003, 5244883, 5310226, 5375531, 5440466, 5506208, 5571965, 5637347, 5702960, 5768569, 5834202, 5899196, 5964591, 6030435, 6096107, 6161225, 6227196, 6292718, 6358398, 6424127, 6489568, 6555469, 6621060, 6686666, 6751845, 6817724, 6883156, 6948862, 7014844, 7080477, 7146014, 7211720, 7277116, 7342843, 7408303, 7473793, 7539296, 7604853, 7670401, 7735762, 7801648, 7867464, 7932898, 7998277, 8064108, 8129574, 8194914, 8260418, 8325671, 8391055, 8456961, 8522320, 8587741, 8653444, 8719331, 8784577, 8850227, 8915909, 8980897, 9046324, 9112525, 9178271, 9243816, 9309279, 9374984, 9440283, 9505788, 9571412, 9637031, 9702297, 9767867, 9833144, 9898569, 9963994, 10029400, 10095018, 10160616, 10225880, 10291352, 10356995, 10422596, 10487915, 10553466, 10618989, 10684589, 10750048, 10815829, 10881568, 10947340, 11013417, 11079061, 11144640, 11210081, 11275317, 11340565, 11405854, 11471750, 11537419, 11602592, 11668492, 11734182, 11799587, 11865054, 11930828, 11996592, 12062538, 12128437, 12193927, 12259312, 12324981, 12390554, 12455638, 12520810, 12586020, 12651445, 12717169, 12782499, 12848215, 12913832, 12979260, 13045279, 13110879, 13176270, 13241773, 13307373, 13372894, 13438055, 13503276, 13568666, 13634177, 13699402, 13764835, 13830293, 13895847, 13961256, 14026924, 14092491, 14158125, 14223630, 14289155, 14354696, 14419760, 14485224, 14551290, 14616430, 14681735, 14746985, 14812703, 14878057, 14943718, 15009286, 15074946, 15140584, 15206254, 15271843, 15337643, 15403488, 15468797, 15533778, 15599545, 15664814, 15730059, 15795284, 15860624, 15926449, 15992012, 16057244, 16122343, 16187557, 16252941, 16318351, 16383612, 16449448, 16514724, 16580459, 16645878, 16711627, 16777215]
[65342, 130556, 196023, 261577, 327263, 392819, 458360, 523854, 589948, 655478, 721154, 786923, 852449, 917814, 983499, 1049103, 1114635, 1180410, 1246289, 1312424, 1377898, 1443162, 1508455, 1574070, 1639514, 1704679, 1770134, 1835920, 1901439, 1966971, 2031911, 2097611, 2162737, 2227937, 2293889, 2359093, 2424796, 2489979, 2555695, 2621153, 2686450, 2751613, 2817353, 2883236, 2948601, 3014185, 3079792, 3145584, 3211462, 3276978, 3342638, 3408382, 3473942, 3538995, 3604081, 3669989, 3735701, 3801155, 3866523, 3931969, 3997870, 4063607, 4129215, 4194467, 4259956, 4325535, 4391210, 4456597, 4521849, 4587348, 4652909, 4718276, 4783562, 4848804, 4914730, 4980609, 5046247, 5111507, 5176879, 5242549, 5308525, 5374243, 5440190, 5505819, 5571380, 5637063, 5702694, 5768672, 5834105, 5899958, 5965390, 6030831, 6096461, 6161973, 6227433, 6293037, 6358520, 6424246, 6489396, 6554939, 6620667, 6686182, 6751522, 6817311, 6882885, 6947911, 7013429, 7078617, 7144023, 7209464, 7275270, 7340955, 7406449, 7472291, 7537876, 7603803, 7669389, 7735378, 7800676, 7866168, 7931346, 7997002, 8062399, 8128082, 8193628, 8258945, 8324433, 8389979, 8455678, 8521588, 8587148, 8652441, 8718072, 8783815, 8849175, 8914508, 8980092, 9045367, 9110514, 9176066, 9241507, 9306994, 9372510, 9437601, 9503190, 9568336, 9633860, 9699783, 9765566, 9830943, 9896602, 9962154, 10027852, 10093095, 10158567, 10224211, 10289350, 10354828, 10420601, 10485958, 10551329, 10617173, 10683011, 10748655, 10814687, 10880123, 10945477, 11010868, 11076438, 11142289, 11207638, 11273604, 11339037, 11404935, 11470386, 11535887, 11601609, 11667393, 11732921, 11798924, 11864144, 11929693, 11995269, 12060675, 12125921, 12191441, 12257094, 12323079, 12388788, 12454020, 12519673, 12585718, 12651389, 12716463, 12781871, 12847524, 12912959, 12978151, 13043830, 13109414, 13174833, 13240641, 13306258, 13371823, 13437338, 13502912, 13568218, 13633874, 13698794, 13763924, 13829517, 13894725, 13959978, 14025108, 14090765, 14156111, 14221434, 14286871, 14352182, 14417955, 14483480, 14549207, 14614674, 14680751, 14746440, 14811945, 14877166, 14942896, 15008656, 15074332, 15139577, 15205185, 15270604, 15336421, 15402070, 15467946, 15533560, 15598928, 15664163, 15729418, 15794999, 15860585, 15925898, 15991368, 16056660, 16122305, 16187850, 16252874, 16318408, 16383499, 16448963, 16514456, 16579753, 16645374, 16711188, 16777215]
[65864, 131636, 197055, 262481, 327901, 393032, 458160, 523530, 589054, 654721, 720012, 785610, 851050, 916615, 982026, 1047346, 1113342, 1178698, 1244341, 1309940, 1375327, 1440789, 1506187, 1571561, 1637328, 1702869, 1768551, 1834023, 1899684, 1965332, 2030477, 2096206, 2162046, 2228111, 2293377, 2358895, 2424534, 2490470, 2556203, 2621521, 2687193, 2752462, 2817795, 2883085, 2949031, 3015355, 3080997, 3146846, 3212525, 3278070, 3343703, 3409590, 3475219, 3541118, 3606442, 3672213, 3737581, 3803018, 3868377, 3933973, 3999319, 4064735, 4129926, 4195335, 4260853, 4326178, 4391843, 4457783, 4523347, 4588962, 4654547, 4719746, 4785746, 4851001, 4916586, 4981917, 5047850, 5113877, 5179327, 5244582, 5310414, 5376607, 5442688, 5508420, 5573852, 5639584, 5704932, 5770575, 5836406, 5901688, 5966822, 6032464, 6097920, 6163222, 6228336, 6293826, 6359349, 6424910, 6490424, 6555801, 6621218, 6687235, 6752886, 6818630, 6884136, 6949400, 7014838, 7080590, 7145839, 7210897, 7276080, 7341731, 7406862, 7471790, 7537066, 7602821, 7668480, 7733925, 7799413, 7865068, 7930591, 7995440, 8061170, 8126575, 8192427, 8258364, 8323676, 8389256, 8454679, 8520479, 8586086, 8651475, 8716937, 8782053, 8847562, 8912755, 8978516, 9044119, 9109648, 9175445, 9241055, 9306758, 9372442, 9437824, 9503208, 9568879, 9634625, 9699929, 9765589, 9831109, 9896925, 9962339, 10028055, 10093409, 10159303, 10224637, 10289738, 10355449, 10421002, 10486341, 10551832, 10617531, 10682964, 10748719, 10814185, 10879557, 10945373, 11011112, 11076344, 11142137, 11207463, 11272908, 11338351, 11403415, 11468818, 11534329, 11599760, 11665100, 11730700, 11796099, 11861604, 11927049, 11992645, 12058415, 12124029, 12189552, 12255063, 12320520, 12386514, 12452139, 12517796, 12583086, 12648644, 12714141, 12779656, 12844921, 12910656, 12975853, 13041316, 13106695, 13172231, 13238009, 13303490, 13368909, 13434263, 13499668, 13565290, 13631314, 13696867, 13762639, 13827862, 13893691, 13959293, 14024922, 14090168, 14156103, 14221199, 14286318, 14351494, 14416659, 14482198, 14547625, 14612994, 14678309, 14743825, 14809614, 14875101, 14940554, 15006272, 15071973, 15137800, 15203292, 15268871, 15334572, 15400428, 15466059, 15531512, 15596963, 15662306, 15727876, 15793293, 15858449, 15923969, 15989442, 16055189, 16120767, 16186926, 16252117, 16317901, 16383448, 16449049, 16514519, 16580244, 16645882, 16711438, 16777215]
[65382, 130766, 196791, 262104, 328038, 393199, 458626, 524101, 589717, 655390, 721026, 786762, 852551, 917688, 983657, 1048788, 1114414, 1180534, 1246139, 1311771, 1377762, 1443271, 1509111, 1574334, 1639686, 1705151, 1771147, 1836792, 1902652, 1967955, 2033021, 2098972, 2164772, 2230061, 2295274, 2361098, 2426544, 2491553, 2556646, 2622149, 2687617, 2753155, 2818759, 2884061, 2949063, 3015191, 3080335, 3146372, 3212221, 3277783, 3343459, 3408633, 3474511, 3539774, 3605204, 3670668, 3736212, 3801848, 3867343, 3932998, 3998812, 4064191, 4129876, 4195964, 4261427, 4326455, 4392255, 4457807, 4523228, 4588999, 4653667, 4719091, 4784944, 4850610, 4916210, 4981762, 5047069, 5112685, 5178557, 5244219, 5309522, 5374714, 5440042, 5505691, 5571030, 5636588, 5702379, 5768090, 5833612, 5899372, 5964914, 6030582, 6096001, 6161595, 6227405, 6292772, 6358576, 6424013, 6489775, 6555357, 6621056, 6686993, 6752334, 6817927, 6883417, 6948506, 7013688, 7078980, 7144069, 7209828, 7275256, 7341033, 7406629, 7472230, 7537969, 7603604, 7669265, 7735068, 7800753, 7866329, 7932366, 7997938, 8063328, 8128763, 8194167, 8259434, 8324868, 8390163, 8455632, 8521086, 8587101, 8652592, 8718277, 8783600, 8849526, 8915032, 8980206, 9045927, 9112074, 9177479, 9243288, 9308804, 9374282, 9439592, 9504824, 9570371, 9635794, 9701421, 9767231, 9832942, 9898213, 9963756, 10029283, 10094660, 10159893, 10225247, 10290790, 10356738, 10422369, 10487603, 10553433, 10618812, 10683795, 10749195, 10814761, 10880363, 10945836, 11010982, 11076803, 11141904, 11207462, 11272858, 11338551, 11404400, 11469460, 11535588, 11601127, 11666780, 11732282, 11797713, 11863292, 11928963, 11994722, 12060300, 12125992, 12191401, 12256709, 12322586, 12388253, 12453901, 12519111, 12584487, 12649982, 12715325, 12780898, 12846307, 12911996, 12977665, 13043180, 13108621, 13174615, 13240189, 13305643, 13371126, 13436430, 13501751, 13567598, 13632691, 13697570, 13763351, 13828768, 13894884, 13960654, 14025983, 14091622, 14156988, 14222514, 14287619, 14353346, 14418652, 14484080, 14549687, 14615045, 14680733, 14745975, 14811480, 14876931, 14942400, 15008155, 15073574, 15138862, 15204464, 15270166, 15335529, 15400803, 15465981, 15531507, 15596600, 15662295, 15727378, 15793194, 15858768, 15924417, 15989905, 16056152, 16121865, 16187295, 16252944, 16318296, 16384025, 16449673, 16514985, 16580707, 16646295, 16711961, 16777215]
[65286, 130699, 195920, 261637, 326997, 392521, 457996, 523683, 589087, 654490, 719595, 785413, 851306, 917023, 982240, 1047658, 1113622, 1179328, 1244826, 1310406, 1375913, 1441407, 1506386, 1571228, 1637024, 1702162, 1767313, 1832897, 1898532, 1963870, 2029376, 2095221, 2161123, 2226595, 2291864, 2357058, 2422750, 2488428, 2554163, 2619933, 2685715, 2751358, 2816573, 2882372, 2947754, 3013481, 3079199, 3143982, 3209570, 3275413, 3340977, 3406370, 3472060, 3538073, 3604024, 3669150, 3734821, 3800167, 3865385, 3930647, 3995765, 4061320, 4126279, 4190874, 4256280, 4322137, 4387797, 4453351, 4519242, 4584623, 4650020, 4715694, 4780998, 4846419, 4912042, 4977524, 5043021, 5108140, 5174113, 5239758, 5304771, 5370215, 5435554, 5501432, 5567078, 5632677, 5697988, 5763350, 5829200, 5894625, 5960546, 6025806, 6091141, 6156801, 6221847, 6287000, 6352488, 6418086, 6483881, 6549297, 6614672, 6680023, 6746135, 6811780, 6877498, 6943024, 7008539, 7073948, 7139549, 7204967, 7270602, 7336509, 7402510, 7467961, 7533693, 7599130, 7665122, 7730564, 7796163, 7861411, 7927126, 7992576, 8058277, 8123864, 8189540, 8254783, 8320755, 8386372, 8452394, 8517572, 8582876, 8648727, 8714457, 8779814, 8845635, 8911392, 8977184, 9042875, 9108594, 9173823, 9239345, 9304881, 9370570, 9436055, 9502018, 9567323, 9633204, 9698695, 9764191, 9829737, 9895277, 9960525, 10026255, 10091357, 10157035, 10222506, 10288705, 10354631, 10420540, 10486079, 10551568, 10617247, 10682631, 10748537, 10814134, 10879423, 10944860, 11010605, 11075992, 11141203, 11207178, 11272624, 11338159, 11403483, 11469214, 11534539, 11600358, 11666102, 11731615, 11796998, 11862744, 11927961, 11993505, 12058768, 12124283, 12189761, 12255535, 12320846, 12386696, 12452253, 12517986, 12583357, 12648915, 12714850, 12780102, 12845772, 12911171, 12976973, 13042682, 13108206, 13173313, 13238863, 13304756, 13370339, 13436298, 13501805, 13567638, 13633018, 13698647, 13764062, 13829734, 13895087, 13960590, 14025850, 14091367, 14156396, 14222421, 14287861, 14353302, 14418825, 14484297, 14549813, 14615326, 14680825, 14746694, 14812162, 14877572, 14943195, 15008963, 15074549, 15139867, 15205023, 15270451, 15335878, 15401478, 15466822, 15532057, 15597152, 15662472, 15728308, 15793534, 15859019, 15924851, 15990365, 16055777, 16121260, 16186569, 16252163, 16318058, 16383741, 16449552, 16515203, 16580620, 16646115, 16711465, 16777215]
[65445, 130698, 196170, 261528, 327773, 393331, 459086, 524912, 590568, 656508, 722053, 787580, 852720, 918220, 983754, 1049227, 1115087, 1180818, 1246523, 1312145, 1378109, 1443807, 1509053, 1574567, 1640380, 1706016, 1771362, 1837105, 1902772, 1968477, 2033874, 2099268, 2164655, 2230047, 2295268, 2360632, 2425920, 2491034, 2555928, 2621356, 2686960, 2752788, 2818099, 2883921, 2949281, 3014950, 3080695, 3146306, 3211854, 3277415, 3343293, 3408559, 3474116, 3539317, 3604361, 3669751, 3735288, 3801153, 3866990, 3932659, 3998374, 4063890, 4129388, 4194836, 4260313, 4325362, 4390584, 4456109, 4522168, 4587509, 4653187, 4719104, 4784705, 4850919, 4916783, 4982204, 5047960, 5113461, 5178746, 5243713, 5308915, 5374433, 5439667, 5504939, 5570337, 5635677, 5701308, 5767167, 5832579, 5898170, 5963547, 6028844, 6094669, 6159790, 6225181, 6291031, 6356616, 6421987, 6487577, 6553329, 6619071, 6684822, 6750340, 6816191, 6881648, 6946806, 7012570, 7078289, 7143701, 7209350, 7274280, 7339561, 7405117, 7470798, 7536756, 7601995, 7667479, 7733374, 7798867, 7864154, 7929806, 7995467, 8061246, 8126399, 8191559, 8257187, 8323109, 8388711, 8454038, 8519101, 8584331, 8649583, 8715644, 8781602, 8847230, 8912591, 8978346, 9044370, 9109758, 9175763, 9241278, 9307069, 9372719, 9438142, 9503737, 9569145, 9634789, 9699812, 9765497, 9831210, 9896541, 9961861, 10027226, 10093066, 10158671, 10224156, 10289669, 10355021, 10420295, 10485642, 10551290, 10616830, 10681970, 10746869, 10812340, 10877411, 10942473, 11007893, 11073247, 11138829, 11204621, 11270366, 11335714, 11401216, 11466689, 11532359, 11598301, 11663410, 11729208, 11795092, 11860154, 11925677, 11991439, 12057075, 12122306, 12187847, 12253357, 12318611, 12384626, 12449909, 12515794, 12581246, 12646828, 12712447, 12778204, 12843908, 12909040, 12974483, 13039968, 13105112, 13170864, 13236376, 13301900, 13367896, 13433355, 13498990, 13564893, 13630246, 13695963, 13761336, 13826761, 13892128, 13957506, 14023165, 14088790, 14154144, 14220055, 14285520, 14351084, 14416447, 14481495, 14546739, 14612747, 14678014, 14743333, 14808640, 14873919, 14940057, 15005607, 15071076, 15136807, 15202243, 15267883, 15333091, 15398703, 15464754, 15530214, 15595852, 15661019, 15726397, 15791828, 15857489, 15922873, 15988517, 16053876, 16120106, 16185865, 16251197, 16316926, 16382447, 16448516, 16514220, 16580071, 16645754, 16711465, 16777215]
[65477, 131265, 196933, 262015, 327473, 393316, 459381, 524960, 590556, 655823, 721360, 787035, 853069, 919090, 984735, 1050644, 1116035, 1181244, 1246416, 1311837, 1376871, 1442299, 1508191, 1573577, 1639269, 1704739, 1770364, 1836136, 1901476, 1966755, 2032179, 2097924, 2163433, 2229307, 2294745, 2360404, 2426113, 2491806, 2557010, 2622865, 2688436, 2754329, 2820110, 2885836, 2950884, 3016240, 3081891, 3146867, 3212141, 3277849, 3343507, 3408868, 3474631, 3539719, 3605079, 3670639, 3736407, 3801771, 3866846, 3932580, 3998078, 4063470, 4129181, 4194598, 4260625, 4326118, 4391730, 4457749, 4523180, 4588651, 4654217, 4719402, 4785094, 4850442, 4916110, 4981396, 5047097, 5112507, 5177380, 5242760, 5308072, 5373306, 5438910, 5504708, 5570409, 5635885, 5701313, 5766448, 5831837, 5897260, 5962597, 6028021, 6093422, 6158710, 6224184, 6290231, 6356232, 6421970, 6487332, 6553443, 6618564, 6684307, 6749853, 6815403, 6880839, 6946230, 7012146, 7077367, 7142973, 7208544, 7274336, 7339721, 7405307, 7471083, 7536477, 7601915, 7667527, 7733512, 7798969, 7864289, 7929560, 7994926, 8060110, 8125513, 8191265, 8256837, 8322199, 8388008, 8453554, 8519193, 8584605, 8649564, 8715565, 8781410, 8847040, 8912769, 8978425, 9043657, 9108918, 9174902, 9240614, 9306304, 9371826, 9437255, 9502628, 9568131, 9633073, 9698438, 9764390, 9829747, 9895328, 9960397, 10026257, 10092392, 10157851, 10222989, 10289041, 10354956, 10421047, 10486343, 10551957, 10617545, 10683095, 10748211, 10813578, 10878960, 10944332, 11009883, 11075835, 11141369, 11207212, 11272980, 11338669, 11404353, 11470022, 11536223, 11601406, 11666711, 11732025, 11797310, 11862779, 11928477, 11994012, 12059591, 12125251, 12190927, 12256022, 12321285, 12386736, 12452474, 12517493, 12582825, 12648647, 12714131, 12780012, 12845262, 12910678, 12975964, 13041662, 13107200, 13172766, 13238675, 13304249, 13369426, 13435124, 13500626, 13565992, 13631904, 13697894, 13763272, 13828926, 13894511, 13959812, 14025281, 14090691, 14155793, 14221291, 14286475, 14352104, 14417667, 14483675, 14549293, 14615045, 14680896, 14746291, 14811305, 14876981, 14942260, 15008289, 15073602, 15139162, 15205032, 15270381, 15336064, 15401569, 15466997, 15532561, 15598226, 15663758, 15729525, 15795178, 15860479, 15925919, 15991364, 16057171, 16122717, 16188168, 16253858, 16318825, 16383890, 16449059, 16514809, 16580457, 16646479, 16711979, 16777215]
[65906, 131493, 197276, 262979, 328506, 394092, 459580, 525085, 590478, 656005, 721574, 787236, 852482, 917731, 983414, 1049238, 1114000, 1179682, 1245246, 1310773, 1376473, 1442203, 1507658, 1573488, 1638893, 1704248, 1770190, 1836079, 1901412, 1967017, 2032658, 2098351, 2163979, 2229711, 2295142, 2360338, 2425808, 2491151, 2556453, 2622016, 2687774, 2753271, 2819006, 2884490, 2949772, 3015219, 3080853, 3146953, 3212531, 3278045, 3344149, 3409585, 3475245, 3540573, 3606093, 3671581, 3736664, 3802114, 3867806, 3933374, 3998985, 4064465, 4130076, 4195903, 4261187, 4326277, 4391989, 4457060, 4522274, 4587870, 4653111, 4719016, 4784628, 4849889, 4915539, 4981162, 5046524, 5112104, 5177741, 5243523, 5309158, 5374787, 5440342, 5505780, 5571137, 5636626, 5702279, 5767462, 5832882, 5898403, 5963698, 6029242, 6094731, 6160191, 6225705, 6291176, 6356430, 6422188, 6488166, 6553939, 6619736, 6685596, 6750708, 6815991, 6881526, 6946949, 7012223, 7077936, 7143894, 7209224, 7274982, 7340282, 7405676, 7471539, 7536845, 7602428, 7668179, 7733969, 7800028, 7865719, 7930624, 7995916, 8061615, 8127663, 8193281, 8258481, 8323946, 8389808, 8455340, 8520735, 8585917, 8651456, 8716860, 8781873, 8847581, 8912990, 8978984, 9044532, 9109987, 9175613, 9241030, 9306602, 9372313, 9437683, 9503343, 9569380, 9634274, 9699428, 9765266, 9831202, 9896399, 9962184, 10028447, 10094072, 10159074, 10224308, 10289878, 10355086, 10421161, 10486904, 10552039, 10617174, 10682817, 10748767, 10814787, 10880099, 10945517, 11011209, 11076711, 11142133, 11207464, 11272877, 11338192, 11403917, 11469372, 11534948, 11600556, 11665650, 11731058, 11796418, 11861901, 11927173, 11992397, 12057988, 12123433, 12188828, 12254366, 12319844, 12385518, 12451201, 12516416, 12581834, 12647086, 12712607, 12778184, 12843321, 12909126, 12974407, 13040084, 13105814, 13171185, 13236722, 13302266, 13368084, 13433667, 13499451, 13565175, 13630941, 13696618, 13762000, 13827824, 13893639, 13959176, 14024371, 14090281, 14155983, 14221419, 14287081, 14352476, 14417918, 14483371, 14548871, 14614508, 14679560, 14744976, 14810519, 14876011, 14941700, 15007582, 15073176, 15138991, 15204710, 15270411, 15335362, 15401254, 15466647, 15532650, 15597819, 15663434, 15728781, 15794509, 15860227, 15925841, 15991527, 16057260, 16122678, 16188063, 16252991, 16318613, 16383613, 16449130, 16514626, 16580432, 16645889, 16711713, 16777215]
[65726, 131225, 196932, 262295, 328035, 393778, 459282, 524814, 590462, 655905, 721117, 786162, 851881, 917305, 982606, 1048443, 1114220, 1179776, 1244896, 1310372, 1376249, 1441478, 1506822, 1572262, 1637834, 1703052, 1768706, 1834548, 1900172, 1965503, 2031403, 2097302, 2162563, 2228400, 2293953, 2359300, 2424509, 2490106, 2555209, 2620672, 2686446, 2752028, 2817259, 2883525, 2948901, 3014790, 3080397, 3145666, 3211236, 3277283, 3343064, 3408882, 3474450, 3539979, 3605338, 3671012, 3737000, 3802851, 3868644, 3934187, 3999583, 4064765, 4130094, 4195476, 4260665, 4326576, 4391794, 4457692, 4523246, 4588769, 4654205, 4719250, 4785045, 4850641, 4916074, 4981991, 5047861, 5113167, 5178530, 5243882, 5308910, 5374654, 5440486, 5506248, 5571993, 5637146, 5702287, 5767568, 5833140, 5898570, 5964187, 6029859, 6095279, 6161029, 6226972, 6292244, 6357696, 6423535, 6489073, 6553921, 6619142, 6684692, 6750510, 6816362, 6881686, 6946771, 7011960, 7077485, 7143483, 7208465, 7274072, 7339729, 7405560, 7471072, 7536699, 7602501, 7667940, 7733101, 7798414, 7863770, 7929721, 7995248, 8060506, 8125847, 8191420, 8256941, 8321820, 8387562, 8453589, 8519072, 8584757, 8650312, 8715871, 8781522, 8847089, 8912353, 8977853, 9043797, 9109056, 9174439, 9240214, 9305784, 9371686, 9436983, 9502379, 9567794, 9632976, 9698678, 9763943, 9828984, 9894822, 9960110, 10026031, 10092089, 10157873, 10223317, 10288830, 10354639, 10419662, 10485068, 10550094, 10615656, 10681381, 10746845, 10812126, 10877704, 10943349, 11008296, 11073803, 11139172, 11204793, 11270262, 11335985, 11401495, 11467262, 11533228, 11598729, 11663940, 11729112, 11794886, 11860076, 11925404, 11990894, 12056356, 12122346, 12187822, 12253550, 12318735, 12384452, 12450131, 12515279, 12580709, 12646494, 12712331, 12778006, 12843768, 12909281, 12975101, 13040505, 13106109, 13171544, 13237462, 13302896, 13368310, 13434016, 13499642, 13564951, 13630416, 13696172, 13762206, 13827937, 13893534, 13959018, 14024967, 14090555, 14155944, 14221323, 14287196, 14352737, 14418364, 14483817, 14549258, 14614896, 14680503, 14745825, 14811316, 14876847, 14942055, 15007288, 15072968, 15138161, 15203577, 15268994, 15334341, 15399920, 15465879, 15531551, 15597056, 15662723, 15728737, 15794028, 15859638, 15925306, 15991070, 16055840, 16121155, 16186647, 16252251, 16318175, 16383920, 16448994, 16514546, 16580160, 16645748, 16711426, 16777215]
[65486, 130935, 196920, 262206, 327423, 392041, 457737, 523087, 588834, 653914, 719443, 785036, 850468, 915636, 981081, 1046762, 1112077, 1177146, 1242613, 1308449, 1373823, 1439471, 1505069, 1570924, 1636528, 1702046, 1767403, 1833066, 1898669, 1964211, 2029655, 2094892, 2161072, 2226366, 2292092, 2357216, 2422620, 2488391, 2553505, 2618515, 2684350, 2749974, 2815874, 2881530, 2947090, 3012983, 3078205, 3144402, 3209860, 3274947, 3340707, 3406050, 3471349, 3536699, 3602378, 3668043, 3733955, 3799631, 3865061, 3930444, 3995709, 4061228, 4126839, 4192453, 4257701, 4322979, 4388413, 4453729, 4519164, 4584823, 4650164, 4715828, 4781466, 4847705, 4913349, 4978581, 5044066, 5109518, 5174912, 5240965, 5306572, 5372364, 5437791, 5503511, 5568668, 5633920, 5699369, 5765025, 5831059, 5896491, 5961902, 6027744, 6093319, 6158879, 6224321, 6289551, 6355351, 6420807, 6486050, 6552065, 6617620, 6683799, 6748963, 6814193, 6879937, 6945171, 7010593, 7076530, 7142051, 7207391, 7273022, 7338667, 7403733, 7469672, 7534851, 7600639, 7666336, 7731947, 7797745, 7863382, 7928700, 7994040, 8059656, 8125274, 8190841, 8256753, 8322309, 8387690, 8453351, 8518998, 8584863, 8650509, 8715616, 8781410, 8847270, 8912723, 8978221, 9043747, 9109500, 9174752, 9239970, 9305402, 9370937, 9435835, 9501525, 9566969, 9632590, 9697912, 9763370, 9828652, 9894537, 9959870, 10025747, 10091184, 10156618, 10222110, 10287704, 10352910, 10418453, 10484074, 10549320, 10614704, 10680268, 10746162, 10811792, 10877523, 10942954, 11008643, 11074153, 11140060, 11205154, 11270768, 11336220, 11401676, 11467502, 11533243, 11598425, 11664093, 11729820, 11795619, 11861093, 11926547, 11991906, 12057715, 12123160, 12189092, 12255074, 12320514, 12385563, 12451206, 12516447, 12582025, 12647823, 12713466, 12778748, 12844298, 12910059, 12975716, 13041843, 13107776, 13173395, 13239110, 13304301, 13369818, 13435846, 13501002, 13566610, 13632155, 13697711, 13763168, 13828724, 13894135, 13959048, 14024646, 14090296, 14155946, 14221221, 14286855, 14352211, 14417783, 14483198, 14549051, 14614496, 14679470, 14744686, 14809927, 14875259, 14940349, 15005981, 15071677, 15137496, 15203001, 15268523, 15334037, 15399777, 15465468, 15530958, 15596467, 15661873, 15727462, 15793118, 15858395, 15924286, 15990220, 16055648, 16121547, 16186881, 16252386, 16318109, 16383724, 16449354, 16515434, 16580837, 16646426, 16711468, 16777215]
[65673, 131795, 197016, 262859, 328364, 393951, 459314, 524816, 590276, 655266, 721164, 786364, 851768, 917325, 982687, 1048154, 1113311, 1178911, 1244322, 1310403, 1376276, 1441923, 1507707, 1573410, 1639788, 1705654, 1770638, 1835665, 1901147, 1966944, 2032928, 2098690, 2164439, 2229831, 2295809, 2361877, 2427565, 2492924, 2558422, 2623867, 2689371, 2755275, 2820743, 2886198, 2951792, 3016852, 3082628, 3148061, 3213682, 3279348, 3345071, 3410709, 3475988, 3541697, 3606894, 3672109, 3737407, 3803101, 3868663, 3934214, 4000010, 4065445, 4131064, 4196520, 4262652, 4327755, 4393715, 4458893, 4524381, 4589760, 4655696, 4721251, 4786656, 4852279, 4917855, 4983152, 5049285, 5114907, 5180087, 5245852, 5311315, 5376580, 5442342, 5507680, 5572785, 5637995, 5703316, 5769062, 5834705, 5900083, 5965804, 6030858, 6096396, 6162129, 6227280, 6292237, 6357878, 6423247, 6488569, 6554482, 6619747, 6685186, 6750807, 6816332, 6881950, 6947449, 7012807, 7078162, 7143655, 7208961, 7274132, 7340004, 7405344, 7471188, 7536714, 7602345, 7667829, 7733647, 7799071, 7864240, 7929574, 7995010, 8060652, 8126022, 8191644, 8257406, 8323246, 8388617, 8453978, 8519402, 8584207, 8649837, 8715481, 8780948, 8846583, 8912473, 8977928, 9044015, 9109446, 9174981, 9240786, 9306351, 9371849, 9437265, 9503174, 9568733, 9633671, 9699522, 9765294, 9830999, 9896682, 9961684, 10027502, 10093008, 10158545, 10223921, 10289597, 10355269, 10420788, 10486446, 10551870, 10617088, 10682578, 10748112, 10813726, 10879242, 10944507, 11010300, 11075819, 11141654, 11207452, 11273204, 11338349, 11404188, 11469692, 11535225, 11600833, 11666520, 11731923, 11797399, 11862614, 11928051, 11993815, 12059394, 12125011, 12190574, 12255853, 12321799, 12387248, 12452401, 12517537, 12582778, 12648358, 12713884, 12779287, 12844417, 12909514, 12974535, 13040184, 13105424, 13170854, 13236527, 13301585, 13366481, 13431792, 13497595, 13562865, 13628548, 13694324, 13759737, 13825705, 13891240, 13956285, 14021372, 14086701, 14152129, 14218065, 14283584, 14349347, 14414998, 14480630, 14546210, 14611803, 14677711, 14743759, 14809392, 14875050, 14940670, 15006460, 15072259, 15137527, 15203248, 15268616, 15333989, 15399287, 15464776, 15530702, 15596225, 15662023, 15727455, 15793232, 15858819, 15924803, 15990189, 16055488, 16121296, 16186778, 16252431, 16317962, 16383343, 16448950, 16514693, 16580516, 16645978, 16711768, 16777215]
[65509, 130548, 196266, 261043, 326536, 391874, 457461, 522706, 588309, 654323, 719961, 785578, 851194, 916594, 981741, 1047165, 1112664, 1177932, 1243317, 1308696, 1374679, 1439811, 1505256, 1570371, 1635430, 1700735, 1766458, 1832082, 1897349, 1963024, 2028322, 2093578, 2159304, 2224714, 2290189, 2356029, 2421723, 2487077, 2552645, 2618246, 2683776, 2749248, 2815034, 2880618, 2946258, 3011806, 3077690, 3143412, 3209004, 3274667, 3339978, 3405291, 3470939, 3536272, 3601472, 3667222, 3732607, 3798128, 3863693, 3929116, 3994427, 4060014, 4126276, 4192220, 4257498, 4323009, 4388223, 4454321, 4519974, 4585655, 4651110, 4716665, 4781857, 4847579, 4912850, 4977916, 5043413, 5108642, 5174073, 5239629, 5305190, 5370323, 5436010, 5501500, 5566690, 5632429, 5697858, 5763826, 5829299, 5894861, 5960191, 6025416, 6090755, 6155748, 6221190, 6287270, 6352855, 6418399, 6484122, 6549501, 6615289, 6680952, 6746531, 6812142, 6877804, 6943231, 7008746, 7074282, 7140150, 7205728, 7271151, 7336251, 7401684, 7467207, 7533039, 7597844, 7663407, 7729011, 7794564, 7859916, 7925821, 7991682, 8057318, 8122657, 8187812, 8253120, 8318522, 8384417, 8449853, 8515652, 8581139, 8646530, 8712212, 8777742, 8843446, 8908924, 8974731, 9040445, 9106120, 9171542, 9237450, 9303090, 9368605, 9433959, 9499989, 9564902, 9630620, 9696521, 9762152, 9827779, 9893499, 9958748, 10024183, 10089655, 10155256, 10220914, 10286835, 10352403, 10418256, 10483829, 10549247, 10614904, 10680219, 10745994, 10811205, 10876464, 10942400, 11007791, 11073248, 11138288, 11204366, 11270150, 11335081, 11400660, 11465961, 11531261, 11596859, 11662157, 11727837, 11793887, 11859161, 11925133, 11990936, 12056666, 12122559, 12187905, 12253940, 12319185, 12384720, 12450954, 12516149, 12581467, 12646836, 12712223, 12777540, 12843352, 12908879, 12974190, 13039490, 13105381, 13170751, 13236552, 13301992, 13367372, 13432891, 13498313, 13564214, 13629700, 13695071, 13760269, 13825927, 13891481, 13956963, 14022385, 14087876, 14152996, 14218344, 14283773, 14349154, 14414687, 14480348, 14546169, 14611880, 14677568, 14743313, 14808919, 14874779, 14940605, 15006117, 15071406, 15136779, 15202143, 15267801, 15333792, 15399524, 15465437, 15531028, 15596537, 15662034, 15727264, 15793055, 15858907, 15924636, 15990175, 16055600, 16121120, 16186724, 16252454, 16318083, 16383764, 16449446, 16514547, 16580186, 16646322, 16711394, 16777215]
[65184, 130505, 196340, 261539, 326886, 392303, 458186, 523982, 589867, 655091, 720897, 786151, 851952, 917394, 983000, 1048573, 1114150, 1180039, 1245798, 1311337, 1376838, 1442481, 1507910, 1573491, 1639033, 1705177, 1770770, 1835468, 1900869, 1966661, 2032317, 2097200, 2162523, 2228096, 2293840, 2359323, 2425245, 2490483, 2555638, 2621472, 2687148, 2752695, 2818121, 2883313, 2948814, 3014376, 3079742, 3144775, 3210528, 3275883, 3341246, 3406761, 3472398, 3537928, 3603325, 3668871, 3734448, 3800094, 3865796, 3931027, 3996269, 4061563, 4127345, 4192363, 4258053, 4324280, 4390343, 4456269, 4521934, 4587629, 4652828, 4718318, 4783725, 4849316, 4915154, 4980317, 5046190, 5111856, 5176979, 5242725, 5308560, 5374021, 5439592, 5505228, 5571002, 5636832, 5702389, 5767956, 5833218, 5898862, 5964200, 6030251, 6095883, 6161583, 6226982, 6292739, 6357720, 6423435, 6489046, 6554254, 6619673, 6685229, 6750845, 6816441, 6881858, 6947666, 7013258, 7079165, 7144620, 7209899, 7274906, 7340545, 7406260, 7471743, 7536937, 7602397, 7668060, 7733467, 7798949, 7864118, 7929865, 7995640, 8061070, 8126222, 8191815, 8257828, 8323120, 8388788, 8454697, 8520502, 8585633, 8650859, 8716725, 8782301, 8847896, 8913375, 8978843, 9043891, 9109792, 9175355, 9240973, 9306396, 9371880, 9437812, 9503573, 9569113, 9634264, 9700113, 9765522, 9831132, 9896809, 9962200, 10027587, 10093396, 10158986, 10224766, 10290217, 10355126, 10421042, 10486301, 10551906, 10617292, 10682877, 10748478, 10813970, 10879556, 10945459, 11011035, 11076143, 11141813, 11207326, 11272799, 11338186, 11403631, 11468611, 11534387, 11600262, 11665882, 11731128, 11796391, 11861916, 11927544, 11993292, 12058762, 12124395, 12189541, 12254779, 12320044, 12385987, 12451128, 12516563, 12582417, 12648038, 12713319, 12779088, 12844513, 12910176, 12975582, 13041170, 13106416, 13171964, 13237838, 13303705, 13369167, 13434785, 13499907, 13565466, 13630970, 13696519, 13761975, 13827644, 13892862, 13958580, 14024318, 14089519, 14155180, 14221132, 14287096, 14352867, 14418514, 14484333, 14549738, 14615734, 14680928, 14746407, 14811916, 14877353, 14942861, 15007632, 15073167, 15138713, 15204495, 15270151, 15335724, 15401019, 15466852, 15532827, 15598352, 15664311, 15730192, 15795124, 15860883, 15926199, 15991687, 16057515, 16123246, 16189298, 16254981, 16320265, 16385483, 16450881, 16515773, 16580932, 16646328, 16711684, 16777215]
[65644, 131426, 197096, 262305, 327730, 393245, 458590, 524150, 589126, 654563, 720701, 786295, 851739, 917533, 982713, 1048393, 1113903, 1178918, 1244831, 1310348, 1376059, 1441476, 1507292, 1573150, 1638767, 1704378, 1769896, 1834807, 1900740, 1966303, 2032086, 2097426, 2162836, 2227908, 2293635, 2359387, 2424949, 2490565, 2556555, 2622340, 2687887, 2753320, 2818668, 2884070, 2949375, 3014890, 3080093, 3145474, 3211031, 3276466, 3342183, 3407367, 3473089, 3538613, 3604277, 3669786, 3735507, 3801316, 3866828, 3932429, 3997927, 4063370, 4129100, 4194650, 4260216, 4325681, 4391498, 4456576, 4521851, 4587056, 4652398, 4718243, 4783936, 4849714, 4914902, 4979875, 5045925, 5111346, 5176639, 5242073, 5307673, 5373332, 5438645, 5503854, 5568901, 5634466, 5700157, 5765929, 5831693, 5897308, 5962284, 6027842, 6093057, 6158860, 6224051, 6289571, 6355117, 6420169, 6486037, 6551203, 6616398, 6682088, 6747710, 6813198, 6878500, 6944232, 7010316, 7075876, 7141274, 7206178, 7271539, 7336659, 7401877, 7467061, 7532728, 7598064, 7663460, 7729206, 7794757, 7859982, 7925676, 7991187, 8056646, 8122451, 8188074, 8253544, 8319659, 8385374, 8450559, 8515949, 8581609, 8647323, 8712917, 8778945, 8844595, 8910317, 8976043, 9041600, 9107483, 9172886, 9238512, 9304242, 9369950, 9435223, 9500848, 9566233, 9631692, 9697153, 9762834, 9828395, 9893719, 9959109, 10024653, 10089923, 10155476, 10221264, 10286921, 10352545, 10418462, 10484221, 10549326, 10615096, 10680809, 10745956, 10811065, 10876174, 10942213, 11007540, 11072708, 11138141, 11203941, 11269540, 11334937, 11400557, 11466003, 11531367, 11596933, 11662698, 11728647, 11794141, 11859896, 11925455, 11990879, 12056523, 12122515, 12188128, 12253331, 12319071, 12384544, 12450158, 12515767, 12581392, 12646858, 12712182, 12777471, 12842864, 12908053, 12973456, 13038699, 13104239, 13169752, 13235915, 13301539, 13366898, 13432772, 13498422, 13563610, 13628934, 13694741, 13759793, 13825091, 13890949, 13956400, 14021991, 14087489, 14153644, 14219687, 14284897, 14350578, 14416264, 14481727, 14546914, 14612567, 14678368, 14743798, 14809382, 14874895, 14940487, 15006319, 15072135, 15137533, 15203195, 15268852, 15334682, 15400143, 15465680, 15531203, 15596207, 15661522, 15726649, 15792301, 15858092, 15923759, 15989595, 16055110, 16120767, 16186525, 16252311, 16317974, 16383876, 16449113, 16514582, 16580336, 16645758, 16711137, 16777215]
[66019, 131508, 196658, 261849, 327560, 392789, 457827, 523754, 589220, 654435, 720183, 786577, 852349, 917915, 983434, 1049146, 1114878, 1180586, 1246512, 1311982, 1377296, 1443159, 1508669, 1574125, 1639500, 1704650, 1770341, 1835655, 1901115, 1966494, 2031761, 2097356, 2163113, 2228900, 2294187, 2359849, 2425549, 2490944, 2556737, 2621965, 2687415, 2752861, 2818448, 2883972, 2949784, 3015570, 3081324, 3147395, 3213121, 3278449, 3344321, 3409180, 3474402, 3539818, 3605431, 3670827, 3736412, 3801921, 3867197, 3932675, 3998275, 4063539, 4128870, 4194299, 4259525, 4325115, 4390526, 4455826, 4521207, 4586755, 4652460, 4718175, 4783312, 4848584, 4914181, 4980037, 5045667, 5111031, 5176634, 5242293, 5308457, 5374399, 5439927, 5505122, 5570538, 5636103, 5701445, 5767351, 5832617, 5898406, 5964357, 6030029, 6096149, 6162092, 6227809, 6293146, 6358727, 6424188, 6489764, 6555866, 6620968, 6686333, 6752060, 6817719, 6883267, 6949241, 7014437, 7079708, 7145542, 7210829, 7276377, 7342001, 7407476, 7472475, 7538315, 7604255, 7669421, 7735073, 7800584, 7866248, 7932234, 7997804, 8063608, 8129140, 8194585, 8260240, 8325764, 8391103, 8456184, 8521796, 8587393, 8652990, 8718825, 8784275, 8849827, 8915388, 8980791, 9046622, 9111455, 9176386, 9242240, 9307423, 9373130, 9438423, 9503953, 9569669, 9635398, 9700916, 9765777, 9830924, 9896193, 9961423, 10027095, 10092613, 10158004, 10223663, 10289069, 10354527, 10419905, 10485589, 10551183, 10616712, 10682177, 10747600, 10813287, 10878747, 10944144, 11009632, 11074824, 11140197, 11205990, 11271504, 11336814, 11402852, 11468271, 11533800, 11599078, 11664573, 11730080, 11795504, 11860985, 11926831, 11992272, 12057929, 12123455, 12188588, 12254178, 12319873, 12385769, 12451279, 12516844, 12582421, 12647899, 12713802, 12779578, 12845101, 12910636, 12976043, 13041897, 13107377, 13173036, 13239124, 13304619, 13369924, 13435176, 13500658, 13565779, 13631397, 13697052, 13762653, 13828198, 13893267, 13958940, 14024156, 14089368, 14155234, 14220508, 14286264, 14351419, 14417117, 14482726, 14548252, 14613779, 14679583, 14745478, 14811156, 14877231, 14942349, 15008339, 15073849, 15139649, 15205395, 15270676, 15336404, 15401895, 15467542, 15533288, 15598079, 15663468, 15728746, 15794113, 15859854, 15925273, 15991059, 16056086, 16121741, 16187472, 16252953, 16318463, 16384014, 16449801, 16515247, 16581047, 16646049, 16711718, 16777215]
[65581, 131376, 196891, 262642, 328185, 393896, 459157, 524819, 590587, 656291, 722335, 787754, 853179, 919064, 984298, 1049896, 1115158, 1180543, 1246047, 1311439, 1377215, 1442609, 1508308, 1573712, 1639475, 1705618, 1770897, 1836352, 1901875, 1967402, 2032673, 2097730, 2163328, 2228992, 2294441, 2360366, 2425360, 2491009, 2556311, 2621865, 2687038, 2752715, 2818585, 2884589, 2950113, 3015587, 3081229, 3146666, 3211327, 3276940, 3342735, 3407739, 3473471, 3539009, 3604570, 3669918, 3735515, 3801276, 3867076, 3933104, 3998635, 4064612, 4130326, 4196245, 4261679, 4327156, 4392684, 4458157, 4524566, 4590021, 4655683, 4721422, 4786787, 4851761, 4917269, 4983010, 5048442, 5114059, 5179704, 5244769, 5310439, 5376430, 5442204, 5507640, 5573231, 5638535, 5703757, 5769494, 5834594, 5900322, 5966126, 6031731, 6097100, 6162522, 6227591, 6293077, 6358656, 6424515, 6490373, 6555869, 6620968, 6686699, 6752110, 6818069, 6883569, 6949162, 7014858, 7080260, 7145377, 7210496, 7276129, 7342052, 7407596, 7473520, 7539586, 7605068, 7670510, 7736087, 7801144, 7866638, 7931910, 7997642, 8063080, 8128300, 8193352, 8258950, 8324859, 8390261, 8455366, 8521167, 8587222, 8652738, 8718110, 8783606, 8848958, 8914295, 8979748, 9045522, 9110908, 9176897, 9242666, 9308002, 9373725, 9439631, 9504971, 9570535, 9636078, 9701786, 9767030, 9832736, 9898230, 9963712, 10029314, 10095249, 10160484, 10226185, 10291361, 10357002, 10422210, 10487524, 10552993, 10618776, 10684454, 10750387, 10815865, 10880987, 10946688, 11011875, 11077228, 11143080, 11208802, 11274444, 11339921, 11404745, 11470258, 11536226, 11601729, 11667368, 11732865, 11798352, 11863274, 11928852, 11994468, 12060198, 12125694, 12191313, 12257007, 12322240, 12387650, 12453332, 12518618, 12584209, 12649520, 12715052, 12780288, 12846230, 12911698, 12976781, 13042017, 13107314, 13172593, 13238587, 13304474, 13369774, 13435918, 13500905, 13566221, 13631589, 13696979, 13762583, 13827710, 13893533, 13958771, 14024729, 14090483, 14155694, 14221074, 14286677, 14352029, 14417789, 14483763, 14549137, 14614776, 14680559, 14746328, 14811664, 14877142, 14942421, 15008067, 15073857, 15139484, 15204787, 15270422, 15336104, 15401791, 15467076, 15532823, 15598492, 15664549, 15729904, 15795232, 15860853, 15926553, 15991835, 16057112, 16122746, 16188352, 16253872, 16319254, 16385188, 16450625, 16515760, 16581135, 16646443, 16711891, 16777215]
[65510, 131229, 196483, 261930, 327256, 392495, 458086, 523426, 589117, 654812, 720129, 785767, 851134, 916697, 982180, 1047709, 1112876, 1178206, 1243694, 1308938, 1374118, 1439861, 1505682, 1571131, 1636300, 1702281, 1767642, 1833126, 1899239, 1965079, 2030721, 2096313, 2162221, 2227481, 2292852, 2358055, 2423231, 2489013, 2554547, 2620180, 2685600, 2751517, 2817145, 2882812, 2948190, 3014372, 3079818, 3144959, 3209950, 3275801, 3341750, 3406978, 3472365, 3537985, 3603648, 3669405, 3734925, 3800509, 3866029, 3931702, 3997700, 4063238, 4128640, 4194327, 4259939, 4325658, 4391298, 4457000, 4522018, 4587752, 4653244, 4718944, 4784363, 4850225, 4915703, 4981373, 5047094, 5112631, 5177899, 5243295, 5308869, 5374631, 5440204, 5505558, 5570829, 5636260, 5701998, 5767954, 5833331, 5898707, 5964404, 6030193, 6095823, 6161482, 6227103, 6292192, 6357384, 6422828, 6488023, 6553644, 6619013, 6684489, 6749727, 6815487, 6881186, 6946847, 7012065, 7077682, 7143211, 7208735, 7274077, 7339756, 7405569, 7470870, 7536253, 7602114, 7667878, 7733361, 7798915, 7864368, 7929620, 7994855, 8060297, 8125635, 8191320, 8256502, 8321807, 8387367, 8453022, 8518757, 8584199, 8649642, 8715175, 8781091, 8846453, 8911943, 8977603, 9043279, 9108873, 9174711, 9240113, 9305616, 9370935, 9436571, 9502348, 9567401, 9632682, 9698151, 9763911, 9829250, 9894833, 9959934, 10025713, 10091181, 10156188, 10221797, 10287253, 10352929, 10418429, 10484300, 10549807, 10615325, 10680519, 10745915, 10811510, 10877388, 10942917, 11008446, 11074412, 11140236, 11205751, 11271288, 11336748, 11402258, 11468011, 11533473, 11598786, 11664376, 11730023, 11796039, 11861306, 11926792, 11992404, 12057795, 12123594, 12188671, 12254027, 12319200, 12385308, 12450355, 12515611, 12581309, 12647052, 12712543, 12777791, 12843118, 12908496, 12973749, 13038636, 13104298, 13170168, 13235450, 13300909, 13366639, 13432070, 13498382, 13563930, 13629263, 13694727, 13760125, 13825655, 13891079, 13956701, 14022365, 14087811, 14153370, 14218684, 14284291, 14349627, 14414728, 14479733, 14544687, 14610056, 14675593, 14741782, 14807057, 14872760, 14938150, 15003590, 15068865, 15134690, 15200382, 15265836, 15331856, 15397645, 15464046, 15529616, 15595294, 15660882, 15726592, 15791575, 15857172, 15922959, 15988581, 16054210, 16119943, 16185674, 16251185, 16317205, 16382696, 16448318, 16514059, 16579240, 16645116, 16711444, 16777215]
[65211, 131121, 196913, 262937, 328161, 393309, 458615, 524036, 590131, 655763, 721578, 787531, 853010, 918610, 984537, 1049402, 1114578, 1180971, 1246778, 1312728, 1378630, 1443912, 1509466, 1574898, 1640683, 1706855, 1772451, 1838094, 1903960, 1969712, 2035210, 2100662, 2166209, 2231148, 2296964, 2361937, 2427924, 2493722, 2559640, 2625555, 2690997, 2756487, 2821936, 2887305, 2952601, 3018266, 3083707, 3148970, 3214654, 3280021, 3345773, 3411140, 3477224, 3543276, 3609239, 3674549, 3740223, 3805785, 3871178, 3936098, 4001867, 4067241, 4132878, 4198147, 4263608, 4328759, 4394153, 4459682, 4525279, 4591019, 4656548, 4722380, 4787509, 4853353, 4918820, 4983892, 5049544, 5114445, 5179734, 5244897, 5310528, 5375947, 5441404, 5507052, 5572620, 5638407, 5703903, 5769628, 5834554, 5900158, 5965838, 6031118, 6096752, 6162269, 6227819, 6293476, 6358993, 6424368, 6489756, 6555190, 6620182, 6685469, 6750580, 6816006, 6881827, 6947255, 7012576, 7077898, 7143483, 7208670, 7274335, 7340195, 7405746, 7471249, 7536743, 7602657, 7667826, 7732943, 7798849, 7864140, 7929959, 7995467, 8061083, 8127229, 8193009, 8258406, 8323535, 8388703, 8454176, 8520044, 8585490, 8651151, 8716329, 8781715, 8847554, 8912669, 8978519, 9044160, 9109882, 9175356, 9240963, 9306292, 9371434, 9437175, 9503177, 9568726, 9634302, 9699988, 9765719, 9830941, 9896248, 9961748, 10027099, 10092618, 10158359, 10224217, 10289903, 10355371, 10421006, 10486512, 10552097, 10617567, 10683181, 10749090, 10814033, 10879677, 10944706, 11010634, 11076292, 11141905, 11207248, 11272731, 11338387, 11403987, 11469737, 11535466, 11600864, 11666504, 11731802, 11797096, 11863100, 11928700, 11994294, 12060095, 12125488, 12191358, 12256870, 12322463, 12387925, 12453164, 12519077, 12584362, 12649615, 12715028, 12780336, 12846128, 12911791, 12977336, 13043158, 13108927, 13173873, 13239719, 13305116, 13370485, 13435687, 13500997, 13566187, 13631714, 13697364, 13762861, 13828181, 13893835, 13959491, 14025009, 14090234, 14155184, 14220528, 14285925, 14351485, 14417106, 14482694, 14548481, 14613951, 14679333, 14744781, 14810438, 14875737, 14941064, 15006479, 15072268, 15137912, 15203756, 15269454, 15334901, 15400578, 15466377, 15532003, 15597128, 15662033, 15727398, 15792789, 15858470, 15923821, 15989011, 16054162, 16120039, 16185896, 16251698, 16317153, 16383065, 16448509, 16514013, 16579679, 16645393, 16711158, 16777215]
[65645, 131293, 197019, 262576, 327925, 393012, 458844, 524257, 589820, 655799, 721113, 786662, 852405, 918805, 984100, 1049552, 1114883, 1180848, 1246370, 1311805, 1377356, 1443109, 1508896, 1574891, 1640507, 1705982, 1771296, 1837099, 1902697, 1968222, 2033849, 2099564, 2164725, 2230177, 2295429, 2361106, 2426631, 2492245, 2557529, 2622969, 2688664, 2754266, 2819978, 2885696, 2951232, 3016725, 3082200, 3147313, 3212645, 3278026, 3343522, 3408925, 3474191, 3539762, 3605110, 3671096, 3736642, 3801785, 3867085, 3932631, 3998089, 4063889, 4129336, 4194683, 4259756, 4325375, 4391143, 4456844, 4522372, 4587916, 4653435, 4718964, 4784715, 4850366, 4915871, 4981104, 5046561, 5111882, 5177609, 5243672, 5309074, 5374459, 5439786, 5505418, 5571218, 5636863, 5701797, 5767631, 5833100, 5899005, 5964850, 6030133, 6095615, 6160642, 6226356, 6291675, 6357449, 6422710, 6488111, 6553610, 6619029, 6684337, 6749757, 6815570, 6880906, 6946351, 7012005, 7077090, 7142620, 7207993, 7273362, 7339284, 7404825, 7469958, 7535722, 7601182, 7666796, 7732216, 7797947, 7863620, 7928688, 7994095, 8059251, 8124932, 8190395, 8255919, 8321351, 8386590, 8452460, 8518648, 8584534, 8649808, 8715151, 8781202, 8846422, 8911857, 8977501, 9043096, 9107816, 9173319, 9239190, 9305046, 9370226, 9435998, 9501573, 9567124, 9633011, 9698830, 9763748, 9829064, 9894251, 9959418, 10024828, 10090670, 10156399, 10221892, 10287407, 10352734, 10418609, 10483805, 10549258, 10614778, 10680821, 10746178, 10811912, 10877461, 10943141, 11008467, 11074229, 11139501, 11205132, 11270661, 11335993, 11400926, 11466875, 11532279, 11597944, 11663455, 11728649, 11793713, 11859308, 11924576, 11990538, 12056183, 12121130, 12187004, 12252552, 12318343, 12383613, 12448972, 12514387, 12580109, 12646156, 12711891, 12777433, 12843047, 12908425, 12974359, 13040001, 13104823, 13170278, 13235584, 13301051, 13366081, 13431574, 13497538, 13562460, 13628239, 13694071, 13759958, 13825409, 13890835, 13956714, 14022213, 14087608, 14153614, 14219333, 14284464, 14349792, 14415367, 14480921, 14546477, 14611968, 14677833, 14743535, 14808966, 14874496, 14940026, 15005778, 15071689, 15137104, 15202438, 15267933, 15333709, 15399250, 15464464, 15530124, 15595696, 15661694, 15727607, 15793617, 15859062, 15924779, 15989973, 16055295, 16120725, 16186019, 16251557, 16317203, 16382854, 16448450, 16514373, 16579785, 16645501, 16711540, 16777215]
[65369, 130703, 196449, 261724, 327734, 392887, 458522, 524166, 589420, 655349, 721078, 786949, 852372, 917705, 983400, 1049155, 1114682, 1180135, 1245969, 1311516, 1376912, 1442617, 1507987, 1573933, 1639597, 1705856, 1771394, 1837515, 1903454, 1969107, 2034289, 2099698, 2165312, 2230567, 2296154, 2361559, 2426895, 2492697, 2558308, 2623932, 2690064, 2755803, 2821268, 2886154, 2951662, 3017243, 3082549, 3148073, 3213592, 3279140, 3344432, 3409991, 3474788, 3540535, 3606190, 3671591, 3737378, 3803137, 3868731, 3934283, 3999875, 4064972, 4130434, 4195845, 4261586, 4327076, 4392253, 4457780, 4522834, 4588359, 4653914, 4719477, 4784629, 4849888, 4915414, 4981120, 5046276, 5111854, 5177259, 5242384, 5308150, 5373823, 5439254, 5505528, 5571315, 5636735, 5702089, 5767455, 5832966, 5898260, 5963834, 6029325, 6094987, 6160164, 6225628, 6291571, 6357172, 6422911, 6488857, 6554237, 6619876, 6685112, 6751131, 6816449, 6882391, 6947845, 7013488, 7079159, 7144337, 7209785, 7275282, 7341078, 7406795, 7472238, 7538167, 7603702, 7669186, 7734849, 7800264, 7865955, 7931086, 7996985, 8062430, 8128052, 8193535, 8259380, 8324612, 8390038, 8455473, 8520634, 8586378, 8651906, 8717302, 8783025, 8848279, 8913967, 8980250, 9045363, 9111270, 9176565, 9242233, 9307864, 9373359, 9438721, 9504008, 9569606, 9635059, 9699890, 9765185, 9830902, 9896395, 9961712, 10026684, 10092201, 10158058, 10223841, 10288971, 10354507, 10419855, 10485187, 10550956, 10616377, 10681707, 10746920, 10812416, 10878004, 10943484, 11009278, 11074507, 11139795, 11205187, 11270514, 11336005, 11401542, 11467417, 11533257, 11598197, 11663650, 11729006, 11794897, 11860696, 11926392, 11992543, 12058014, 12123414, 12189225, 12254603, 12320124, 12385534, 12451175, 12516983, 12582802, 12648415, 12714216, 12779209, 12844563, 12910071, 12975680, 13041031, 13106568, 13171875, 13237662, 13302899, 13368468, 13433741, 13499353, 13564212, 13630023, 13695471, 13761002, 13826404, 13892505, 13958175, 14023454, 14088973, 14154309, 14219571, 14284961, 14350615, 14416182, 14481897, 14547728, 14613174, 14678910, 14744495, 14810242, 14875795, 14941222, 15006554, 15072026, 15137775, 15203442, 15268973, 15334513, 15399941, 15465640, 15531059, 15596595, 15662659, 15728613, 15794156, 15859321, 15924805, 15989975, 16055436, 16121038, 16186641, 16252446, 16317552, 16383252, 16448723, 16514608, 16580655, 16646267, 16711628, 16777215]
[65325, 130426, 195830, 261798, 327130, 392757, 458355, 524079, 589634, 655355, 720963, 786993, 852599, 917854, 983407, 1048590, 1114341, 1180287, 1246166, 1311484, 1376990, 1442505, 1508151, 1573919, 1639116, 1704577, 1769659, 1835006, 1900314, 1965930, 2031571, 2097049, 2162432, 2227989, 2293231, 2358840, 2424448, 2489949, 2554903, 2620483, 2686040, 2751840, 2817272, 2883037, 2948805, 3014531, 3080132, 3145824, 3211647, 3277301, 3343034, 3408563, 3473930, 3539544, 3604763, 3669811, 3735259, 3800665, 3866523, 3932402, 3997948, 4063203, 4128688, 4194298, 4259735, 4324935, 4390664, 4456624, 4522141, 4587033, 4652339, 4718276, 4783836, 4849335, 4914871, 4980572, 5046008, 5111143, 5176597, 5242388, 5308031, 5373624, 5439104, 5504706, 5570301, 5635874, 5701392, 5766873, 5832638, 5898799, 5964337, 6029560, 6094953, 6160829, 6226356, 6291679, 6357212, 6422835, 6488246, 6554527, 6619884, 6685168, 6750424, 6815866, 6881614, 6947555, 7013373, 7078916, 7144042, 7208849, 7274762, 7340107, 7404920, 7469820, 7534994, 7600594, 7666060, 7731909, 7797515, 7863078, 7928528, 7993717, 8059052, 8124241, 8189492, 8255515, 8321171, 8386674, 8452215, 8517824, 8582756, 8647923, 8713060, 8778937, 8844694, 8910255, 8975659, 9041054, 9106944, 9172764, 9238550, 9304145, 9369629, 9435187, 9500504, 9565873, 9631656, 9697708, 9763332, 9828531, 9894061, 9959336, 10025057, 10090935, 10156559, 10222367, 10288130, 10353639, 10419272, 10484586, 10549861, 10616343, 10681728, 10747526, 10812792, 10878401, 10943690, 11009058, 11074313, 11139791, 11205715, 11271289, 11336913, 11402885, 11468208, 11533858, 11599470, 11664830, 11730375, 11795742, 11860923, 11926250, 11991452, 12057143, 12122266, 12187906, 12253660, 12318985, 12384086, 12449434, 12515619, 12581268, 12646372, 12712403, 12778025, 12843609, 12909054, 12974415, 13040093, 13106038, 13171322, 13236906, 13302409, 13368211, 13433870, 13499366, 13564481, 13630308, 13696363, 13762213, 13827842, 13892886, 13958901, 14024356, 14089830, 14155159, 14220990, 14286668, 14352367, 14417375, 14482782, 14548211, 14613792, 14679529, 14745132, 14810709, 14876182, 14941686, 15007252, 15073215, 15138835, 15204413, 15269576, 15335177, 15400857, 15466867, 15532268, 15597897, 15663188, 15728265, 15793580, 15859008, 15925007, 15990509, 16056104, 16121585, 16187124, 16252844, 16318484, 16384226, 16449657, 16515441, 16580780, 16646185, 16711577, 16777215]
[65912, 131469, 197229, 262574, 328282, 393282, 458756, 524132, 589844, 655211, 720507, 786335, 852058, 917688, 983171, 1048346, 1113788, 1179232, 1245405, 1310964, 1376303, 1441932, 1507585, 1573088, 1638087, 1703368, 1768876, 1834435, 1900098, 1965261, 2031218, 2097058, 2162804, 2228714, 2293843, 2359193, 2424774, 2489739, 2555186, 2620889, 2686155, 2751761, 2816645, 2882556, 2947811, 3013130, 3078741, 3144694, 3210620, 3275589, 3341174, 3406904, 3472665, 3538639, 3604397, 3670172, 3735887, 3801757, 3867386, 3933424, 3998561, 4063581, 4129113, 4194615, 4259799, 4325371, 4390671, 4456563, 4522081, 4587284, 4652797, 4718399, 4784247, 4849662, 4914906, 4980256, 5045956, 5111322, 5177039, 5242576, 5308349, 5373869, 5440021, 5505155, 5570801, 5636153, 5701827, 5767312, 5832959, 5898531, 5964452, 6030110, 6095673, 6161532, 6227102, 6292844, 6358041, 6423410, 6489002, 6554519, 6619999, 6685136, 6750844, 6815875, 6881519, 6946975, 7012512, 7078184, 7143717, 7209184, 7274593, 7339632, 7405426, 7470727, 7536403, 7602141, 7668158, 7733599, 7798973, 7864534, 7930222, 7995931, 8061654, 8127263, 8192986, 8258972, 8324268, 8389915, 8455408, 8520824, 8586677, 8652074, 8717292, 8782553, 8848340, 8913782, 8979416, 9044709, 9110052, 9175890, 9241513, 9307029, 9372556, 9437749, 9503448, 9568406, 9633911, 9699785, 9765018, 9830321, 9895948, 9961813, 10027444, 10092972, 10158500, 10223891, 10288973, 10354644, 10420304, 10485982, 10551542, 10617325, 10682755, 10748374, 10813649, 10878804, 10944727, 11010228, 11075808, 11141433, 11206855, 11272123, 11337722, 11403589, 11468826, 11534299, 11599745, 11665198, 11730308, 11795660, 11860909, 11926516, 11991822, 12057552, 12123404, 12189198, 12255285, 12320576, 12386125, 12452173, 12517660, 12583315, 12648379, 12713845, 12779424, 12844394, 12909655, 12975319, 13040867, 13106701, 13172499, 13238083, 13303629, 13369344, 13434780, 13500103, 13565992, 13631243, 13696875, 13762401, 13828480, 13894064, 13959595, 14024945, 14090424, 14156219, 14221662, 14287030, 14351991, 14417175, 14482413, 14547904, 14613695, 14679632, 14744981, 14810101, 14875981, 14941952, 15007332, 15073181, 15138700, 15204243, 15269389, 15334965, 15400008, 15466007, 15531652, 15597440, 15663096, 15728508, 15794367, 15859841, 15925605, 15991206, 16056696, 16122251, 16187851, 16253266, 16318796, 16384218, 16449604, 16515281, 16580523, 16646292, 16711843, 16777215]
[65429, 131083, 196860, 262520, 328261, 393860, 459407, 524983, 590462, 655995, 721593, 787166, 852911, 918465, 984290, 1049881, 1115415, 1181351, 1246578, 1312124, 1377326, 1442426, 1508095, 1573264, 1638779, 1704168, 1769623, 1835389, 1900500, 1966184, 2031756, 2096923, 2162115, 2227347, 2292658, 2357876, 2423285, 2489133, 2554901, 2620277, 2685685, 2751067, 2816340, 2882069, 2947125, 3012950, 3078303, 3143489, 3209122, 3274612, 3340624, 3405875, 3471203, 3536679, 3602113, 3668066, 3733599, 3798660, 3864396, 3929947, 3995437, 4060979, 4126293, 4191884, 4257570, 4323010, 4388218, 4453763, 4519207, 4585175, 4650783, 4716034, 4781621, 4847453, 4913017, 4978281, 5043800, 5109174, 5174735, 5240281, 5306070, 5372036, 5437388, 5502912, 5568688, 5634590, 5700192, 5765507, 5830928, 5896714, 5962633, 6028569, 6094042, 6159739, 6225100, 6291189, 6356760, 6422356, 6487918, 6553503, 6619132, 6683850, 6749225, 6814395, 6880130, 6945029, 7010917, 7075916, 7141253, 7206649, 7272121, 7337590, 7403322, 7469154, 7534621, 7599528, 7664923, 7730103, 7795882, 7861236, 7926438, 7992072, 8057371, 8123042, 8188455, 8253890, 8319340, 8384617, 8450162, 8515741, 8581326, 8646939, 8712161, 8778190, 8843174, 8908337, 8973610, 9039145, 9104571, 9169959, 9235558, 9300966, 9366935, 9432382, 9497912, 9563150, 9629112, 9695206, 9760709, 9825949, 9891496, 9957044, 10022601, 10088272, 10153809, 10219525, 10285406, 10350948, 10416650, 10482261, 10547663, 10613291, 10678563, 10744076, 10809739, 10875276, 10940641, 11006267, 11072385, 11137788, 11203455, 11268727, 11334697, 11400331, 11465956, 11531515, 11596783, 11662294, 11727943, 11793184, 11858905, 11924060, 11989949, 12055511, 12121252, 12186747, 12252394, 12318107, 12383652, 12449456, 12514506, 12580165, 12645756, 12711249, 12776902, 12842853, 12908394, 12974065, 13039795, 13105094, 13170864, 13236506, 13302290, 13367938, 13432889, 13499014, 13564689, 13630902, 13696448, 13762043, 13827641, 13893534, 13959639, 14025562, 14091415, 14156990, 14222923, 14288817, 14354497, 14419311, 14484894, 14550276, 14615655, 14681139, 14746684, 14812230, 14877912, 14943293, 15008721, 15074311, 15140063, 15205586, 15271352, 15337247, 15402687, 15467799, 15533195, 15598991, 15664410, 15729925, 15795524, 15861137, 15926842, 15992266, 16057946, 16123388, 16188603, 16253935, 16319280, 16384866, 16450161, 16515743, 16581402, 16646484, 16711888, 16777215]
[65506, 130548, 196094, 261797, 327614, 393179, 458690, 524352, 590410, 656003, 721588, 787357, 852901, 918098, 983531, 1048806, 1114277, 1179487, 1245264, 1311227, 1377025, 1442167, 1507738, 1573098, 1638832, 1704429, 1769957, 1835895, 1901343, 1966586, 2032307, 2097246, 2162782, 2228351, 2293912, 2359917, 2425211, 2490971, 2556249, 2621685, 2687060, 2752524, 2818026, 2883966, 2949620, 3015297, 3080894, 3146831, 3212517, 3278189, 3343544, 3409315, 3474294, 3539628, 3604893, 3670377, 3736153, 3801724, 3867380, 3932981, 3998994, 4064250, 4129833, 4195394, 4261106, 4326562, 4392164, 4457216, 4522290, 4587718, 4653606, 4719409, 4785219, 4850939, 4916624, 4982232, 5047564, 5113034, 5178532, 5244257, 5309887, 5375270, 5440865, 5506291, 5571892, 5636972, 5702501, 5767655, 5833115, 5898596, 5964272, 6029252, 6094950, 6159919, 6225694, 6291000, 6356258, 6421734, 6487304, 6552703, 6618644, 6684661, 6750224, 6815537, 6881334, 6947115, 7012453, 7077774, 7142908, 7208692, 7274531, 7339637, 7405174, 7470442, 7536026, 7601585, 7667019, 7733065, 7798043, 7863575, 7929350, 7994495, 8059817, 8125170, 8190471, 8256360, 8322005, 8387646, 8453296, 8519076, 8584864, 8650505, 8716126, 8781348, 8846578, 8911977, 8977694, 9043389, 9109101, 9174716, 9240154, 9305757, 9371294, 9437261, 9502670, 9568672, 9633946, 9699550, 9764916, 9830113, 9895627, 9961003, 10026565, 10091592, 10157206, 10222972, 10288948, 10354441, 10419946, 10485445, 10551010, 10616518, 10681838, 10747000, 10812583, 10878503, 10944304, 11009358, 11075081, 11140458, 11206101, 11271812, 11337280, 11402570, 11468260, 11533807, 11599448, 11664963, 11730291, 11795861, 11861502, 11927020, 11992628, 12057780, 12123255, 12188841, 12254135, 12319848, 12385381, 12450828, 12516125, 12581870, 12647391, 12713209, 12778798, 12844077, 12909998, 12975805, 13041491, 13107340, 13173085, 13238880, 13304498, 13370361, 13435743, 13501838, 13566820, 13632587, 13698072, 13763810, 13829440, 13894603, 13959744, 14025282, 14091283, 14157078, 14222637, 14288545, 14353614, 14418734, 14484414, 14550001, 14615052, 14680649, 14746432, 14811845, 14877649, 14942753, 15007790, 15073613, 15138974, 15204594, 15269271, 15334886, 15400200, 15465518, 15531258, 15597006, 15662393, 15727729, 15793477, 15859147, 15924592, 15990108, 16055518, 16120999, 16186857, 16252255, 16317942, 16383727, 16449062, 16514511, 16580158, 16645486, 16711403, 16777215]
[65792, 130830, 196366, 262305, 327797, 393205, 458569, 524129, 589634, 655254, 721103, 786716, 852126, 917733, 983533, 1049543, 1114714, 1179988, 1245860, 1311400, 1377189, 1442366, 1507971, 1573642, 1639337, 1704819, 1770084, 1835565, 1901329, 1966792, 2032071, 2098254, 2163923, 2229289, 2294840, 2360387, 2425832, 2491481, 2556588, 2621957, 2687411, 2753044, 2818513, 2883779, 2949505, 3014646, 3080634, 3146051, 3211942, 3277547, 3342962, 3408343, 3474010, 3539259, 3604972, 3670399, 3735656, 3801710, 3867632, 3933231, 3998731, 4063914, 4129180, 4194648, 4260320, 4325755, 4391406, 4456858, 4522071, 4587840, 4653545, 4718834, 4784241, 4849621, 4915017, 4980935, 5046621, 5112444, 5178211, 5243973, 5309565, 5375413, 5440788, 5506150, 5571624, 5637509, 5703182, 5768537, 5834013, 5899660, 5965108, 6030905, 6096408, 6161666, 6227054, 6292910, 6358300, 6423520, 6489118, 6554676, 6620345, 6685666, 6751583, 6817034, 6882453, 6948326, 7013488, 7079245, 7144518, 7210373, 7275656, 7341226, 7406726, 7472165, 7537803, 7603321, 7668812, 7734640, 7800231, 7865656, 7931012, 7996698, 8062211, 8128037, 8193129, 8259411, 8325213, 8390577, 8456587, 8522203, 8587901, 8653424, 8718920, 8784202, 8849455, 8914966, 8980439, 9045600, 9111108, 9176619, 9242153, 9307305, 9372970, 9438179, 9503964, 9569387, 9635296, 9700643, 9765784, 9831191, 9896855, 9962251, 10027823, 10093434, 10158953, 10224416, 10290036, 10355085, 10420336, 10485761, 10551468, 10616961, 10682206, 10747992, 10813454, 10879135, 10944303, 11010089, 11075985, 11141099, 11206838, 11272440, 11338053, 11403569, 11468882, 11534132, 11599650, 11665054, 11730451, 11796188, 11861248, 11927265, 11992831, 12057811, 12123464, 12188824, 12254285, 12320065, 12385437, 12451068, 12516172, 12581597, 12647747, 12713709, 12779364, 12845033, 12910173, 12975861, 13041616, 13107238, 13172534, 13237855, 13303192, 13368835, 13434538, 13500524, 13566213, 13631631, 13697468, 13762700, 13828412, 13894275, 13959249, 14025050, 14090644, 14156219, 14221489, 14287145, 14352093, 14417558, 14483015, 14549058, 14614234, 14679894, 14745204, 14810347, 14875745, 14942054, 15007974, 15073601, 15139595, 15205013, 15270468, 15335986, 15401603, 15467312, 15532370, 15598507, 15663875, 15729506, 15795049, 15860387, 15925836, 15990901, 16056920, 16122211, 16188113, 16253869, 16319285, 16384827, 16450428, 16515510, 16581211, 16646555, 16711775, 16777215]
[65591, 131228, 196800, 262381, 328101, 392896, 458423, 523951, 590118, 655639, 721778, 787537, 852894, 918783, 984206, 1049201, 1114945, 1180581, 1245876, 1311713, 1376889, 1442792, 1508377, 1573678, 1638940, 1704488, 1770107, 1836021, 1901335, 1967046, 2032523, 2097994, 2163749, 2229343, 2294725, 2360284, 2425735, 2490725, 2556193, 2621948, 2687237, 2752679, 2818355, 2883776, 2949604, 3015301, 3080786, 3146247, 3211851, 3276932, 3342462, 3407921, 3473194, 3538368, 3603946, 3669758, 3735386, 3800939, 3866338, 3931750, 3997345, 4062817, 4128504, 4194553, 4260314, 4326006, 4391628, 4456946, 4522432, 4588176, 4653159, 4718823, 4784723, 4850408, 4916204, 4981537, 5046686, 5112178, 5177351, 5242475, 5307984, 5373781, 5439291, 5504751, 5570288, 5636235, 5701558, 5766968, 5832652, 5897647, 5962799, 6028376, 6094012, 6159363, 6224955, 6290767, 6356267, 6421821, 6487373, 6552434, 6618278, 6684359, 6749821, 6815611, 6881010, 6946733, 7012583, 7077780, 7143000, 7208689, 7273936, 7340155, 7405972, 7471780, 7537242, 7602929, 7668189, 7734077, 7799824, 7864779, 7930517, 7995740, 8061361, 8126609, 8191889, 8257946, 8323447, 8389431, 8455359, 8521116, 8586427, 8652147, 8717662, 8783372, 8848305, 8913827, 8979339, 9044806, 9110348, 9175811, 9241405, 9307404, 9373123, 9438706, 9504346, 9569682, 9635035, 9700868, 9766489, 9832420, 9897795, 9963649, 10028800, 10094547, 10160135, 10225559, 10291042, 10356360, 10421477, 10487242, 10552828, 10618540, 10683923, 10749059, 10814627, 10880450, 10945942, 11011414, 11076732, 11142154, 11207784, 11273056, 11338560, 11403757, 11469185, 11534731, 11600335, 11665699, 11731353, 11796600, 11861654, 11926978, 11992769, 12058661, 12124138, 12189617, 12254680, 12320236, 12385653, 12451375, 12517152, 12583095, 12648644, 12714373, 12779631, 12845265, 12911202, 12976771, 13041753, 13107178, 13172584, 13237943, 13303243, 13368625, 13433607, 13499105, 13564488, 13629909, 13695292, 13760572, 13826211, 13891754, 13957431, 14023460, 14088897, 14154803, 14220389, 14285989, 14351415, 14417099, 14482837, 14548280, 14613889, 14679368, 14744755, 14810067, 14875795, 14941608, 15007146, 15072797, 15138559, 15204259, 15269935, 15335420, 15401373, 15466618, 15531859, 15597395, 15662581, 15728415, 15793822, 15859235, 15925053, 15990849, 16056343, 16121917, 16187858, 16253717, 16319073, 16384034, 16449251, 16514668, 16580714, 16646259, 16711702, 16777215]
[66241, 131758, 197000, 262953, 328333, 393517, 458900, 524493, 589988, 655248, 720517, 785757, 851143, 916780, 982532, 1048257, 1113433, 1179200, 1245029, 1310465, 1375961, 1441190, 1506520, 1572332, 1638097, 1703867, 1769221, 1834570, 1900896, 1966458, 2032324, 2097895, 2163487, 2228878, 2294384, 2359713, 2425462, 2490508, 2555597, 2621257, 2686616, 2751904, 2817462, 2882869, 2948064, 3013074, 3078489, 3144031, 3209590, 3274957, 3340242, 3406139, 3471040, 3536852, 3602380, 3668330, 3734000, 3798768, 3864192, 3929865, 3995101, 4060375, 4125481, 4190933, 4257053, 4322721, 4388240, 4453605, 4519182, 4584755, 4650381, 4716114, 4781737, 4846936, 4912347, 4977963, 5043096, 5108757, 5174882, 5240503, 5305211, 5370597, 5436165, 5501662, 5567140, 5632861, 5698626, 5764231, 5830009, 5895771, 5960892, 6026356, 6091904, 6157413, 6223360, 6288799, 6354038, 6419607, 6485209, 6550936, 6616642, 6681834, 6747479, 6813017, 6878886, 6944536, 7010222, 7076016, 7141743, 7207345, 7273310, 7338836, 7404261, 7469788, 7535285, 7600732, 7666420, 7731884, 7797309, 7862629, 7928749, 7994007, 8059574, 8125306, 8190758, 8256408, 8322360, 8387434, 8453119, 8518460, 8584034, 8649530, 8715348, 8781000, 8846630, 8912726, 8978342, 9044173, 9109574, 9175072, 9240712, 9306045, 9371437, 9437010, 9502936, 9568279, 9633730, 9699312, 9764936, 9830966, 9896360, 9961920, 10027104, 10092588, 10158014, 10223583, 10289390, 10354844, 10420213, 10485736, 10550871, 10616466, 10682186, 10747670, 10813300, 10878262, 10943773, 11009150, 11074764, 11140387, 11205579, 11271134, 11337166, 11402436, 11467751, 11533750, 11599742, 11664865, 11730110, 11795581, 11860809, 11926667, 11991888, 12057380, 12123505, 12189178, 12254903, 12319945, 12385187, 12450461, 12515854, 12581040, 12646448, 12712079, 12777969, 12843559, 12908913, 12974254, 13039263, 13104661, 13170307, 13235924, 13301253, 13366727, 13432218, 13497879, 13563745, 13629193, 13694887, 13760685, 13825874, 13891689, 13957174, 14022528, 14087973, 14153897, 14219362, 14284567, 14350601, 14415988, 14481474, 14547095, 14612817, 14678213, 14744161, 14809614, 14874964, 14940624, 15006370, 15072070, 15137566, 15203468, 15269118, 15334571, 15400009, 15465772, 15531510, 15597366, 15663431, 15728806, 15794151, 15859711, 15925354, 15990878, 16056136, 16121237, 16186877, 16252712, 16318622, 16384099, 16450054, 16515665, 16580853, 16646282, 16711627, 16777215]
[65800, 131338, 197242, 262517, 328049, 393027, 458737, 524687, 590807, 656439, 722080, 787145, 852881, 918615, 984393, 1049955, 1115436, 1181050, 1246903, 1312293, 1377676, 1443337, 1509237, 1574661, 1639828, 1705071, 1770765, 1836374, 1901990, 1967940, 2033791, 2099018, 2164485, 2229699, 2295325, 2360658, 2426104, 2491678, 2557221, 2622480, 2688035, 2753808, 2819277, 2885208, 2950773, 3015926, 3081183, 3146834, 3212408, 3277480, 3342921, 3408738, 3474307, 3539815, 3605242, 3671151, 3737186, 3802584, 3867895, 3933095, 3999242, 4064538, 4129727, 4195570, 4261166, 4326876, 4391823, 4457432, 4522995, 4589058, 4654644, 4719888, 4785400, 4850678, 4916298, 4981517, 5046813, 5112167, 5177356, 5242972, 5308462, 5374138, 5439399, 5505002, 5570426, 5636302, 5702341, 5767525, 5833049, 5898640, 5964379, 6030365, 6095898, 6161368, 6226729, 6292142, 6357659, 6423198, 6488883, 6554564, 6620143, 6685762, 6750838, 6816689, 6881777, 6947099, 7012716, 7078339, 7143923, 7209887, 7274804, 7340459, 7406057, 7471519, 7537033, 7602214, 7667590, 7733384, 7799166, 7864731, 7930286, 7995783, 8061587, 8127095, 8192158, 8257572, 8323439, 8388971, 8454305, 8519834, 8585317, 8650713, 8716320, 8781690, 8846924, 8912415, 8977641, 9043347, 9108857, 9174489, 9240189, 9306001, 9371442, 9437019, 9502151, 9567695, 9633276, 9698946, 9764385, 9829507, 9894905, 9960817, 10026567, 10092132, 10157341, 10223055, 10288172, 10353990, 10419451, 10484771, 10550880, 10616574, 10682223, 10747768, 10812880, 10878118, 10943602, 11009327, 11074800, 11140492, 11206064, 11271347, 11336886, 11402384, 11467695, 11533235, 11598573, 11664297, 11729953, 11795273, 11861171, 11926437, 11991468, 12057018, 12122338, 12187740, 12253876, 12319249, 12385023, 12450645, 12515741, 12581414, 12647322, 12713044, 12778751, 12844250, 12909696, 12975954, 13041434, 13107152, 13172666, 13237946, 13303384, 13368807, 13433694, 13499439, 13564904, 13630666, 13696234, 13761656, 13827611, 13893219, 13958809, 14024441, 14089728, 14155431, 14221275, 14287134, 14352590, 14417830, 14483468, 14549283, 14615013, 14680390, 14745994, 14811517, 14877540, 14943122, 15008658, 15074141, 15139702, 15205178, 15270622, 15336224, 15401435, 15467179, 15532329, 15598021, 15663326, 15728676, 15794478, 15860053, 15925639, 15990853, 16056669, 16122360, 16187916, 16253394, 16319129, 16384527, 16449927, 16515076, 16580606, 16646213, 16711444, 16777215]
[65422, 130657, 195980, 261259, 327113, 392916, 458601, 524245, 590104, 655696, 721186, 786596, 852500, 917869, 983273, 1048543, 1114020, 1179601, 1245357, 1311166, 1376850, 1442363, 1507550, 1573142, 1638807, 1704570, 1769980, 1835114, 1900974, 1966707, 2031784, 2097001, 2162425, 2228083, 2293570, 2358954, 2424435, 2490191, 2556084, 2621704, 2687403, 2752434, 2817690, 2883203, 2948424, 3013978, 3079566, 3145688, 3211234, 3276726, 3341988, 3407440, 3472920, 3538166, 3603891, 3669506, 3734998, 3800392, 3865716, 3931022, 3996241, 4061803, 4127343, 4193278, 4259154, 4324719, 4390175, 4455851, 4521129, 4586596, 4652408, 4717834, 4783266, 4849280, 4914639, 4979916, 5045935, 5111284, 5176706, 5242415, 5308109, 5374014, 5439739, 5505480, 5570979, 5636464, 5702039, 5767539, 5832663, 5898477, 5963853, 6029398, 6094822, 6160912, 6226242, 6292173, 6357165, 6422647, 6487782, 6552983, 6618420, 6684219, 6749640, 6814811, 6880482, 6946026, 7012043, 7078122, 7143960, 7209376, 7275217, 7340491, 7405762, 7471679, 7537352, 7602986, 7668755, 7734362, 7799956, 7865288, 7931061, 7996544, 8062319, 8127240, 8192609, 8258233, 8323939, 8388936, 8454401, 8520518, 8586115, 8651764, 8717193, 8782491, 8848055, 8913248, 8978786, 9044048, 9109477, 9175270, 9241108, 9306405, 9371398, 9436740, 9502451, 9568142, 9633683, 9699548, 9765515, 9831224, 9897266, 9962990, 10028597, 10094150, 10159409, 10224973, 10290392, 10355754, 10421291, 10486959, 10552527, 10618489, 10683911, 10749410, 10814897, 10880981, 10946577, 11012259, 11077818, 11143382, 11208496, 11274453, 11339839, 11405346, 11470744, 11535860, 11601738, 11667326, 11732393, 11797783, 11863181, 11929024, 11994337, 12059877, 12125737, 12191638, 12257031, 12322600, 12388270, 12453549, 12518936, 12584562, 12650138, 12715879, 12781487, 12847657, 12913119, 12978621, 13044245, 13109535, 13174412, 13239522, 13305034, 13370774, 13436339, 13501882, 13567737, 13633061, 13698491, 13763471, 13828851, 13894165, 13959878, 14025307, 14090797, 14156646, 14222414, 14287878, 14353335, 14419034, 14484516, 14549719, 14614756, 14679789, 14745290, 14811117, 14876936, 14942278, 15008178, 15073742, 15139122, 15204924, 15270280, 15335759, 15401385, 15467020, 15532260, 15597570, 15663486, 15728907, 15794540, 15860188, 15926104, 15991673, 16057034, 16122202, 16187669, 16253105, 16318798, 16383947, 16449284, 16514733, 16580267, 16646214, 16711609, 16777215]
[65392, 131034, 196507, 261699, 327562, 393205, 458918, 524873, 590372, 655992, 721810, 787128, 852913, 918355, 984156, 1049527, 1115201, 1180394, 1246347, 1311319, 1376789, 1442165, 1508044, 1573811, 1638996, 1704638, 1769560, 1835245, 1900858, 1966381, 2031949, 2097544, 2162989, 2228688, 2293985, 2360072, 2425788, 2491028, 2556001, 2621594, 2687199, 2752632, 2817724, 2883560, 2949416, 3015260, 3080949, 3145821, 3210903, 3276476, 3341981, 3407486, 3473594, 3539019, 3604404, 3670072, 3735067, 3800704, 3866034, 3931696, 3996886, 4062425, 4128022, 4193504, 4259007, 4324573, 4390150, 4455816, 4521361, 4586659, 4652184, 4717670, 4783417, 4848899, 4914450, 4979749, 5045409, 5110930, 5176721, 5242343, 5307708, 5373236, 5438628, 5504005, 5569389, 5635132, 5700611, 5766418, 5831987, 5897861, 5963458, 6029120, 6094422, 6160165, 6225635, 6290932, 6356475, 6422155, 6487903, 6553527, 6619596, 6684859, 6750843, 6816224, 6881672, 6947261, 7012335, 7077738, 7143691, 7209449, 7275250, 7340933, 7406591, 7471999, 7537960, 7603039, 7668503, 7734171, 7799325, 7864740, 7930071, 7995888, 8061893, 8126892, 8192624, 8257917, 8323664, 8389151, 8454674, 8519909, 8585170, 8650191, 8715584, 8781053, 8846425, 8912124, 8977564, 9042532, 9108151, 9173596, 9238739, 9304602, 9370264, 9435996, 9501583, 9567036, 9632869, 9698436, 9764293, 9830198, 9895507, 9961193, 10026882, 10092339, 10157806, 10223329, 10289178, 10354898, 10420555, 10486117, 10552111, 10617328, 10682966, 10748470, 10813979, 10879923, 10945342, 11010819, 11076469, 11142031, 11207253, 11272654, 11338053, 11403800, 11468973, 11533982, 11599713, 11664759, 11730107, 11795782, 11861931, 11927302, 11992773, 12058129, 12123767, 12189193, 12254783, 12320285, 12385790, 12451036, 12516346, 12581693, 12647661, 12713022, 12778784, 12844012, 12909617, 12974974, 13040820, 13106641, 13172582, 13238088, 13304092, 13369776, 13434763, 13500383, 13565818, 13631826, 13697984, 13763336, 13828629, 13894155, 13959504, 14024924, 14090572, 14156019, 14221264, 14286862, 14352617, 14418212, 14483919, 14548824, 14614406, 14679458, 14745435, 14810956, 14876623, 14942535, 15007885, 15073470, 15139034, 15204472, 15270215, 15335540, 15401452, 15466700, 15532237, 15598345, 15664186, 15729621, 15794955, 15860455, 15925889, 15991708, 16057321, 16123138, 16188871, 16254650, 16320226, 16385345, 16450159, 16515528, 16580906, 16646352, 16711596, 16777215]
[65431, 131098, 196731, 262159, 327547, 392950, 458478, 523420, 589167, 654313, 719692, 785355, 850797, 916607, 982033, 1047706, 1113210, 1178716, 1244357, 1309955, 1375398, 1441032, 1506155, 1572147, 1637853, 1703090, 1768786, 1834059, 1900092, 1965828, 2031551, 2097158, 2162724, 2228723, 2294478, 2360351, 2425693, 2490983, 2556619, 2622003, 2687324, 2752769, 2818350, 2884123, 2949430, 3014741, 3080141, 3145727, 3211602, 3277036, 3342754, 3408321, 3473691, 3539132, 3604506, 3669847, 3735149, 3800745, 3866355, 3931710, 3997068, 4062496, 4128081, 4193956, 4258700, 4324569, 4390433, 4456180, 4521903, 4587507, 4652896, 4718329, 4784183, 4849722, 4915753, 4980882, 5046603, 5112462, 5178069, 5243349, 5308623, 5374293, 5440312, 5505964, 5571616, 5637045, 5702159, 5767380, 5832702, 5898501, 5964131, 6029626, 6095267, 6160965, 6226500, 6292202, 6357546, 6422970, 6488679, 6554239, 6619311, 6684784, 6749964, 6815476, 6880816, 6946440, 7012038, 7077634, 7143374, 7208730, 7274461, 7339809, 7405475, 7471157, 7536394, 7601510, 7667309, 7732963, 7798867, 7864461, 7929810, 7995261, 8061092, 8126700, 8191811, 8257048, 8322385, 8387811, 8454053, 8519458, 8585008, 8650562, 8715699, 8781237, 8846309, 8911777, 8977588, 9042974, 9108352, 9173699, 9239615, 9305244, 9370682, 9436144, 9501491, 9566970, 9633015, 9699121, 9764496, 9830335, 9895955, 9961752, 10026875, 10092269, 10157278, 10222865, 10288476, 10353953, 10419496, 10485386, 10550834, 10616424, 10682001, 10747492, 10812624, 10878113, 10944019, 11009443, 11074777, 11140339, 11206035, 11271181, 11336974, 11402415, 11468067, 11533697, 11599257, 11664755, 11730111, 11795627, 11860714, 11926315, 11991844, 12057133, 12122679, 12188340, 12253873, 12319589, 12384898, 12450587, 12516044, 12581644, 12647478, 12713039, 12778626, 12844353, 12909809, 12975470, 13041370, 13107035, 13172493, 13237647, 13303390, 13368721, 13434619, 13500112, 13565698, 13631102, 13696592, 13762561, 13827970, 13893972, 13959273, 14024640, 14090420, 14156041, 14221507, 14286974, 14352952, 14418551, 14484380, 14549625, 14614817, 14679755, 14745202, 14810660, 14876144, 14941594, 15007419, 15073144, 15138907, 15203797, 15269291, 15334812, 15399920, 15465540, 15531375, 15597109, 15662738, 15728091, 15793704, 15859090, 15924061, 15989750, 16055361, 16121069, 16186535, 16252226, 16317852, 16383544, 16449591, 16515256, 16580515, 16645979, 16711630, 16777215]
[65568, 131432, 196962, 262358, 327739, 392944, 458552, 524361, 589989, 655885, 721483, 787276, 853172, 918449, 984097, 1049683, 1115242, 1180596, 1245575, 1311161, 1376626, 1442285, 1507631, 1573033, 1639276, 1704560, 1769791, 1835281, 1900870, 1966566, 2031993, 2097586, 2162782, 2227920, 2293161, 2358479, 2424647, 2489967, 2555416, 2621244, 2686602, 2752204, 2817014, 2882206, 2948093, 3013090, 3078683, 3144386, 3209970, 3275381, 3340992, 3406411, 3471821, 3537725, 3603826, 3669116, 3734518, 3800466, 3866137, 3931715, 3997500, 4063133, 4128497, 4193849, 4259555, 4325226, 4390788, 4456222, 4521802, 4587490, 4652647, 4718086, 4783417, 4849223, 4914708, 4979774, 5045439, 5111030, 5177173, 5242783, 5307962, 5373454, 5439102, 5504710, 5570227, 5635704, 5701510, 5767271, 5832935, 5898809, 5964494, 6030280, 6095734, 6161324, 6227135, 6292152, 6357521, 6423065, 6488508, 6554162, 6619533, 6685203, 6750772, 6816453, 6882399, 6947620, 7013291, 7078585, 7143884, 7209461, 7275446, 7340826, 7406095, 7471893, 7537317, 7602949, 7668912, 7734057, 7800092, 7865797, 7931003, 7996291, 8061812, 8127222, 8192822, 8258058, 8323251, 8388619, 8454797, 8520209, 8585051, 8650914, 8716581, 8782234, 8847990, 8913877, 8979417, 9044823, 9110051, 9175401, 9241012, 9305820, 9371888, 9437299, 9502681, 9568084, 9633974, 9699540, 9765049, 9830428, 9895944, 9961117, 10026514, 10092336, 10157910, 10223580, 10288949, 10354232, 10419847, 10485469, 10550822, 10616456, 10681885, 10747852, 10813909, 10879390, 10944802, 11010443, 11075866, 11141571, 11207050, 11272639, 11338426, 11404156, 11469756, 11535537, 11601089, 11666486, 11731998, 11797148, 11862466, 11928437, 11994067, 12059376, 12124807, 12189840, 12255546, 12321752, 12387228, 12452968, 12518266, 12583681, 12648986, 12714699, 12780371, 12845917, 12911398, 12977391, 13042727, 13108199, 13173953, 13239378, 13304621, 13370263, 13435982, 13501195, 13567073, 13632580, 13698346, 13764038, 13830002, 13895895, 13961394, 14026996, 14092271, 14157742, 14223115, 14288697, 14354298, 14419912, 14485507, 14550957, 14616841, 14682279, 14747657, 14813322, 14879007, 14944343, 15009655, 15075082, 15140666, 15206518, 15271576, 15337038, 15402660, 15468057, 15533226, 15598698, 15663929, 15729681, 15795059, 15860097, 15925445, 15991018, 16056157, 16121620, 16187339, 16252741, 16318119, 16383587, 16449802, 16515508, 16580873, 16646510, 16712138, 16777215]
[65224, 130364, 195778, 261179, 326750, 392328, 457781, 523441, 588917, 654328, 719543, 785260, 850796, 916262, 982046, 1047682, 1113179, 1178641, 1244589, 1310000, 1375701, 1441431, 1506948, 1572652, 1638088, 1703686, 1769193, 1834240, 1899827, 1965749, 2030985, 2096117, 2161450, 2226964, 2292461, 2358174, 2423602, 2489034, 2554838, 2620256, 2686261, 2751601, 2817221, 2882882, 2948869, 3015182, 3080701, 3146497, 3211492, 3277463, 3343085, 3408810, 3474459, 3539889, 3605371, 3670912, 3736496, 3801606, 3866924, 3932506, 3998071, 4063380, 4128875, 4194301, 4259526, 4325103, 4390583, 4456237, 4521556, 4586805, 4652621, 4718136, 4783602, 4849122, 4914368, 4979820, 5045584, 5111382, 5176968, 5242015, 5307792, 5373697, 5439385, 5504915, 5570324, 5635732, 5701005, 5766289, 5831672, 5896895, 5962700, 6028233, 6094018, 6159563, 6224781, 6290965, 6356663, 6422512, 6487572, 6553006, 6618398, 6683957, 6749656, 6815150, 6880417, 6945817, 7011285, 7076802, 7141901, 7207400, 7272643, 7338075, 7403331, 7468810, 7534440, 7599816, 7665795, 7731454, 7797107, 7862981, 7928647, 7994231, 8059578, 8124954, 8190601, 8256555, 8321896, 8387521, 8453240, 8518252, 8583899, 8649453, 8715479, 8781601, 8846890, 8913018, 8978389, 9043633, 9109260, 9174828, 9240840, 9306525, 9371958, 9437366, 9502623, 9567748, 9633091, 9698678, 9764279, 9830427, 9895545, 9960982, 10026842, 10092665, 10158453, 10223945, 10289581, 10354789, 10420220, 10485695, 10550872, 10616475, 10681987, 10747378, 10812790, 10878228, 10943847, 11009596, 11074624, 11139887, 11205432, 11271391, 11337227, 11402830, 11468554, 11534199, 11600112, 11665748, 11731588, 11796855, 11861938, 11927483, 11993209, 12058927, 12123963, 12189167, 12255056, 12320602, 12386076, 12451629, 12517079, 12582396, 12648089, 12713691, 12779319, 12844783, 12910047, 12975740, 13041299, 13107221, 13172614, 13238892, 13304710, 13369460, 13435056, 13501096, 13566467, 13631851, 13697404, 13762497, 13828373, 13893499, 13959434, 14025043, 14091085, 14156483, 14222080, 14287773, 14353013, 14418578, 14484366, 14549900, 14615160, 14681048, 14746778, 14812308, 14877741, 14943457, 15008864, 15074635, 15140198, 15205628, 15271030, 15336604, 15401719, 15466953, 15532675, 15598221, 15664303, 15729868, 15795576, 15861489, 15926824, 15992272, 16057392, 16122866, 16188450, 16253737, 16318833, 16384571, 16449999, 16514962, 16580144, 16645790, 16711140, 16777215]
[65843, 131807, 196927, 262665, 328083, 393426, 459282, 524500, 590103, 655673, 721669, 787414, 853039, 918807, 984084, 1049450, 1115027, 1180277, 1245534, 1310562, 1376182, 1441656, 1506933, 1572554, 1638534, 1703953, 1769741, 1834928, 1901039, 1966851, 2032440, 2098146, 2163727, 2229108, 2294702, 2360399, 2426255, 2492020, 2557189, 2622860, 2688309, 2753709, 2819218, 2884670, 2949775, 3014887, 3080680, 3146106, 3211991, 3277280, 3343108, 3408226, 3473389, 3539142, 3604946, 3670819, 3736424, 3802000, 3867270, 3932784, 3998623, 4063945, 4129349, 4194875, 4260433, 4325610, 4391067, 4456615, 4522586, 4587788, 4653462, 4718877, 4784432, 4850012, 4915935, 4981525, 5046789, 5112151, 5177835, 5243519, 5309112, 5374822, 5440196, 5505597, 5570639, 5636315, 5701914, 5767443, 5833150, 5898939, 5964606, 6030303, 6096239, 6161961, 6227114, 6293161, 6359203, 6425085, 6490511, 6555869, 6621412, 6687113, 6752866, 6817815, 6883199, 6948731, 7014083, 7079508, 7144968, 7210640, 7275987, 7341892, 7407797, 7473576, 7539135, 7604327, 7669518, 7735160, 7800828, 7866178, 7931780, 7997181, 8062540, 8128054, 8193251, 8258748, 8323891, 8389301, 8454752, 8519738, 8584905, 8650972, 8716058, 8781276, 8847058, 8912560, 8978302, 9043855, 9109274, 9175025, 9240382, 9305792, 9371691, 9437549, 9502916, 9568174, 9633838, 9698952, 9764865, 9830740, 9896291, 9962040, 10027468, 10092956, 10158371, 10223671, 10289227, 10355014, 10420778, 10486032, 10551330, 10616887, 10682041, 10747650, 10813796, 10879710, 10945060, 11010901, 11076048, 11141809, 11206930, 11272538, 11338321, 11404057, 11469104, 11534454, 11600006, 11665651, 11730758, 11796241, 11861788, 11927274, 11992961, 12058396, 12124250, 12189623, 12255554, 12321151, 12386909, 12452305, 12517964, 12583352, 12648526, 12713709, 12779559, 12844924, 12910660, 12976048, 13041304, 13106649, 13172499, 13237873, 13303443, 13369465, 13435356, 13500824, 13566115, 13632065, 13697946, 13763598, 13829087, 13894026, 13959327, 14024919, 14090086, 14155280, 14221343, 14287246, 14352724, 14418162, 14483652, 14549039, 14614801, 14680362, 14745780, 14810958, 14876599, 14942509, 15007861, 15073606, 15138632, 15204153, 15269775, 15335302, 15400066, 15466102, 15531379, 15597155, 15662732, 15728314, 15794142, 15859991, 15925218, 15990670, 16056208, 16121850, 16186964, 16252024, 16317428, 16383098, 16449091, 16514387, 16580389, 16645948, 16711602, 16777215]
[65415, 131165, 196867, 262537, 328239, 393399, 459516, 525184, 590755, 656142, 721962, 787495, 853182, 918858, 984800, 1050326, 1115650, 1181052, 1246804, 1312146, 1377763, 1443402, 1509195, 1574625, 1639910, 1705236, 1770762, 1836126, 1901472, 1967026, 2032901, 2098122, 2163475, 2228865, 2294329, 2360524, 2426286, 2491899, 2557384, 2623049, 2688848, 2754436, 2819649, 2884734, 2950582, 3015906, 3081568, 3147278, 3212135, 3277814, 3343395, 3409126, 3474392, 3539968, 3605840, 3671508, 3736762, 3802289, 3867784, 3933134, 3998384, 4064204, 4129965, 4195591, 4261037, 4326741, 4392366, 4457726, 4523273, 4588951, 4654422, 4720065, 4785976, 4851203, 4916918, 4982185, 5047837, 5113359, 5178789, 5244222, 5310100, 5376022, 5441823, 5507362, 5573250, 5638493, 5703879, 5769291, 5834915, 5900166, 5965970, 6031553, 6096879, 6162401, 6227977, 6293286, 6359114, 6424771, 6490489, 6556254, 6621605, 6687129, 6752574, 6817822, 6883749, 6949030, 7014372, 7080244, 7145636, 7211485, 7277199, 7342510, 7408028, 7473401, 7538859, 7604199, 7669516, 7735158, 7801040, 7866077, 7931580, 7997248, 8062591, 8128469, 8194360, 8259510, 8324916, 8390099, 8455734, 8521107, 8586937, 8652423, 8717680, 8783596, 8849198, 8914781, 8980509, 9046266, 9111793, 9176999, 9242609, 9307998, 9373624, 9438879, 9504483, 9569955, 9635528, 9701041, 9766654, 9832535, 9897913, 9963506, 10029068, 10094637, 10159812, 10225462, 10291070, 10356951, 10422637, 10487991, 10553493, 10619259, 10684826, 10750051, 10815430, 10880988, 10946298, 11012049, 11077280, 11142797, 11208353, 11274109, 11339599, 11405180, 11470613, 11536061, 11601463, 11666875, 11732273, 11797948, 11863534, 11929439, 11994847, 12060300, 12125618, 12191258, 12256382, 12322396, 12387971, 12453561, 12519253, 12584627, 12650388, 12715658, 12780849, 12846522, 12912002, 12977566, 13042997, 13108488, 13174091, 13239139, 13304399, 13369920, 13435276, 13500951, 13566756, 13632183, 13697228, 13762711, 13828108, 13893604, 13959178, 14024299, 14089593, 14155026, 14220392, 14285786, 14351417, 14417039, 14482444, 14548225, 14613477, 14679031, 14744650, 14810217, 14875938, 14941547, 15007071, 15072574, 15138406, 15203920, 15269752, 15335383, 15401063, 15466784, 15532429, 15597705, 15663498, 15728983, 15794710, 15860140, 15925242, 15990830, 16056312, 16122117, 16187896, 16253030, 16318792, 16384498, 16450187, 16515519, 16580862, 16646276, 16711507, 16777215]
[65661, 131288, 196678, 262087, 327509, 392691, 458295, 523932, 589329, 654695, 720308, 786198, 851578, 917032, 982170, 1047723, 1113662, 1178863, 1244069, 1309999, 1375771, 1440930, 1506555, 1572237, 1638342, 1704135, 1769603, 1835181, 1900819, 1966279, 2031425, 2096912, 2162060, 2227568, 2292879, 2358455, 2423887, 2489412, 2554929, 2620602, 2686506, 2752361, 2817950, 2883231, 2948798, 3014215, 3080138, 3145716, 3210901, 3276608, 3342137, 3407874, 3473170, 3538522, 3603957, 3669660, 3735058, 3800935, 3866585, 3932469, 3998281, 4063813, 4129488, 4194786, 4260211, 4325648, 4391085, 4456579, 4522557, 4588088, 4653727, 4718781, 4784083, 4849472, 4915189, 4980761, 5046578, 5112284, 5177701, 5243001, 5308364, 5373461, 5438795, 5503997, 5569934, 5635804, 5701406, 5766603, 5831942, 5897444, 5963237, 6028850, 6094313, 6159917, 6225935, 6291309, 6357219, 6422827, 6488584, 6553947, 6619302, 6684835, 6750125, 6815861, 6882054, 6946893, 7012661, 7078443, 7143994, 7209658, 7275003, 7340772, 7406277, 7471600, 7537334, 7602876, 7668643, 7734241, 7800090, 7865145, 7929865, 7995374, 8061060, 8126367, 8191550, 8257099, 8322873, 8388405, 8453876, 8519627, 8584966, 8650739, 8715696, 8780970, 8846630, 8911883, 8977510, 9043542, 9109172, 9174843, 9240551, 9306129, 9371462, 9437009, 9502717, 9568350, 9633648, 9699006, 9764826, 9830199, 9895819, 9961353, 10026846, 10092487, 10158570, 10224064, 10289465, 10354686, 10419870, 10485375, 10551293, 10617054, 10682450, 10747680, 10812954, 10878351, 10943742, 11009628, 11075132, 11140259, 11205725, 11270999, 11336437, 11401891, 11467414, 11532560, 11597766, 11663215, 11728526, 11794075, 11859706, 11924862, 11990193, 12055918, 12121224, 12186720, 12252505, 12317836, 12382983, 12448697, 12514202, 12579758, 12645202, 12710702, 12775817, 12841655, 12907206, 12972637, 13038116, 13103303, 13168309, 13233605, 13298863, 13364091, 13429623, 13495125, 13560630, 13626100, 13691548, 13757457, 13822387, 13888041, 13953841, 14019379, 14085341, 14150794, 14216527, 14282270, 14347909, 14413380, 14479079, 14544882, 14610132, 14676072, 14741645, 14807489, 14873323, 14939011, 15004818, 15070306, 15135996, 15201986, 15268070, 15333795, 15398976, 15464501, 15530212, 15595765, 15661273, 15726938, 15792767, 15857812, 15923699, 15989595, 16054856, 16120691, 16186487, 16251880, 16317484, 16383067, 16448639, 16514346, 16580289, 16645643, 16711240, 16777215]
[65454, 130979, 195931, 262024, 327296, 393224, 458668, 523995, 589270, 654657, 720102, 785419, 850941, 916764, 982791, 1048320, 1113686, 1179593, 1245315, 1311141, 1377026, 1442327, 1507931, 1573735, 1639319, 1705167, 1770568, 1835816, 1901221, 1966708, 2032285, 2098059, 2163989, 2229762, 2294515, 2359662, 2425143, 2490231, 2556163, 2621466, 2686858, 2752163, 2817935, 2883236, 2949235, 3014661, 3080224, 3145498, 3211212, 3276747, 3342255, 3407363, 3472722, 3537690, 3602791, 3668747, 3733964, 3799439, 3865597, 3931544, 3997525, 4062918, 4128338, 4193763, 4259342, 4324873, 4390363, 4455492, 4521158, 4586632, 4652390, 4718050, 4783694, 4849180, 4915053, 4981035, 5046628, 5112679, 5178161, 5243491, 5309545, 5375472, 5440997, 5506499, 5572103, 5637750, 5703370, 5769090, 5834512, 5900245, 5965813, 6031088, 6096591, 6162014, 6227536, 6293552, 6358860, 6424297, 6490034, 6555575, 6621268, 6686400, 6751604, 6817019, 6882482, 6948153, 7014020, 7080040, 7146049, 7211338, 7277265, 7342898, 7408474, 7473914, 7539376, 7604910, 7670400, 7736144, 7801759, 7867240, 7932651, 7998385, 8064014, 8129391, 8195083, 8260685, 8325505, 8391020, 8456711, 8521944, 8587464, 8652966, 8718298, 8783902, 8849438, 8914827, 8980246, 9045546, 9111159, 9176949, 9241984, 9306971, 9372707, 9437937, 9503340, 9568845, 9634372, 9699766, 9765279, 9831082, 9896903, 9962681, 10028382, 10094044, 10159994, 10225340, 10290856, 10356334, 10421870, 10487608, 10553088, 10618581, 10684203, 10749691, 10815044, 10880628, 10946202, 11011570, 11077093, 11142804, 11208563, 11273954, 11339653, 11405640, 11471294, 11537521, 11603260, 11669174, 11734533, 11800081, 11865226, 11930992, 11996718, 12062172, 12127645, 12192863, 12258409, 12324029, 12389611, 12454983, 12520769, 12586344, 12651508, 12717140, 12782685, 12848351, 12913877, 12979027, 13044334, 13109514, 13175154, 13240797, 13306144, 13371520, 13437046, 13503017, 13568463, 13634021, 13699262, 13764279, 13829868, 13895228, 13960665, 14026016, 14090916, 14156402, 14221656, 14287213, 14353119, 14418116, 14483498, 14549068, 14614591, 14680359, 14745354, 14811303, 14877059, 14942321, 15008052, 15073614, 15139181, 15205134, 15270267, 15335739, 15401116, 15466702, 15532062, 15597904, 15663833, 15729282, 15794935, 15860880, 15926248, 15991569, 16057687, 16123333, 16188642, 16254188, 16319638, 16385080, 16450517, 16515811, 16581305, 16646595, 16712155, 16777215]
[65560, 131316, 196773, 262420, 328353, 394067, 459523, 524390, 589872, 655055, 720539, 786770, 852192, 918036, 983675, 1049433, 1115010, 1180705, 1246403, 1312292, 1378109, 1443628, 1509140, 1574742, 1639974, 1705976, 1771350, 1836576, 1902137, 1967459, 2032562, 2097269, 2163050, 2228890, 2294591, 2360248, 2426205, 2491814, 2557387, 2622826, 2688494, 2753952, 2819648, 2885105, 2950809, 3016478, 3082349, 3147673, 3213202, 3278235, 3343962, 3409466, 3474914, 3540165, 3605324, 3670899, 3736065, 3801932, 3867225, 3932790, 3998242, 4063792, 4129799, 4194565, 4259953, 4325178, 4390814, 4456039, 4521611, 4587227, 4652732, 4718155, 4784212, 4849806, 4915264, 4981223, 5046716, 5112752, 5178078, 5243360, 5308734, 5374256, 5439736, 5505327, 5571123, 5636759, 5702606, 5768066, 5833471, 5898346, 5963670, 6029066, 6094525, 6160213, 6225865, 6291592, 6357394, 6422835, 6488661, 6554000, 6619238, 6684399, 6750262, 6816109, 6881755, 6947296, 7012756, 7078123, 7143458, 7208645, 7274191, 7339667, 7405306, 7470715, 7535773, 7601481, 7666882, 7732220, 7797720, 7863169, 7928834, 7994153, 8060054, 8125027, 8190380, 8255781, 8321481, 8387167, 8452592, 8518062, 8583759, 8649496, 8714616, 8780124, 8845815, 8911458, 8976878, 9042794, 9108363, 9173493, 9238667, 9304454, 9369950, 9435477, 9500564, 9566340, 9631894, 9696926, 9762475, 9827771, 9893570, 9959291, 10024996, 10090267, 10155962, 10221495, 10287462, 10353198, 10418967, 10484648, 10550484, 10616154, 10681462, 10746874, 10812406, 10877932, 10942847, 11008300, 11073833, 11139720, 11205008, 11270212, 11335852, 11401387, 11466993, 11532458, 11598179, 11663679, 11729505, 11794946, 11860061, 11925349, 11990390, 12055689, 12120902, 12186482, 12251904, 12317128, 12382834, 12448505, 12514543, 12579657, 12645054, 12710965, 12776384, 12842038, 12907729, 12973801, 13039431, 13105185, 13171135, 13237382, 13302592, 13368480, 13434168, 13500034, 13565361, 13630680, 13695977, 13761463, 13826787, 13892544, 13957983, 14023161, 14088412, 14153999, 14219704, 14285168, 14351124, 14416407, 14481949, 14548079, 14613810, 14679233, 14744651, 14810446, 14875733, 14941264, 15006704, 15072575, 15138143, 15203534, 15269194, 15334749, 15399864, 15465775, 15531733, 15597189, 15662535, 15727785, 15793431, 15858988, 15924888, 15990305, 16055615, 16120771, 16186506, 16252502, 16318259, 16383638, 16449248, 16514445, 16579800, 16645720, 16711313, 16777215]
[65394, 130725, 196299, 261988, 327571, 393154, 458663, 524364, 589897, 655395, 720682, 786327, 851569, 917118, 982572, 1048313, 1113827, 1179529, 1244904, 1310539, 1376240, 1441571, 1507076, 1572509, 1637917, 1702833, 1768470, 1833820, 1899555, 1965245, 2030706, 2096474, 2162235, 2227864, 2293865, 2359351, 2425092, 2490799, 2556656, 2622157, 2687923, 2753651, 2819253, 2884615, 2950002, 3015846, 3081598, 3147119, 3212807, 3278038, 3343618, 3409280, 3474624, 3539756, 3604898, 3670645, 3736256, 3802205, 3867794, 3933499, 3998653, 4064229, 4129784, 4195377, 4261140, 4326884, 4392462, 4457557, 4522773, 4588730, 4653898, 4719551, 4785141, 4850866, 4916534, 4982058, 5047630, 5113245, 5179039, 5244157, 5309568, 5375182, 5440442, 5506003, 5571226, 5636901, 5702238, 5768019, 5833638, 5898818, 5964178, 6029527, 6094861, 6160318, 6225755, 6291229, 6356609, 6422469, 6488242, 6553676, 6619210, 6684860, 6750255, 6815861, 6881550, 6947120, 7013367, 7078988, 7144553, 7209963, 7275556, 7341483, 7406589, 7471946, 7537316, 7602995, 7668788, 7734811, 7800352, 7865959, 7931676, 7996826, 8062477, 8128157, 8193546, 8258932, 8324921, 8390577, 8455973, 8521796, 8587525, 8652612, 8718020, 8783351, 8848759, 8914163, 8979429, 9044991, 9110910, 9176821, 9242039, 9307892, 9373424, 9438329, 9503903, 9569633, 9635358, 9701101, 9766915, 9832860, 9898364, 9963897, 10029510, 10095108, 10160674, 10226337, 10291323, 10356724, 10422276, 10488114, 10553829, 10618909, 10684493, 10749662, 10815139, 10880843, 10946684, 11012034, 11077787, 11143194, 11208673, 11274333, 11340158, 11405675, 11471065, 11536696, 11602430, 11668107, 11733475, 11799070, 11864280, 11929902, 11995067, 12060815, 12126413, 12191914, 12257456, 12322832, 12388412, 12454196, 12519346, 12584753, 12650358, 12715793, 12780807, 12846354, 12911816, 12977520, 13043240, 13109155, 13174594, 13240502, 13305939, 13371345, 13436669, 13502055, 13567510, 13632979, 13698546, 13763952, 13829278, 13895231, 13960635, 14025953, 14091613, 14157140, 14222810, 14288207, 14353575, 14419383, 14484541, 14549737, 14615582, 14680706, 14746098, 14811808, 14877466, 14942924, 15008070, 15073558, 15138949, 15204815, 15270264, 15335902, 15401595, 15467023, 15532210, 15597867, 15663392, 15728965, 15794236, 15859451, 15925047, 15990722, 16056286, 16121598, 16187193, 16253073, 16318570, 16384067, 16449680, 16515125, 16580746, 16646254, 16711440, 16777215]
[65458, 130555, 195819, 260989, 326334, 391599, 457414, 522967, 588357, 654271, 719678, 784888, 850297, 915171, 980859, 1046672, 1112413, 1177655, 1242791, 1308791, 1374363, 1440009, 1505658, 1571095, 1636992, 1702632, 1768076, 1833927, 1899072, 1965218, 2030991, 2096809, 2162124, 2227842, 2293679, 2359534, 2425335, 2490335, 2555875, 2621755, 2687272, 2752874, 2818249, 2883617, 2948974, 3014935, 3080221, 3145945, 3211299, 3276745, 3341992, 3407543, 3472835, 3538515, 3603882, 3669611, 3735181, 3800991, 3866364, 3931583, 3997562, 4062890, 4128335, 4193530, 4259200, 4324801, 4389818, 4455191, 4520359, 4586154, 4651648, 4717470, 4783307, 4848969, 4914753, 4979933, 5045254, 5110730, 5175890, 5241161, 5306168, 5371218, 5436908, 5502617, 5568002, 5633572, 5698606, 5764018, 5829607, 5895456, 5960650, 6025858, 6092159, 6157704, 6223072, 6288304, 6353357, 6418866, 6484549, 6549751, 6615039, 6680523, 6746097, 6812054, 6877606, 6943198, 7008845, 7074569, 7140143, 7205728, 7271548, 7337248, 7402895, 7468750, 7534222, 7599477, 7665215, 7730192, 7795824, 7861208, 7926207, 7991651, 8057272, 8122892, 8188762, 8255128, 8320291, 8385671, 8451492, 8517254, 8582902, 8648351, 8714001, 8779474, 8844907, 8910792, 8976565, 9042265, 9107904, 9173834, 9239661, 9305271, 9370612, 9435726, 9501020, 9566558, 9632513, 9697834, 9763379, 9828632, 9894276, 9959659, 10025298, 10090601, 10156018, 10221509, 10287049, 10352824, 10418308, 10484143, 10550265, 10615812, 10681712, 10747208, 10813061, 10878793, 10944299, 11009688, 11075355, 11141138, 11206433, 11272012, 11337361, 11403051, 11468232, 11533792, 11599401, 11664960, 11730574, 11796324, 11861853, 11927266, 11992717, 12058584, 12124175, 12189865, 12254649, 12319801, 12385371, 12450601, 12516186, 12581924, 12647492, 12712988, 12778520, 12844041, 12909777, 12975470, 13041154, 13106745, 13172051, 13237527, 13302912, 13368519, 13434221, 13499566, 13564534, 13630004, 13695475, 13760896, 13826401, 13891698, 13957190, 14022615, 14088387, 14153748, 14219257, 14285119, 14350317, 14416284, 14481863, 14547541, 14613094, 14678261, 14743893, 14809512, 14875095, 14940971, 15006507, 15072270, 15138048, 15204029, 15269624, 15334840, 15400252, 15465868, 15531495, 15597143, 15662761, 15728377, 15793605, 15858758, 15924611, 15990223, 16055491, 16120577, 16186180, 16252038, 16317408, 16383183, 16448638, 16514525, 16580520, 16646084, 16711578, 16777215]
[65637, 131157, 197052, 262299, 327762, 393300, 458812, 524038, 589642, 655268, 720792, 786117, 851791, 917388, 983118, 1048439, 1114517, 1180071, 1245907, 1311147, 1376961, 1442747, 1508602, 1574245, 1639596, 1705052, 1770269, 1835798, 1901453, 1966503, 2032109, 2097997, 2163517, 2229099, 2295039, 2360531, 2426181, 2492079, 2557424, 2622814, 2688345, 2753691, 2818886, 2884184, 2949721, 3014956, 3080334, 3146145, 3211645, 3277388, 3342982, 3408419, 3473719, 3539468, 3604416, 3670179, 3735707, 3801666, 3867481, 3932858, 3998221, 4063531, 4128623, 4193822, 4259403, 4325003, 4390998, 4456405, 4521844, 4587065, 4652658, 4718343, 4783878, 4849382, 4914904, 4980470, 5046331, 5111719, 5177067, 5242156, 5307703, 5373256, 5438899, 5504385, 5569811, 5635233, 5700854, 5766307, 5831798, 5897874, 5963191, 6028715, 6094455, 6160059, 6225572, 6290724, 6356860, 6422494, 6487750, 6552758, 6618177, 6683684, 6749616, 6815386, 6881177, 6946769, 7012560, 7078380, 7144249, 7209641, 7275280, 7340716, 7405925, 7471139, 7536604, 7601816, 7667039, 7732777, 7798022, 7863618, 7928661, 7994409, 8059821, 8125128, 8190689, 8256262, 8321659, 8387145, 8452930, 8518662, 8584171, 8650307, 8715661, 8780883, 8846459, 8912148, 8977320, 9042603, 9108358, 9173942, 9239847, 9305326, 9371002, 9436599, 9502301, 9567659, 9633449, 9699246, 9764635, 9830027, 9895533, 9961147, 10026901, 10092355, 10157628, 10222942, 10288477, 10354063, 10419511, 10484951, 10550391, 10616060, 10681905, 10747658, 10812996, 10878637, 10944383, 11009847, 11075282, 11140778, 11206548, 11272017, 11337778, 11403079, 11468254, 11533604, 11599288, 11665178, 11730436, 11796243, 11861560, 11927077, 11992524, 12057947, 12123616, 12188896, 12254269, 12319430, 12385054, 12450280, 12515868, 12581456, 12646605, 12712454, 12777867, 12842978, 12908885, 12974146, 13039957, 13105429, 13170812, 13236132, 13301567, 13367070, 13432489, 13498234, 13564143, 13630080, 13695347, 13761119, 13826836, 13892080, 13957078, 14022734, 14087879, 14153692, 14219134, 14285068, 14350453, 14416053, 14481509, 14547171, 14612888, 14678198, 14743884, 14809326, 14875084, 14941024, 15006619, 15072287, 15138158, 15203881, 15269741, 15335347, 15401189, 15466826, 15532259, 15598039, 15663695, 15729151, 15794628, 15859920, 15925379, 15991156, 16056564, 16122280, 16187678, 16253154, 16318909, 16384273, 16449491, 16515195, 16580826, 16646085, 16711558, 16777215]
[65702, 131273, 197162, 262529, 328372, 393657, 459331, 524724, 590348, 655862, 721521, 787262, 853170, 918892, 983922, 1049279, 1115007, 1180084, 1245463, 1311213, 1377039, 1442489, 1508230, 1573726, 1639660, 1705353, 1771079, 1836536, 1902187, 1967999, 2033811, 2099394, 2165239, 2230897, 2296368, 2361603, 2427201, 2492202, 2557970, 2623557, 2688822, 2754234, 2819882, 2886174, 2951910, 3017163, 3083021, 3148767, 3214417, 3279928, 3345443, 3411048, 3476849, 3542475, 3607487, 3673040, 3738664, 3803601, 3869074, 3934163, 3999860, 4065454, 4130847, 4196396, 4261982, 4327547, 4392987, 4458602, 4524324, 4589756, 4655255, 4721172, 4786645, 4851770, 4917236, 4982755, 5048531, 5114275, 5179783, 5245289, 5310766, 5376648, 5441759, 5507208, 5572718, 5638280, 5703374, 5768882, 5834287, 5899879, 5965485, 6031017, 6096628, 6162284, 6227935, 6293131, 6358297, 6423676, 6489030, 6554925, 6620576, 6685962, 6751673, 6817056, 6882500, 6948059, 7013794, 7079282, 7145097, 7210761, 7275961, 7341383, 7406514, 7472163, 7537615, 7603428, 7668738, 7734324, 7800474, 7865914, 7931177, 7996989, 8062239, 8128072, 8193284, 8259024, 8324560, 8390530, 8455989, 8521196, 8586429, 8651735, 8717152, 8782806, 8848002, 8913419, 8979545, 9044557, 9109944, 9175598, 9241389, 9306956, 9372221, 9438028, 9503515, 9568812, 9634058, 9699662, 9765370, 9830911, 9896138, 9961844, 10028078, 10093273, 10158732, 10224170, 10289685, 10355438, 10421178, 10486549, 10551936, 10617179, 10682714, 10748213, 10814137, 10879691, 10945281, 11010358, 11075836, 11140671, 11206077, 11271103, 11336853, 11402113, 11467595, 11533326, 11599332, 11664821, 11730236, 11795965, 11861705, 11927083, 11992904, 12058889, 12123953, 12189605, 12254982, 12320918, 12386407, 12451367, 12516967, 12582305, 12648118, 12713758, 12779202, 12844762, 12910199, 12975365, 13040191, 13105491, 13170912, 13236649, 13301951, 13367197, 13432651, 13498484, 13564454, 13629963, 13695526, 13760753, 13826192, 13892151, 13957695, 14023308, 14088568, 14154338, 14219395, 14285060, 14351017, 14416650, 14482713, 14547738, 14613351, 14679088, 14744876, 14810504, 14876343, 14942215, 15007811, 15073276, 15139099, 15204463, 15269645, 15334963, 15400218, 15466065, 15531338, 15597087, 15662260, 15727887, 15793143, 15859030, 15924597, 15989975, 16055315, 16120992, 16186279, 16251827, 16317283, 16382849, 16448640, 16514565, 16580228, 16645735, 16711576, 16777215]
[65614, 130931, 196303, 262069, 327783, 393143, 458350, 524019, 589347, 654822, 720792, 786111, 851585, 916949, 982254, 1047634, 1112802, 1178574, 1244050, 1309686, 1375288, 1440554, 1505952, 1570845, 1636009, 1701641, 1767339, 1833162, 1899084, 1964703, 2030449, 2096345, 2161634, 2227039, 2292547, 2358097, 2423761, 2490035, 2555838, 2621074, 2686727, 2752448, 2818307, 2884076, 2949855, 3015366, 3080913, 3146472, 3211593, 3277616, 3343522, 3409341, 3475343, 3540701, 3605644, 3671327, 3736686, 3802123, 3868154, 3933878, 3999610, 4064721, 4130323, 4195579, 4260990, 4326271, 4392211, 4457395, 4522872, 4588544, 4654001, 4719842, 4785332, 4850606, 4916285, 4981631, 5047309, 5112922, 5178417, 5243825, 5309313, 5374709, 5440256, 5506055, 5571519, 5637028, 5702712, 5768523, 5834033, 5898912, 5964659, 6030180, 6095795, 6161382, 6227351, 6293062, 6358709, 6424208, 6489528, 6554934, 6620595, 6686331, 6751876, 6817447, 6882670, 6948065, 7013746, 7079018, 7144229, 7209573, 7274896, 7340394, 7405626, 7470920, 7536544, 7601839, 7667713, 7733432, 7798976, 7864231, 7929910, 7995291, 8060945, 8126690, 8192097, 8257382, 8323009, 8388678, 8454641, 8520449, 8586147, 8651982, 8717773, 8783382, 8848666, 8914211, 8979623, 9045367, 9111022, 9176516, 9242319, 9307766, 9373508, 9438385, 9503922, 9569327, 9635041, 9700762, 9766939, 9832969, 9898587, 9964128, 10030070, 10095553, 10160894, 10226607, 10292020, 10357500, 10422911, 10487964, 10553756, 10618784, 10684083, 10749714, 10815123, 10880728, 10946155, 11011829, 11077339, 11142963, 11208248, 11273850, 11339223, 11404734, 11470318, 11535968, 11601568, 11666877, 11731971, 11797783, 11863576, 11929366, 11994598, 12060058, 12125285, 12190607, 12255854, 12321015, 12386475, 12451401, 12516783, 12581784, 12647747, 12713258, 12778317, 12844131, 12909826, 12975171, 13040542, 13106567, 13172127, 13237747, 13303509, 13369429, 13435309, 13500777, 13566001, 13631333, 13697005, 13762855, 13828248, 13893834, 13959320, 14024652, 14089959, 14155190, 14220433, 14285771, 14351379, 14416791, 14482504, 14548149, 14613476, 14678399, 14743926, 14809653, 14875348, 14941071, 15006444, 15072424, 15138171, 15203778, 15269675, 15334722, 15399977, 15465466, 15530930, 15596154, 15661717, 15727115, 15792652, 15858142, 15923889, 15989430, 16055247, 16121188, 16186941, 16252608, 16318521, 16384344, 16449894, 16515126, 16580835, 16646231, 16711851, 16777215]
[65457, 131131, 196862, 262701, 328209, 393948, 459863, 525486, 591050, 656654, 722394, 788450, 854120, 919803, 985701, 1051189, 1116819, 1182206, 1247947, 1313560, 1379452, 1445081, 1510769, 1575730, 1641365, 1706553, 1771867, 1837281, 1903088, 1968971, 2034632, 2099978, 2165150, 2230539, 2296092, 2361028, 2426728, 2492048, 2557187, 2622345, 2687990, 2753512, 2818917, 2884467, 2950073, 3015250, 3080489, 3146283, 3211889, 3276599, 3342052, 3407393, 3472844, 3538851, 3604623, 3669601, 3734965, 3800538, 3866072, 3932143, 3997670, 4063067, 4128731, 4194167, 4259855, 4325199, 4390696, 4456267, 4521996, 4587402, 4653168, 4718343, 4783614, 4849077, 4914806, 4980668, 5046301, 5111990, 5177579, 5242838, 5308392, 5373527, 5439228, 5504820, 5570501, 5636093, 5701277, 5766748, 5832211, 5897979, 5963457, 6028737, 6094070, 6160096, 6226009, 6291530, 6357186, 6422002, 6487408, 6552898, 6618293, 6684084, 6749471, 6814815, 6880057, 6945818, 7011745, 7077293, 7143347, 7209121, 7274693, 7340199, 7405840, 7471975, 7537477, 7602549, 7668266, 7733552, 7799059, 7864667, 7930068, 7995600, 8061194, 8126723, 8192232, 8257860, 8323010, 8388581, 8454136, 8519540, 8585092, 8650812, 8715877, 8781338, 8847399, 8913003, 8978748, 9044293, 9109391, 9174627, 9239700, 9305208, 9370856, 9436286, 9501604, 9566925, 9632449, 9697756, 9763888, 9829650, 9895330, 9960846, 10026165, 10091235, 10156773, 10222480, 10287935, 10353374, 10418931, 10484660, 10550700, 10615712, 10681411, 10747238, 10813000, 10878965, 10944131, 11009527, 11075530, 11140950, 11206734, 11272267, 11338242, 11403758, 11469221, 11534770, 11600460, 11665813, 11731542, 11797124, 11862363, 11928333, 11993509, 12058925, 12124677, 12190156, 12255262, 12321227, 12386756, 12452469, 12517797, 12582821, 12648313, 12713718, 12779362, 12845077, 12910548, 12976472, 13041137, 13106556, 13172385, 13237749, 13303356, 13369270, 13434988, 13500546, 13566186, 13632042, 13697659, 13763241, 13828631, 13894279, 13959860, 14025615, 14091520, 14156781, 14221976, 14287352, 14353251, 14419021, 14484284, 14549771, 14614491, 14679961, 14745654, 14811317, 14876794, 14942231, 15007728, 15072904, 15138754, 15204270, 15269652, 15335066, 15400613, 15465759, 15531706, 15597332, 15662686, 15728351, 15793736, 15859679, 15925347, 15991035, 16056477, 16122022, 16187574, 16252848, 16319069, 16384765, 16450379, 16515934, 16581443, 16646911, 16712114, 16777215]
[65358, 130795, 196109, 261522, 326739, 392437, 457664, 522750, 588035, 653351, 718859, 784490, 849697, 915577, 980834, 1045895, 1111080, 1176965, 1242348, 1307904, 1373822, 1439264, 1504907, 1570587, 1636425, 1702420, 1767997, 1833790, 1899274, 1964994, 2030455, 2096181, 2162057, 2228079, 2294051, 2360300, 2426116, 2491714, 2557612, 2623339, 2689221, 2754527, 2820085, 2885809, 2951360, 3017010, 3082477, 3148003, 3213745, 3279572, 3345560, 3411216, 3476704, 3542632, 3608236, 3673586, 3739382, 3804861, 3870629, 3935999, 4001715, 4067021, 4132329, 4198000, 4263475, 4328827, 4394017, 4459345, 4525164, 4591114, 4656403, 4721544, 4786854, 4852257, 4917997, 4983622, 5049393, 5114835, 5180316, 5245895, 5311730, 5377168, 5442839, 5508569, 5574072, 5640136, 5705604, 5771290, 5836602, 5902514, 5968279, 6034052, 6099392, 6165169, 6231060, 6296312, 6362002, 6427135, 6492468, 6557815, 6623031, 6688418, 6753489, 6818938, 6884364, 6949880, 7015464, 7080870, 7146646, 7212468, 7277879, 7343245, 7409334, 7474851, 7540359, 7605891, 7670855, 7736348, 7801680, 7867166, 7932569, 7997888, 8062984, 8128657, 8194345, 8260234, 8325670, 8391340, 8457047, 8522475, 8587711, 8653249, 8718530, 8784198, 8849592, 8915317, 8980419, 9046200, 9111229, 9176559, 9242390, 9308316, 9374199, 9439695, 9505318, 9570204, 9635734, 9701393, 9767172, 9832489, 9897736, 9962991, 10028766, 10094499, 10159628, 10224606, 10290113, 10355302, 10420903, 10486669, 10552375, 10617677, 10683556, 10749059, 10814888, 10880513, 10946393, 11011877, 11077313, 11142823, 11208528, 11274037, 11339434, 11405337, 11470630, 11536343, 11601993, 11667277, 11732546, 11798297, 11863051, 11928701, 11994407, 12060227, 12125642, 12191291, 12256877, 12322104, 12387428, 12452666, 12518674, 12583925, 12649472, 12714614, 12780368, 12846023, 12911443, 12977384, 13042621, 13108297, 13173732, 13239047, 13304573, 13370027, 13435704, 13500836, 13566421, 13632323, 13697946, 13763572, 13828679, 13893800, 13958974, 14024408, 14090197, 14155509, 14220650, 14286461, 14352162, 14417734, 14483346, 14548616, 14613981, 14679428, 14745055, 14810520, 14875737, 14941037, 15006326, 15071877, 15137244, 15203037, 15268718, 15335017, 15400702, 15466217, 15532076, 15597548, 15662883, 15728147, 15793487, 15858934, 15924283, 15990260, 16055782, 16120923, 16186564, 16252226, 16317769, 16383538, 16449427, 16515510, 16580904, 16646405, 16711649, 16777215]
[65590, 131314, 196290, 261892, 327190, 392750, 458451, 523825, 588965, 654158, 719586, 785163, 850393, 915515, 981130, 1046682, 1111962, 1177790, 1243553, 1309098, 1375264, 1440657, 1506637, 1572611, 1638429, 1704176, 1769406, 1835179, 1900896, 1966469, 2031615, 2097649, 2163551, 2229067, 2294551, 2360487, 2426490, 2492365, 2558325, 2624408, 2689912, 2755703, 2821114, 2886870, 2952204, 3017543, 3082509, 3148217, 3213862, 3279514, 3344881, 3410647, 3476271, 3541470, 3607198, 3672857, 3737835, 3803611, 3869294, 3935030, 4000406, 4066072, 4131584, 4197093, 4262463, 4327494, 4393524, 4459167, 4525117, 4590433, 4656612, 4722241, 4788014, 4853585, 4919602, 4984979, 5050404, 5116311, 5181987, 5247619, 5313290, 5379097, 5444795, 5510489, 5576043, 5642034, 5707224, 5772674, 5837906, 5903102, 5968369, 6034008, 6099250, 6164942, 6230578, 6296214, 6361632, 6427465, 6492863, 6558180, 6623527, 6689040, 6753908, 6819537, 6885146, 6950780, 7016019, 7081902, 7147158, 7212963, 7277892, 7343830, 7409950, 7475687, 7541359, 7606912, 7672742, 7738375, 7803561, 7869061, 7934274, 8000370, 8065928, 8131569, 8196799, 8262422, 8328263, 8393944, 8459768, 8525189, 8590677, 8655971, 8721712, 8787334, 8852701, 8917989, 8983279, 9048670, 9114045, 9179618, 9245265, 9311039, 9376756, 9442556, 9508282, 9573278, 9639028, 9704764, 9769896, 9835258, 9900860, 9966685, 10032374, 10097915, 10163424, 10228699, 10294135, 10358999, 10424231, 10489894, 10555637, 10621274, 10686425, 10751927, 10817065, 10882794, 10948650, 11014091, 11079783, 11145075, 11210827, 11275667, 11340956, 11406534, 11472000, 11537307, 11602936, 11668249, 11733790, 11799087, 11864673, 11930098, 11995975, 12061585, 12127156, 12192827, 12258621, 12324216, 12389732, 12455514, 12521295, 12586572, 12651814, 12717265, 12782688, 12848110, 12913617, 12978797, 13044187, 13109810, 13175309, 13240932, 13306546, 13372260, 13438135, 13504261, 13569580, 13635066, 13700351, 13765772, 13831165, 13896553, 13961809, 14027650, 14093288, 14158838, 14224226, 14289848, 14355347, 14421106, 14486328, 14551769, 14617189, 14682514, 14748005, 14813578, 14878534, 14943876, 15009825, 15075550, 15140579, 15206045, 15271345, 15336817, 15402588, 15468233, 15533503, 15599002, 15665007, 15730550, 15795804, 15861142, 15926538, 15992486, 16057888, 16123662, 16188851, 16253825, 16319196, 16384581, 16450107, 16515636, 16580651, 16646484, 16711889, 16777215]
[65411, 130841, 196668, 262057, 327483, 393378, 459037, 524646, 589942, 655039, 720020, 785582, 851306, 916977, 982913, 1047742, 1113179, 1178787, 1243691, 1309640, 1375045, 1440731, 1506122, 1571430, 1637090, 1702548, 1768239, 1834050, 1899522, 1964665, 2029961, 2095346, 2161442, 2226859, 2292111, 2357533, 2423060, 2488611, 2553978, 2619429, 2684456, 2749897, 2815206, 2880931, 2946539, 3012256, 3077825, 3143454, 3209121, 3274817, 3340538, 3406181, 3471390, 3536993, 3602559, 3668058, 3733446, 3798883, 3864428, 3929867, 3995408, 4061148, 4126825, 4191419, 4256451, 4321898, 4387267, 4452748, 4518076, 4583711, 4649247, 4714430, 4780478, 4845272, 4910734, 4976403, 5041479, 5106858, 5172365, 5238195, 5304022, 5369650, 5435207, 5500544, 5565889, 5631339, 5697027, 5762440, 5828150, 5893571, 5959347, 6025076, 6090734, 6156116, 6221750, 6287118, 6352693, 6418550, 6483983, 6549443, 6614931, 6680130, 6745736, 6811716, 6877197, 6942863, 7008409, 7074173, 7139738, 7205334, 7270591, 7335575, 7401360, 7466765, 7532522, 7598359, 7663729, 7728899, 7795132, 7860556, 7926373, 7991938, 8057088, 8122840, 8188427, 8254219, 8319400, 8384801, 8450084, 8515813, 8580875, 8646284, 8712168, 8778230, 8843411, 8908538, 8974471, 9039858, 9104921, 9170331, 9235796, 9301186, 9366969, 9432058, 9497632, 9563198, 9628720, 9694306, 9760040, 9825703, 9890879, 9955721, 10021594, 10086554, 10152460, 10218072, 10283292, 10348789, 10414526, 10480863, 10546384, 10612204, 10677978, 10743392, 10808825, 10874424, 10939658, 11004991, 11070561, 11136068, 11201440, 11266830, 11332737, 11398220, 11463655, 11529280, 11594862, 11660795, 11726943, 11792211, 11857741, 11923346, 11988795, 12054103, 12119732, 12185258, 12250853, 12316626, 12382367, 12447889, 12512983, 12578712, 12644261, 12709931, 12775553, 12840935, 12906516, 12971717, 13037738, 13103772, 13169442, 13234956, 13300449, 13366288, 13431874, 13497094, 13562878, 13628346, 13693912, 13759399, 13824960, 13890722, 13956272, 14021659, 14087279, 14153113, 14218944, 14284562, 14350032, 14415359, 14480862, 14546343, 14612029, 14678261, 14743904, 14809397, 14875063, 14940562, 15006053, 15071539, 15137292, 15203091, 15268598, 15334129, 15400037, 15465903, 15531641, 15597115, 15662651, 15728225, 15793785, 15859158, 15924370, 15990289, 16055501, 16121133, 16186513, 16251895, 16317919, 16383099, 16449270, 16514878, 16580523, 16646068, 16711704, 16777215]
[65596, 130747, 196070, 262132, 327888, 393005, 458286, 523719, 589055, 654898, 720638, 785682, 851181, 917317, 982910, 1048408, 1113857, 1179095, 1244344, 1309784, 1375391, 1440678, 1506579, 1571956, 1637715, 1702863, 1768135, 1833897, 1899359, 1964856, 2030633, 2095891, 2161882, 2227814, 2293073, 2358658, 2423635, 2489209, 2555216, 2620518, 2686323, 2751680, 2817149, 2882741, 2947785, 3013466, 3079071, 3144718, 3209744, 3275377, 3340785, 3406354, 3471810, 3537348, 3602883, 3668474, 3734001, 3799492, 3865096, 3930944, 3996653, 4062279, 4127599, 4193455, 4258965, 4324409, 4389964, 4455232, 4521121, 4587163, 4652318, 4718196, 4784161, 4849457, 4915289, 4981475, 5046874, 5112802, 5178549, 5243605, 5309228, 5374816, 5440789, 5506017, 5571672, 5637373, 5702980, 5768457, 5833992, 5899419, 5964871, 6030753, 6096143, 6161219, 6226735, 6292443, 6357918, 6423145, 6488637, 6554130, 6619548, 6684753, 6750290, 6816245, 6882318, 6947813, 7013286, 7078487, 7144363, 7209650, 7275246, 7341140, 7406838, 7472532, 7538479, 7604204, 7669599, 7735102, 7800747, 7866258, 7931495, 7997136, 8062299, 8127867, 8193557, 8259416, 8325213, 8390544, 8455762, 8521582, 8586822, 8651805, 8717423, 8783409, 8849227, 8914344, 8979902, 9045550, 9110771, 9176399, 9241489, 9306940, 9372836, 9438492, 9503784, 9569013, 9634409, 9699288, 9764734, 9830483, 9896237, 9961891, 10027504, 10092813, 10158565, 10224383, 10290233, 10355795, 10421567, 10487438, 10553220, 10618570, 10683610, 10749639, 10815139, 10880773, 10945823, 11011294, 11076722, 11141770, 11207302, 11272515, 11337781, 11403055, 11468082, 11533354, 11598899, 11664097, 11730055, 11795877, 11861889, 11927800, 11993254, 12058240, 12123820, 12189434, 12254969, 12320392, 12385899, 12451096, 12516692, 12581941, 12648057, 12713470, 12778960, 12844341, 12909908, 12975556, 13041268, 13106803, 13172035, 13237528, 13302867, 13368488, 13433369, 13499157, 13564645, 13630406, 13695892, 13761479, 13827258, 13893393, 13958491, 14024125, 14089879, 14154831, 14220392, 14285920, 14351389, 14416917, 14482445, 14547752, 14613627, 14679079, 14744822, 14810215, 14876192, 14941826, 15007307, 15072722, 15138465, 15204045, 15269760, 15335173, 15400925, 15466330, 15531862, 15597320, 15663210, 15728826, 15793858, 15859644, 15925356, 15991113, 16056593, 16122099, 16187560, 16252833, 16318026, 16383290, 16448987, 16514660, 16579882, 16645426, 16711394, 16777215]
[66150, 131481, 197183, 262703, 328201, 393825, 459755, 525251, 590966, 656429, 722139, 788244, 854379, 919624, 984945, 1050108, 1116069, 1181534, 1247538, 1313036, 1378673, 1444140, 1509896, 1575455, 1640897, 1706621, 1771973, 1837696, 1903070, 1968055, 2033612, 2098505, 2163877, 2229532, 2295088, 2361050, 2426805, 2492448, 2557937, 2623445, 2688869, 2754606, 2820435, 2886476, 2951742, 3017219, 3082918, 3148394, 3213728, 3279243, 3344656, 3409987, 3475136, 3540655, 3606522, 3672257, 3737984, 3803654, 3869270, 3935330, 4001182, 4066391, 4131878, 4197568, 4263244, 4329269, 4394752, 4460575, 4525791, 4591603, 4657247, 4722990, 4788846, 4854705, 4919882, 4985517, 5051149, 5116565, 5182662, 5247779, 5313441, 5379068, 5444756, 5510329, 5575817, 5641117, 5706840, 5772672, 5838110, 5903717, 5968933, 6034508, 6099616, 6164786, 6230249, 6295345, 6360944, 6426224, 6491253, 6556978, 6622536, 6687951, 6753222, 6818709, 6884679, 6950155, 7015475, 7080837, 7146527, 7211900, 7277289, 7343317, 7408629, 7474030, 7539411, 7605060, 7670457, 7736110, 7801724, 7867092, 7932458, 7998216, 8063363, 8128742, 8194074, 8259513, 8324959, 8390428, 8456516, 8522107, 8587491, 8653434, 8718771, 8784293, 8850050, 8915223, 8980521, 9046085, 9111498, 9176998, 9242379, 9307940, 9373887, 9439301, 9504908, 9570700, 9635984, 9701718, 9767387, 9833412, 9898682, 9963965, 10029436, 10094692, 10159946, 10225498, 10290974, 10356223, 10421841, 10487802, 10554070, 10619650, 10685603, 10751430, 10817124, 10882606, 10948042, 11013075, 11078853, 11144697, 11210190, 11275865, 11341646, 11407619, 11472931, 11538608, 11604315, 11669574, 11734547, 11800005, 11865812, 11931153, 11996434, 12062024, 12127414, 12192582, 12258090, 12323570, 12389327, 12454926, 12520170, 12585887, 12651176, 12716535, 12781684, 12847223, 12913097, 12978343, 13043980, 13109361, 13174821, 13240297, 13306031, 13371758, 13437298, 13502561, 13567902, 13633588, 13699166, 13764288, 13829232, 13894723, 13960010, 14025589, 14090683, 14156213, 14221334, 14286747, 14352570, 14417491, 14482550, 14547957, 14613425, 14678670, 14744594, 14809908, 14875782, 14941232, 15006877, 15072703, 15138340, 15203501, 15268762, 15334028, 15399252, 15464973, 15530934, 15596451, 15662328, 15727868, 15793285, 15858525, 15923703, 15989610, 16055474, 16121404, 16187076, 16253313, 16319541, 16385155, 16450255, 16515638, 16580684, 16646232, 16711698, 16777215]
[65783, 131305, 196784, 262620, 327935, 393641, 459658, 524754, 590102, 655368, 720968, 786640, 852352, 918562, 984274, 1049949, 1115352, 1181168, 1246249, 1311514, 1377184, 1442249, 1507695, 1573310, 1638767, 1703815, 1769608, 1835048, 1900408, 1966314, 2031992, 2097501, 2162632, 2228010, 2293314, 2358800, 2424371, 2489834, 2555256, 2620815, 2686331, 2752031, 2817607, 2883474, 2948676, 3013802, 3079648, 3145381, 3210792, 3276335, 3341712, 3407543, 3473128, 3538307, 3604184, 3669972, 3735311, 3800807, 3866345, 3931826, 3997530, 4063449, 4128886, 4194492, 4260297, 4326287, 4392210, 4458319, 4523112, 4588423, 4653757, 4719942, 4784789, 4850349, 4916578, 4982330, 5048102, 5113780, 5179466, 5244737, 5310235, 5375966, 5441421, 5506996, 5572271, 5637537, 5702923, 5768848, 5834072, 5899478, 5965002, 6030634, 6096259, 6161523, 6226851, 6292335, 6358014, 6423419, 6488846, 6554363, 6619454, 6683947, 6749593, 6814859, 6880473, 6946250, 7011537, 7077023, 7142731, 7208043, 7273603, 7339332, 7405035, 7470562, 7535998, 7601426, 7666793, 7732539, 7798099, 7863386, 7928826, 7994237, 8059853, 8125163, 8190669, 8256100, 8321568, 8387063, 8453145, 8518933, 8584333, 8649309, 8714684, 8780244, 8845774, 8911381, 8976945, 9042798, 9108590, 9174286, 9239915, 9305173, 9370730, 9436270, 9502140, 9567641, 9633367, 9699506, 9765264, 9830192, 9895634, 9961490, 10027323, 10092754, 10158138, 10223824, 10289848, 10355392, 10420807, 10486518, 10551860, 10617379, 10682429, 10747424, 10813191, 10878534, 10943975, 11009658, 11075406, 11140990, 11206652, 11272183, 11337662, 11402760, 11468515, 11534091, 11599619, 11665454, 11730466, 11795799, 11861279, 11926797, 11992110, 12057442, 12122904, 12188581, 12254047, 12319352, 12385279, 12451093, 12516541, 12582321, 12647908, 12713389, 12779327, 12844805, 12910018, 12975709, 13040762, 13106132, 13171682, 13237296, 13302475, 13367690, 13433273, 13498982, 13564928, 13630960, 13696240, 13761666, 13827222, 13892488, 13958246, 14023726, 14089178, 14155000, 14220467, 14285908, 14351773, 14417260, 14482975, 14548976, 14614393, 14679863, 14745544, 14811354, 14877049, 14942426, 15008069, 15073577, 15139360, 15204774, 15270049, 15335861, 15401126, 15466461, 15532029, 15597436, 15662959, 15728473, 15793967, 15859505, 15924812, 15990364, 16055975, 16121244, 16186787, 16252132, 16318068, 16383975, 16449576, 16514692, 16580513, 16645920, 16711460, 16777215]
[65476, 130645, 196209, 261824, 327359, 392720, 458090, 523598, 588529, 653730, 718928, 784601, 850387, 915724, 980971, 1046604, 1112073, 1177702, 1242975, 1308403, 1374041, 1439755, 1505163, 1570619, 1636220, 1701820, 1767476, 1832728, 1898179, 1963699, 2029228, 2094672, 2160593, 2225707, 2291247, 2357145, 2422588, 2488748, 2554407, 2619436, 2684983, 2750724, 2815874, 2881204, 2946546, 3012201, 3077918, 3143219, 3208758, 3274259, 3339618, 3405248, 3470923, 3536662, 3602194, 3667779, 3733009, 3798454, 3863739, 3929702, 3995331, 4060622, 4125969, 4190992, 4256528, 4322313, 4387808, 4452909, 4518340, 4583977, 4649759, 4715482, 4780848, 4846814, 4912733, 4978238, 5044343, 5110144, 5175968, 5241587, 5306927, 5372698, 5438358, 5504228, 5569801, 5635603, 5701410, 5767038, 5832733, 5898129, 5963847, 6029431, 6094447, 6160059, 6225241, 6290694, 6356233, 6421716, 6486908, 6552306, 6617825, 6683161, 6748737, 6814131, 6879753, 6945104, 7010816, 7076634, 7142204, 7207520, 7273326, 7339146, 7404321, 7469313, 7535045, 7600287, 7665515, 7731416, 7796874, 7862828, 7927912, 7993470, 8058635, 8124359, 8189981, 8255118, 8320955, 8386429, 8451570, 8517180, 8582225, 8647788, 8712728, 8777772, 8843332, 8909073, 8974242, 9039625, 9105168, 9170768, 9236113, 9301957, 9367593, 9433574, 9499548, 9564567, 9630396, 9695701, 9761147, 9826752, 9892555, 9958974, 10024544, 10089735, 10155536, 10221411, 10286696, 10352290, 10417369, 10482786, 10548193, 10613962, 10679480, 10745045, 10810473, 10876037, 10941767, 11007548, 11073248, 11138875, 11204448, 11269743, 11335564, 11401046, 11466623, 11532210, 11597737, 11663596, 11729158, 11795060, 11860215, 11925587, 11991143, 12056697, 12121922, 12187565, 12253039, 12318818, 12384022, 12449856, 12515981, 12581177, 12646749, 12712464, 12778599, 12844433, 12909662, 12975401, 13041178, 13106451, 13171487, 13237154, 13302803, 13368297, 13433957, 13499568, 13564815, 13630462, 13695966, 13761567, 13827150, 13892669, 13958415, 14024203, 14089785, 14155023, 14220487, 14285769, 14351386, 14416782, 14482223, 14548217, 14613923, 14679870, 14744707, 14810364, 14876015, 14941640, 15007225, 15073155, 15138687, 15204513, 15269527, 15334898, 15400790, 15466374, 15531802, 15598004, 15663137, 15729007, 15794575, 15860200, 15925685, 15990991, 16056577, 16121884, 16187311, 16252765, 16318339, 16383725, 16449258, 16514962, 16580583, 16646186, 16711355, 16777215]
[65594, 131436, 197403, 263084, 328842, 394233, 459850, 525276, 590673, 655577, 721188, 786981, 852860, 918002, 983496, 1049168, 1114810, 1180791, 1245987, 1311715, 1377600, 1443238, 1508588, 1573864, 1639651, 1704467, 1769692, 1835399, 1900939, 1966416, 2031863, 2097331, 2162838, 2228793, 2293859, 2359544, 2424839, 2490687, 2556182, 2621989, 2687207, 2752825, 2818571, 2884226, 2950250, 3015785, 3081473, 3147221, 3212855, 3278696, 3344026, 3409374, 3474846, 3540278, 3605461, 3670836, 3736302, 3801726, 3867399, 3932318, 3998042, 4063421, 4129314, 4195244, 4260632, 4326103, 4391270, 4457087, 4522554, 4588156, 4653399, 4719179, 4784744, 4850173, 4915535, 4980957, 5047013, 5112269, 5177994, 5243167, 5308533, 5374028, 5439635, 5505068, 5570482, 5636059, 5701918, 5767786, 5833147, 5898510, 5964084, 6029550, 6094964, 6161032, 6226486, 6291999, 6357337, 6422808, 6488304, 6553842, 6619346, 6684877, 6750097, 6815626, 6881117, 6946706, 7011899, 7077569, 7143310, 7208694, 7274333, 7339942, 7405546, 7470814, 7536335, 7601892, 7667465, 7733165, 7798546, 7863760, 7928943, 7994746, 8060503, 8125829, 8191193, 8256618, 8322535, 8388206, 8453606, 8518993, 8584306, 8649917, 8715494, 8781176, 8846413, 8911633, 8977606, 9042932, 9108397, 9174083, 9239826, 9305154, 9370988, 9436497, 9501893, 9567200, 9632488, 9697845, 9763506, 9829112, 9894463, 9960650, 10026028, 10091818, 10157450, 10223225, 10288951, 10354761, 10420258, 10485457, 10550994, 10616833, 10682668, 10748142, 10813489, 10878924, 10944822, 11010487, 11075952, 11141579, 11207189, 11272596, 11337814, 11402887, 11468691, 11534225, 11599721, 11665170, 11730368, 11796030, 11861230, 11926349, 11991368, 12056897, 12122361, 12187934, 12253369, 12319378, 12385025, 12450434, 12515643, 12580931, 12646680, 12711932, 12777687, 12843151, 12908584, 12974096, 13039328, 13104522, 13170215, 13235651, 13301375, 13366769, 13432325, 13498034, 13563791, 13629258, 13694723, 13760491, 13826314, 13891970, 13957591, 14023369, 14089627, 14155224, 14220953, 14286480, 14351955, 14417765, 14483626, 14548832, 14614371, 14679753, 14745609, 14811093, 14876343, 14941685, 15007379, 15072281, 15137931, 15203620, 15268856, 15334070, 15399355, 15465008, 15530758, 15596338, 15662274, 15727923, 15793535, 15858992, 15925216, 15990567, 16055981, 16121293, 16186826, 16252262, 16318203, 16383897, 16449517, 16514759, 16580638, 16646294, 16711934, 16777215]
[65368, 131071, 196986, 262240, 328318, 393633, 459016, 524834, 590200, 655376, 720904, 786578, 851917, 917159, 982755, 1048470, 1113962, 1179563, 1245023, 1310445, 1375975, 1441901, 1507658, 1573634, 1638759, 1703739, 1769357, 1834790, 1900193, 1965990, 2031923, 2097263, 2162854, 2228328, 2294008, 2359495, 2424490, 2489626, 2555660, 2621470, 2687145, 2752655, 2818551, 2883860, 2949144, 3014659, 3080036, 3145977, 3211953, 3277468, 3343461, 3409234, 3474586, 3540031, 3605231, 3670938, 3736578, 3802024, 3867727, 3933104, 3998659, 4064073, 4129947, 4195763, 4261215, 4326806, 4392363, 4458026, 4523682, 4588914, 4654533, 4720148, 4785558, 4850973, 4916697, 4982403, 5047766, 5113375, 5178551, 5244035, 5309923, 5375387, 5441093, 5506364, 5571923, 5637315, 5702822, 5768404, 5833758, 5899318, 5964967, 6030588, 6096160, 6161656, 6227218, 6293250, 6359159, 6423917, 6488695, 6554255, 6619467, 6685172, 6750554, 6816092, 6881407, 6946624, 7011827, 7077179, 7142306, 7207458, 7273448, 7338780, 7404154, 7469641, 7535243, 7600762, 7666199, 7731847, 7797406, 7862937, 7928835, 7994737, 8059919, 8124977, 8190767, 8255940, 8321296, 8386813, 8452343, 8517746, 8583263, 8648589, 8713687, 8779389, 8844617, 8910091, 8976173, 9041430, 9107123, 9173115, 9238685, 9304693, 9370178, 9435492, 9501762, 9567098, 9632970, 9698433, 9763471, 9828799, 9894471, 9960056, 10025012, 10090222, 10155625, 10220921, 10286562, 10352470, 10418017, 10483389, 10548972, 10614293, 10679958, 10745118, 10810596, 10876060, 10941556, 11007771, 11073392, 11139026, 11204606, 11270051, 11335428, 11401222, 11466430, 11532157, 11597325, 11663317, 11728785, 11794400, 11859935, 11925799, 11991126, 12056448, 12121888, 12187199, 12252898, 12318544, 12384334, 12450396, 12515862, 12581175, 12646158, 12711462, 12776858, 12842387, 12908087, 12973715, 13038908, 13104370, 13170245, 13235612, 13301146, 13366515, 13431942, 13497652, 13563269, 13629217, 13694735, 13760299, 13826017, 13891736, 13957152, 14022868, 14088803, 14154644, 14220470, 14286194, 14351429, 14416733, 14482163, 14547721, 14613013, 14678847, 14744202, 14810226, 14876052, 14941301, 15007238, 15072917, 15138620, 15204404, 15270123, 15335529, 15401190, 15466099, 15531827, 15597263, 15662611, 15728095, 15794072, 15859274, 15924843, 15990336, 16056376, 16122102, 16187543, 16253094, 16318519, 16384218, 16449503, 16515276, 16580784, 16646273, 16711508, 16777215]
[65352, 130916, 196480, 261752, 327716, 393267, 458900, 524306, 590128, 655698, 721137, 786475, 852010, 917787, 983298, 1048624, 1113720, 1179395, 1244936, 1310190, 1375520, 1440939, 1506222, 1571786, 1637223, 1702849, 1768855, 1834009, 1899177, 1964569, 2030042, 2096083, 2161727, 2227496, 2293047, 2358368, 2423957, 2489594, 2555339, 2621025, 2686478, 2751764, 2817072, 2882450, 2947938, 3013373, 3078986, 3144552, 3210226, 3275545, 3340748, 3406377, 3471772, 3537204, 3602881, 3668528, 3734196, 3799411, 3864893, 3930481, 3995832, 4061728, 4127367, 4192727, 4258630, 4323849, 4389199, 4454774, 4520460, 4585897, 4651765, 4717488, 4783025, 4848666, 4914523, 4980165, 5046156, 5111239, 5176705, 5242040, 5307424, 5372620, 5438363, 5503615, 5569044, 5634539, 5700325, 5765913, 5831275, 5896877, 5962519, 6027675, 6093265, 6158378, 6224102, 6289776, 6355382, 6421212, 6486605, 6552404, 6618025, 6683125, 6748475, 6814029, 6879257, 6944534, 7010086, 7075462, 7140713, 7206180, 7272130, 7337426, 7402763, 7468538, 7533986, 7599282, 7664830, 7730358, 7795835, 7861381, 7926610, 7992075, 8057647, 8123706, 8189125, 8254505, 8320165, 8385817, 8451683, 8517771, 8583240, 8648303, 8713718, 8779332, 8844346, 8910334, 8975756, 9040904, 9106131, 9171913, 9237475, 9303020, 9368588, 9434413, 9499262, 9564588, 9630272, 9695731, 9761219, 9827502, 9892832, 9958971, 10024374, 10089874, 10155674, 10221476, 10287198, 10353287, 10418844, 10484493, 10550050, 10615289, 10681022, 10746620, 10811950, 10877421, 10943004, 11008360, 11073943, 11139307, 11205189, 11270607, 11336349, 11401623, 11467782, 11533173, 11598625, 11664111, 11729724, 11795332, 11860383, 11926429, 11991731, 12057190, 12123166, 12188654, 12254202, 12320062, 12385359, 12450847, 12516632, 12581641, 12646971, 12713021, 12778782, 12844266, 12909758, 12975989, 13041614, 13107042, 13172246, 13237618, 13303108, 13368583, 13433982, 13499680, 13565174, 13630260, 13695746, 13761197, 13826816, 13892096, 13958273, 14023724, 14089011, 14154543, 14219563, 14285111, 14350870, 14416308, 14482026, 14547488, 14613186, 14678788, 14744543, 14810128, 14875678, 14941206, 15006735, 15072272, 15137359, 15203154, 15268726, 15334348, 15400139, 15465221, 15530694, 15596335, 15661865, 15727353, 15793172, 15858464, 15924077, 15989454, 16055422, 16121523, 16186910, 16252731, 16318923, 16384428, 16449368, 16514648, 16579855, 16645621, 16711291, 16777215]
[65102, 130147, 195407, 260943, 326359, 391962, 457506, 523196, 588958, 654289, 719724, 785614, 851081, 917092, 982464, 1048241, 1113267, 1178727, 1244207, 1309752, 1375115, 1440876, 1506174, 1571207, 1636821, 1702028, 1767328, 1832998, 1898857, 1964710, 2029767, 2095223, 2160939, 2226228, 2292073, 2357910, 2423318, 2488611, 2554006, 2619715, 2685467, 2751054, 2816713, 2882500, 2948139, 3013995, 3079977, 3145619, 3211048, 3276767, 3342019, 3407463, 3473293, 3538686, 3604004, 3669774, 3735266, 3800522, 3866216, 3931603, 3997035, 4062606, 4128174, 4193533, 4259064, 4324127, 4389797, 4455489, 4521364, 4587173, 4652832, 4718543, 4784277, 4849477, 4915021, 4980459, 5045983, 5111517, 5177154, 5242348, 5307729, 5373856, 5439179, 5504371, 5570478, 5635867, 5701085, 5766620, 5832195, 5897847, 5963258, 6028553, 6093995, 6159564, 6224972, 6290147, 6355988, 6421347, 6486844, 6552661, 6618162, 6683471, 6749132, 6814567, 6879993, 6945370, 7011235, 7076591, 7142215, 7207742, 7273219, 7338627, 7404277, 7469715, 7535298, 7600876, 7666497, 7732216, 7797397, 7862820, 7928232, 7993568, 8059206, 8124928, 8190049, 8255629, 8321355, 8387019, 8453070, 8518525, 8584076, 8649697, 8715304, 8780900, 8846289, 8912030, 8977768, 9043151, 9108688, 9174382, 9239932, 9305211, 9370389, 9435952, 9501839, 9567469, 9633756, 9699137, 9764900, 9830940, 9896375, 9961873, 10027776, 10093171, 10159019, 10224815, 10290346, 10356134, 10421949, 10487994, 10553626, 10619366, 10684917, 10750362, 10815749, 10881101, 10946487, 11012127, 11077721, 11143336, 11208634, 11274236, 11340121, 11405842, 11471073, 11536738, 11602401, 11667689, 11733348, 11799001, 11864253, 11929868, 11994888, 12060341, 12126153, 12192002, 12257514, 12322949, 12388584, 12454392, 12520037, 12585518, 12651307, 12716406, 12781886, 12847237, 12912711, 12978317, 13043810, 13109664, 13175308, 13241188, 13306919, 13371968, 13436934, 13502333, 13567546, 13632995, 13699068, 13764334, 13829690, 13894852, 13960424, 14025579, 14090797, 14156508, 14222088, 14287805, 14353010, 14418593, 14484316, 14549724, 14614804, 14680499, 14746233, 14811484, 14877126, 14942597, 15008007, 15073574, 15139134, 15204381, 15269821, 15335385, 15401249, 15466433, 15531867, 15597713, 15663245, 15729036, 15794955, 15860632, 15926142, 15991867, 16057250, 16122596, 16187751, 16253547, 16319167, 16384836, 16450219, 16515809, 16581130, 16646487, 16711293, 16777215]
[65723, 130755, 196562, 261970, 327737, 393110, 458441, 523744, 589766, 654902, 719946, 785896, 851358, 916761, 982307, 1047557, 1113283, 1179306, 1244917, 1309911, 1375577, 1440688, 1506389, 1571461, 1636851, 1702275, 1767473, 1833173, 1899059, 1964607, 2029957, 2095424, 2161037, 2226407, 2292189, 2357933, 2423624, 2489653, 2555011, 2620960, 2686068, 2751602, 2817035, 2882578, 2948096, 3013779, 3079299, 3144945, 3210966, 3276399, 3341446, 3406378, 3472243, 3538051, 3603540, 3668942, 3734457, 3799950, 3865166, 3930968, 3996872, 4062566, 4127786, 4193070, 4258907, 4324474, 4389832, 4455485, 4520922, 4586356, 4651743, 4716853, 4782317, 4848376, 4914002, 4979552, 5044740, 5110281, 5175684, 5241024, 5306502, 5371508, 5437430, 5502934, 5568582, 5634160, 5699517, 5765376, 5830544, 5895815, 5961229, 6027134, 6092913, 6158021, 6223618, 6289003, 6354784, 6420480, 6485774, 6551356, 6616734, 6682246, 6747574, 6813434, 6879166, 6944637, 7010004, 7075536, 7141368, 7206902, 7272189, 7337822, 7403193, 7468651, 7534237, 7599895, 7665716, 7731241, 7796624, 7862034, 7927638, 7993401, 8058825, 8124108, 8190009, 8255693, 8321098, 8387006, 8452684, 8518292, 8583739, 8649564, 8715033, 8780463, 8846212, 8911724, 8977203, 9042941, 9108716, 9174208, 9239512, 9304835, 9370513, 9436172, 9501558, 9567236, 9633017, 9698413, 9763695, 9829522, 9894975, 9960511, 10025754, 10091356, 10156454, 10221707, 10287022, 10352807, 10418820, 10484774, 10550292, 10615739, 10681219, 10746971, 10812223, 10877482, 10942656, 11007962, 11073453, 11139174, 11204869, 11270362, 11335905, 11401715, 11467029, 11532689, 11598031, 11663370, 11729312, 11795526, 11860947, 11926823, 11992954, 12058523, 12124192, 12189407, 12254921, 12320411, 12385527, 12451237, 12516965, 12582439, 12647998, 12713549, 12779190, 12845031, 12910322, 12975853, 13041477, 13106763, 13172275, 13238071, 13303419, 13368912, 13434424, 13500349, 13565811, 13631492, 13697119, 13762531, 13828288, 13894017, 13959288, 14025242, 14090892, 14156348, 14221850, 14287209, 14353046, 14418405, 14484041, 14549372, 14614929, 14680385, 14745597, 14811328, 14877190, 14942783, 15008331, 15073777, 15139120, 15204467, 15269971, 15335851, 15401657, 15467085, 15532592, 15598265, 15663575, 15729162, 15794382, 15859633, 15925566, 15991446, 16056509, 16121744, 16186772, 16252601, 16318124, 16383661, 16448942, 16514586, 16580494, 16646154, 16711319, 16777215]
[65745, 131351, 196801, 262466, 328084, 393369, 458970, 524630, 590144, 655555, 720967, 786578, 851911, 917223, 982960, 1048343, 1113730, 1179666, 1244842, 1310231, 1375678, 1441117, 1506731, 1572486, 1637947, 1703868, 1769582, 1835214, 1901195, 1966767, 2032291, 2097421, 2163181, 2228934, 2294468, 2360365, 2425978, 2491320, 2557056, 2622807, 2688614, 2754636, 2820225, 2885663, 2951019, 3016491, 3081896, 3147228, 3212467, 3278273, 3344188, 3410084, 3475463, 3541203, 3606782, 3672931, 3738648, 3804528, 3870205, 3935778, 4001282, 4066301, 4132048, 4197629, 4263337, 4329067, 4394477, 4459981, 4525584, 4590947, 4656107, 4721323, 4787128, 4852840, 4918114, 4983285, 5049033, 5114417, 5180320, 5245741, 5310756, 5376208, 5441123, 5506544, 5571912, 5637050, 5702230, 5767940, 5833617, 5899063, 5964626, 6030263, 6095745, 6161627, 6227297, 6292861, 6358642, 6424678, 6490528, 6556135, 6622006, 6687280, 6752986, 6818492, 6884604, 6950208, 7015589, 7080866, 7146585, 7211703, 7277197, 7342802, 7408362, 7474031, 7539202, 7604772, 7670148, 7735030, 7800390, 7866579, 7931918, 7997352, 8062752, 8127980, 8192869, 8258813, 8324459, 8389817, 8455150, 8520602, 8586497, 8652036, 8717707, 8782798, 8848321, 8913879, 8979693, 9045393, 9111101, 9176608, 9241823, 9307413, 9373436, 9438700, 9504486, 9570370, 9636200, 9701649, 9767600, 9833169, 9898271, 9963545, 10029003, 10094358, 10159645, 10225331, 10290785, 10356398, 10421928, 10487147, 10552967, 10618288, 10683734, 10749256, 10814680, 10879990, 10945437, 11010737, 11076439, 11141761, 11207475, 11272995, 11338598, 11404330, 11469535, 11535147, 11600448, 11665524, 11731265, 11796763, 11861871, 11927278, 11993000, 12058324, 12123622, 12189425, 12254807, 12320026, 12385393, 12451133, 12516646, 12582528, 12648286, 12713931, 12779208, 12844755, 12910201, 12975858, 13041542, 13107159, 13172357, 13238031, 13303416, 13368720, 13434044, 13499608, 13565582, 13631157, 13696464, 13761632, 13827290, 13892510, 13958183, 14023956, 14089302, 14154824, 14221087, 14286535, 14352061, 14417680, 14483240, 14548931, 14614403, 14679962, 14745662, 14811236, 14876433, 14942219, 15007765, 15073475, 15139455, 15205008, 15270780, 15336471, 15401917, 15467851, 15533383, 15599311, 15664607, 15730256, 15795949, 15861174, 15926909, 15992224, 16057263, 16122899, 16188221, 16253680, 16319108, 16384467, 16449725, 16515364, 16580999, 16646407, 16711952, 16777215]
[65278, 131051, 196610, 261947, 327442, 392545, 458064, 523489, 588923, 654263, 719586, 784985, 850226, 915710, 981234, 1046668, 1112309, 1178336, 1243865, 1309812, 1375392, 1441335, 1506944, 1571964, 1637560, 1703303, 1768641, 1834640, 1900238, 1965662, 2031164, 2096444, 2162153, 2227580, 2293146, 2358615, 2424585, 2490021, 2555414, 2621015, 2686632, 2752131, 2817632, 2883470, 2948849, 3014458, 3079896, 3145817, 3211602, 3277212, 3342456, 3407875, 3473483, 3538599, 3604071, 3669687, 3735490, 3800659, 3866354, 3931921, 3997633, 4062966, 4128565, 4193999, 4259605, 4325242, 4390419, 4456127, 4521238, 4586914, 4652165, 4717221, 4783068, 4848777, 4914434, 4979681, 5044986, 5110823, 5176507, 5242242, 5308096, 5373509, 5439027, 5504378, 5569841, 5635288, 5700679, 5766506, 5831848, 5897011, 5962927, 6028327, 6094123, 6159737, 6225242, 6290416, 6355738, 6421069, 6486586, 6552472, 6618369, 6683906, 6749081, 6814906, 6880219, 6946049, 7011453, 7076763, 7142352, 7207805, 7273136, 7338743, 7404274, 7469638, 7534985, 7600132, 7665460, 7731008, 7796241, 7861430, 7927118, 7992689, 8058152, 8123861, 8189389, 8254996, 8320425, 8386163, 8451334, 8516915, 8582144, 8647709, 8713532, 8778778, 8844717, 8910249, 8976342, 9041836, 9107189, 9172639, 9238495, 9304367, 9370176, 9435632, 9500996, 9566950, 9632414, 9698370, 9763384, 9828768, 9894741, 9960238, 10025810, 10091864, 10157699, 10223760, 10289325, 10355078, 10420791, 10486603, 10552103, 10617589, 10682430, 10748340, 10814007, 10879875, 10945151, 11010683, 11076350, 11141531, 11207323, 11273143, 11338828, 11404239, 11469688, 11535027, 11600608, 11666190, 11731749, 11797422, 11862869, 11928605, 11994235, 12059600, 12125537, 12191028, 12256321, 12321855, 12387088, 12452104, 12517887, 12583365, 12649190, 12714607, 12779899, 12845424, 12910995, 12976382, 13041467, 13106526, 13171793, 13237153, 13302864, 13368172, 13433413, 13499132, 13564548, 13629971, 13695159, 13760271, 13825541, 13891207, 13956593, 14022478, 14087821, 14153695, 14219488, 14285328, 14350595, 14416313, 14481417, 14546995, 14612783, 14678389, 14743717, 14809282, 14874855, 14940453, 15006048, 15071604, 15137328, 15202659, 15268366, 15333829, 15399317, 15464674, 15530154, 15595977, 15662027, 15727348, 15792818, 15858503, 15924187, 15989903, 16055449, 16121099, 16186777, 16252795, 16318304, 16383696, 16449507, 16514598, 16580382, 16646062, 16711395, 16777215]
[65807, 131330, 196163, 261637, 327249, 393108, 458333, 524158, 589631, 654970, 720430, 785754, 851770, 917438, 982705, 1048213, 1113675, 1179378, 1245294, 1311180, 1376602, 1442195, 1507979, 1573269, 1638892, 1704443, 1769992, 1835146, 1900913, 1966425, 2032287, 2097843, 2163329, 2228758, 2294259, 2360005, 2425515, 2491450, 2557375, 2623122, 2688294, 2753511, 2819162, 2884938, 2950611, 3016176, 3081140, 3146961, 3212514, 3278037, 3343320, 3408488, 3473735, 3538934, 3604882, 3670358, 3736154, 3801714, 3867654, 3933226, 3998278, 4063271, 4128857, 4194154, 4259956, 4325519, 4390643, 4456162, 4521717, 4587065, 4652670, 4718078, 4782668, 4847938, 4913227, 4978610, 5044177, 5109747, 5175291, 5241041, 5306599, 5372189, 5437928, 5503656, 5569089, 5634366, 5699698, 5765117, 5830814, 5895942, 5961542, 6026948, 6092270, 6157768, 6223147, 6288496, 6354310, 6419673, 6485086, 6550494, 6615965, 6681607, 6746680, 6812182, 6877872, 6943467, 7008820, 7074628, 7139649, 7205112, 7270808, 7336369, 7402051, 7467523, 7532895, 7598233, 7664053, 7729808, 7795497, 7861139, 7926465, 7992040, 8057705, 8123399, 8188713, 8254176, 8320188, 8385675, 8451125, 8516585, 8582481, 8647607, 8713133, 8778411, 8843828, 8909299, 8975083, 9040115, 9105492, 9170751, 9236358, 9301997, 9367701, 9433419, 9498879, 9564324, 9630406, 9695979, 9761355, 9827041, 9892592, 9958314, 10023664, 10089074, 10154433, 10220415, 10285438, 10351291, 10416940, 10482499, 10548286, 10613988, 10679441, 10745299, 10811171, 10876430, 10941887, 11007442, 11073040, 11138480, 11203910, 11269046, 11334427, 11399995, 11465522, 11531541, 11596926, 11662216, 11727393, 11792587, 11858259, 11924194, 11989751, 12055307, 12120568, 12186028, 12251901, 12317938, 12383057, 12449340, 12514483, 12579824, 12645263, 12710786, 12776404, 12841850, 12907671, 12973013, 13038680, 13104032, 13169556, 13235114, 13300657, 13366481, 13432124, 13497912, 13563625, 13629328, 13694685, 13759972, 13825632, 13891650, 13957304, 14022912, 14089298, 14154881, 14220881, 14285916, 14352160, 14417770, 14482943, 14548211, 14613640, 14679205, 14744990, 14810485, 14875854, 14941644, 15007618, 15072904, 15138552, 15204254, 15269731, 15335294, 15400806, 15466129, 15531550, 15597266, 15662838, 15728258, 15793737, 15859333, 15925147, 15990437, 16056429, 16121912, 16187179, 16252607, 16317841, 16383263, 16448414, 16514468, 16580038, 16645645, 16711470, 16777215]
[65757, 131130, 196558, 262112, 327784, 393424, 459149, 524585, 590136, 655856, 721266, 786752, 852131, 917377, 982957, 1048362, 1114086, 1179385, 1244728, 1310157, 1375316, 1440707, 1506525, 1572098, 1637601, 1703150, 1768843, 1833899, 1899556, 1965309, 2031140, 2096789, 2162304, 2228095, 2293719, 2359447, 2425003, 2490665, 2556260, 2621828, 2687052, 2752683, 2817825, 2883134, 2948281, 3013906, 3079367, 3145039, 3210633, 3275949, 3342033, 3407861, 3473424, 3538465, 3603892, 3669692, 3735407, 3800958, 3866668, 3932263, 3998154, 4063672, 4129147, 4194601, 4260349, 4325888, 4391433, 4457319, 4522664, 4588225, 4653837, 4719413, 4784268, 4850254, 4915806, 4981323, 5046666, 5112054, 5177445, 5243101, 5309162, 5374433, 5440160, 5505538, 5571054, 5636699, 5702047, 5767729, 5833269, 5898829, 5964493, 6029898, 6095949, 6161464, 6227132, 6292024, 6357748, 6423305, 6488738, 6554283, 6619567, 6684805, 6750770, 6816119, 6881701, 6947548, 7012651, 7078188, 7143653, 7209274, 7274239, 7339639, 7405171, 7470450, 7536473, 7602753, 7668294, 7733489, 7799087, 7864721, 7930098, 7995868, 8061271, 8126614, 8191989, 8257561, 8323093, 8388917, 8454578, 8520141, 8585322, 8650856, 8716622, 8782200, 8847214, 8912271, 8977320, 9042993, 9108625, 9174428, 9239909, 9305251, 9371018, 9436689, 9502558, 9568685, 9633829, 9699366, 9764839, 9829991, 9895823, 9961337, 10026981, 10092674, 10158507, 10224035, 10289595, 10355415, 10420337, 10485554, 10551166, 10616539, 10682182, 10748022, 10813543, 10879098, 10944884, 11011018, 11076436, 11142154, 11207452, 11272881, 11337982, 11403204, 11468558, 11534233, 11599587, 11665154, 11730354, 11795959, 11861478, 11927010, 11992378, 12057746, 12123101, 12188376, 12254116, 12319733, 12385224, 12450117, 12515651, 12580958, 12646185, 12711822, 12776947, 12842213, 12907700, 12973114, 13039079, 13104630, 13170447, 13236028, 13301098, 13366836, 13432319, 13497815, 13563640, 13629377, 13695438, 13761162, 13826662, 13892646, 13958076, 14023660, 14088791, 14154215, 14219619, 14285224, 14350834, 14416118, 14481306, 14547141, 14612921, 14678625, 14744795, 14810505, 14876074, 14941617, 15007867, 15073549, 15139673, 15205435, 15271307, 15337100, 15402612, 15468204, 15533503, 15598830, 15663920, 15729561, 15795374, 15860760, 15926394, 15991984, 16057044, 16122981, 16188306, 16253711, 16318738, 16383993, 16449175, 16515054, 16580608, 16646227, 16711530, 16777215]
[65242, 130603, 196335, 262024, 327955, 393316, 458617, 524129, 589430, 654799, 720526, 785755, 851202, 917408, 982916, 1048802, 1114677, 1180206, 1245672, 1310934, 1376485, 1441311, 1507010, 1573025, 1638326, 1703771, 1769108, 1834458, 1899978, 1965488, 2031129, 2096542, 2162278, 2227952, 2293472, 2358519, 2424501, 2490475, 2555846, 2621126, 2686738, 2751996, 2817810, 2883086, 2948771, 3014082, 3079891, 3145456, 3210596, 3276198, 3341663, 3406670, 3472112, 3538150, 3603631, 3669319, 3734818, 3800276, 3865588, 3930953, 3996266, 4061739, 4126855, 4192352, 4258083, 4323502, 4388506, 4454217, 4520082, 4585446, 4650937, 4716656, 4782281, 4847673, 4913535, 4979426, 5045584, 5111159, 5176493, 5241813, 5307052, 5372633, 5438081, 5503534, 5569313, 5634825, 5700691, 5766086, 5831403, 5897138, 5962903, 6028389, 6094238, 6159984, 6225264, 6291372, 6356585, 6422288, 6487878, 6553192, 6618521, 6684624, 6749714, 6814965, 6880204, 6945579, 7011495, 7076750, 7142622, 7208160, 7274122, 7339647, 7405145, 7470882, 7536361, 7601382, 7667107, 7732815, 7797998, 7863604, 7929207, 7994821, 8060508, 8126119, 8191327, 8256811, 8322007, 8387467, 8452958, 8518580, 8583865, 8649146, 8714675, 8780902, 8846307, 8911869, 8977069, 9042591, 9108133, 9173782, 9240247, 9305590, 9371639, 9437249, 9502825, 9568274, 9633667, 9699491, 9764894, 9830236, 9896185, 9961669, 10027439, 10092934, 10158734, 10224209, 10289590, 10354681, 10420637, 10486237, 10551718, 10617290, 10682706, 10748491, 10814169, 10879822, 10945677, 11011538, 11076834, 11142481, 11207563, 11273319, 11339046, 11404836, 11470557, 11536189, 11601791, 11667258, 11733148, 11798629, 11864076, 11929876, 11995150, 12060802, 12126588, 12192172, 12258269, 12323573, 12388706, 12453991, 12519324, 12585089, 12650686, 12716475, 12781825, 12846928, 12912736, 12978158, 13044064, 13109268, 13175095, 13240443, 13306144, 13371948, 13437756, 13503542, 13568721, 13633994, 13699374, 13764694, 13829818, 13894948, 13960275, 14025776, 14090932, 14156729, 14222584, 14288266, 14354359, 14419239, 14484729, 14549506, 14614851, 14680311, 14746147, 14811893, 14877463, 14943055, 15008973, 15074251, 15139682, 15204875, 15270345, 15335778, 15401659, 15467532, 15532837, 15598555, 15664101, 15729282, 15794828, 15860592, 15926348, 15991312, 16056378, 16121983, 16187470, 16253106, 16318827, 16384255, 16449745, 16515286, 16580345, 16646147, 16711611, 16777215]
[65648, 131202, 196290, 261826, 327625, 392862, 458859, 524310, 589985, 655755, 720629, 785894, 851637, 917200, 982787, 1047886, 1113711, 1178704, 1244327, 1309837, 1375000, 1440343, 1505637, 1571099, 1636788, 1702409, 1767546, 1833165, 1898773, 1964422, 2029825, 2095502, 2160572, 2225816, 2291266, 2356643, 2421974, 2487151, 2552706, 2618368, 2683801, 2749426, 2815007, 2880649, 2946110, 3011269, 3076905, 3142434, 3208107, 3273587, 3339094, 3404251, 3469554, 3535281, 3600583, 3666240, 3731932, 3797592, 3863432, 3928973, 3994528, 4059933, 4125561, 4191685, 4256978, 4322235, 4387418, 4452976, 4518203, 4584231, 4649953, 4715464, 4780675, 4846325, 4912112, 4977494, 5043366, 5108714, 5173787, 5239363, 5304633, 5369912, 5434939, 5500298, 5565781, 5631434, 5696956, 5762671, 5828104, 5894102, 5959856, 6025266, 6091022, 6156900, 6222382, 6288164, 6354027, 6419830, 6485570, 6550975, 6616063, 6681443, 6747032, 6812436, 6877999, 6943757, 7009540, 7075075, 7140613, 7206103, 7271690, 7337326, 7402601, 7468313, 7533730, 7599158, 7664704, 7730162, 7795813, 7861437, 7926779, 7992697, 8057856, 8123330, 8189377, 8254651, 8320261, 8385921, 8451412, 8517081, 8582624, 8647931, 8713272, 8778967, 8844211, 8909494, 8974585, 9040568, 9105805, 9171043, 9236767, 9302948, 9368669, 9433868, 9499397, 9564424, 9630483, 9696193, 9761959, 9827512, 9892997, 9958926, 10024785, 10090316, 10156104, 10222492, 10288084, 10354063, 10419473, 10484747, 10550348, 10615540, 10680759, 10746361, 10811769, 10876920, 10942167, 11007636, 11073442, 11138955, 11204879, 11269732, 11335129, 11400204, 11465492, 11531446, 11597212, 11662410, 11728245, 11794094, 11859528, 11924800, 11990451, 12056018, 12121542, 12186730, 12252230, 12317715, 12383232, 12448893, 12514785, 12580454, 12646124, 12711608, 12777143, 12842931, 12908545, 12974597, 13039849, 13105134, 13171215, 13236842, 13302560, 13367869, 13433607, 13498881, 13564716, 13630420, 13695573, 13761248, 13826477, 13891232, 13956792, 14022407, 14088329, 14153882, 14219259, 14284686, 14350305, 14415877, 14481436, 14547280, 14612580, 14678196, 14743575, 14809352, 14874825, 14940163, 15005698, 15071547, 15136874, 15202643, 15267850, 15333619, 15399518, 15464661, 15530557, 15596414, 15662313, 15728108, 15793855, 15859702, 15925275, 15990923, 16056627, 16121447, 16187333, 16253027, 16318633, 16384001, 16449650, 16515403, 16581360, 16646774, 16711775, 16777215]
[65124, 130534, 195914, 261236, 326627, 392120, 457799, 523335, 589141, 654947, 720372, 785794, 851239, 917253, 982669, 1047678, 1112975, 1178497, 1244010, 1310038, 1375497, 1441324, 1506970, 1572911, 1637927, 1703316, 1769317, 1835093, 1900571, 1966484, 2032340, 2097597, 2163002, 2228508, 2293758, 2359127, 2424487, 2490316, 2555547, 2621118, 2686473, 2752092, 2817668, 2883274, 2948692, 3014347, 3079673, 3145112, 3210308, 3275602, 3341323, 3406711, 3471846, 3537182, 3602783, 3667910, 3733539, 3799670, 3864944, 3930870, 3996297, 4061494, 4127107, 4193146, 4258390, 4323679, 4388821, 4454161, 4519943, 4584785, 4650434, 4716274, 4781913, 4848021, 4913461, 4979469, 5045467, 5111022, 5176588, 5242193, 5307727, 5373594, 5439523, 5505221, 5570646, 5636394, 5701710, 5767070, 5832042, 5897530, 5963171, 6028604, 6094142, 6159080, 6224347, 6290135, 6356066, 6421574, 6487579, 6553535, 6619224, 6684733, 6750103, 6815326, 6880614, 6946242, 7011967, 7077303, 7142936, 7208501, 7274204, 7339668, 7405476, 7470738, 7536554, 7602200, 7667794, 7733443, 7798469, 7864088, 7929357, 7994808, 8060608, 8126583, 8191882, 8257489, 8323089, 8388424, 8454007, 8519226, 8584624, 8649713, 8715295, 8780833, 8846574, 8911917, 8977397, 9042595, 9108212, 9173845, 9239210, 9304567, 9370094, 9435768, 9500929, 9566495, 9632012, 9697791, 9763390, 9828931, 9894405, 9959972, 10025338, 10090563, 10156079, 10221417, 10287133, 10352745, 10418650, 10484563, 10550042, 10615968, 10681186, 10746251, 10811837, 10877197, 10942797, 11008196, 11073865, 11139206, 11204796, 11270470, 11336196, 11401897, 11467271, 11532504, 11597779, 11663776, 11729414, 11795204, 11860796, 11926373, 11991986, 12057643, 12123061, 12188547, 12253889, 12319213, 12384970, 12450476, 12515818, 12581103, 12646468, 12711894, 12777446, 12843352, 12908963, 12974410, 13040071, 13105744, 13171444, 13236491, 13302479, 13368060, 13433601, 13499410, 13564581, 13629638, 13694964, 13760770, 13826048, 13891432, 13957095, 14022925, 14088545, 14153762, 14219236, 14284724, 14350269, 14415786, 14481287, 14546861, 14612379, 14676984, 14742589, 14807678, 14873115, 14938606, 15004594, 15069993, 15135589, 15201314, 15266930, 15332001, 15397882, 15463735, 15529497, 15594634, 15660469, 15726352, 15792629, 15858069, 15923472, 15989201, 16054869, 16120455, 16186393, 16252185, 16317958, 16383321, 16449373, 16515350, 16581051, 16646757, 16711770, 16777215]
[65478, 131487, 197262, 263266, 329056, 394445, 460027, 525230, 591099, 656568, 722281, 787122, 852855, 918539, 983711, 1049290, 1115006, 1180399, 1246019, 1311454, 1377118, 1442418, 1508016, 1573786, 1639301, 1704637, 1770367, 1835959, 1901633, 1966994, 2032744, 2098773, 2164210, 2230224, 2295855, 2361373, 2427037, 2492572, 2558049, 2623910, 2689637, 2754818, 2820421, 2886457, 2952206, 3017046, 3082602, 3148398, 3213808, 3279536, 3344925, 3410698, 3476134, 3541465, 3606800, 3672310, 3737974, 3803610, 3869250, 3934539, 3999860, 4064996, 4130627, 4196536, 4261963, 4327119, 4392369, 4458038, 4524244, 4589823, 4655058, 4721068, 4786514, 4852129, 4917704, 4983250, 5048652, 5114037, 5179957, 5245679, 5311273, 5377000, 5442916, 5508510, 5574142, 5639442, 5705154, 5770507, 5836219, 5901572, 5967324, 6032528, 6098155, 6163532, 6228740, 6294594, 6359974, 6425798, 6491612, 6556966, 6622212, 6687693, 6753052, 6818866, 6884232, 6949851, 7015423, 7081354, 7146706, 7212292, 7277633, 7343609, 7409514, 7475300, 7540891, 7606322, 7671513, 7736728, 7801548, 7867323, 7932998, 7998596, 8064406, 8130006, 8195251, 8260471, 8326189, 8391638, 8457441, 8523078, 8588479, 8653617, 8719302, 8784919, 8850100, 8915563, 8981438, 9047114, 9112452, 9177682, 9243756, 9308984, 9374558, 9440286, 9505824, 9571287, 9636797, 9702161, 9767554, 9833484, 9898387, 9964178, 10029856, 10095290, 10160960, 10226427, 10291992, 10357704, 10422930, 10488984, 10554003, 10619164, 10684174, 10749763, 10815616, 10881113, 10946618, 11012255, 11077730, 11143101, 11208566, 11274342, 11340007, 11405067, 11470510, 11535946, 11601908, 11667546, 11733040, 11798723, 11864481, 11929976, 11995454, 12061080, 12126622, 12192622, 12258199, 12323519, 12389470, 12455070, 12520650, 12585945, 12651389, 12717469, 12782875, 12848382, 12913754, 12979345, 13044822, 13110339, 13175868, 13241484, 13306989, 13371880, 13437089, 13502244, 13567935, 13633583, 13698894, 13764500, 13830094, 13895915, 13961504, 14027154, 14092883, 14158005, 14223356, 14289110, 14354977, 14420404, 14486402, 14551779, 14616801, 14682398, 14748106, 14813139, 14878467, 14943984, 15009584, 15075664, 15141433, 15206812, 15272328, 15337989, 15403327, 15468597, 15534324, 15599876, 15665196, 15730520, 15796027, 15861393, 15926906, 15992363, 16057907, 16123109, 16188373, 16253403, 16318679, 16384379, 16450169, 16515687, 16581412, 16646685, 16712402, 16777215]
[65451, 131410, 197141, 263115, 328458, 393960, 459955, 525182, 590528, 655799, 721552, 787144, 852802, 918361, 983746, 1049206, 1114646, 1180242, 1245863, 1311332, 1376965, 1441963, 1507218, 1572644, 1638672, 1703821, 1769993, 1835140, 1900482, 1966101, 2031743, 2097161, 2162538, 2227864, 2293389, 2358729, 2424431, 2490483, 2556251, 2622098, 2687706, 2753341, 2819298, 2884515, 2949894, 3015095, 3080567, 3146177, 3211516, 3277060, 3342406, 3407934, 3473320, 3538763, 3604240, 3669250, 3734803, 3800445, 3866099, 3931972, 3997833, 4063791, 4129371, 4195017, 4260736, 4326657, 4392223, 4457555, 4523242, 4588468, 4654230, 4719460, 4784698, 4849760, 4915716, 4981206, 5046213, 5112152, 5177660, 5243097, 5308432, 5374148, 5439727, 5505562, 5571259, 5636339, 5702085, 5767453, 5832887, 5898693, 5964191, 6029626, 6095352, 6161310, 6226745, 6292475, 6357975, 6423275, 6489195, 6554656, 6619374, 6685069, 6750301, 6815874, 6881390, 6946891, 7013094, 7078707, 7144444, 7209944, 7275262, 7340882, 7406073, 7471848, 7537673, 7603602, 7669457, 7735303, 7801380, 7866621, 7932442, 7998077, 8063701, 8129293, 8194820, 8260114, 8325874, 8391238, 8456791, 8522224, 8588028, 8653556, 8719435, 8785010, 8850067, 8915491, 8980882, 9046929, 9112502, 9177631, 9243533, 9308867, 9374216, 9439842, 9505022, 9570863, 9636152, 9701714, 9767114, 9832629, 9898094, 9963704, 10029277, 10094883, 10160631, 10225882, 10291453, 10356717, 10422119, 10487416, 10552944, 10618397, 10684253, 10749670, 10815229, 10880778, 10946189, 11011612, 11077104, 11142784, 11208370, 11274406, 11339677, 11405685, 11471500, 11536854, 11602489, 11668170, 11733443, 11798778, 11864672, 11930471, 11996052, 12061419, 12126845, 12192042, 12257573, 12323366, 12388773, 12454080, 12519557, 12585362, 12650841, 12716803, 12781897, 12847866, 12913333, 12979028, 13044282, 13109368, 13175178, 13241114, 13306405, 13371786, 13437118, 13502307, 13567825, 13633512, 13699172, 13764768, 13829994, 13895400, 13960867, 14026193, 14091633, 14157685, 14223136, 14288485, 14353895, 14419050, 14484784, 14550161, 14615751, 14680701, 14746059, 14811701, 14877256, 14942918, 15008572, 15074206, 15139623, 15204806, 15270814, 15336434, 15401708, 15467372, 15533578, 15598887, 15663855, 15729717, 15795320, 15860815, 15926118, 15991664, 16057169, 16122674, 16187945, 16253700, 16319080, 16384610, 16450291, 16515597, 16581138, 16646717, 16711772, 16777215]
[65724, 131453, 197223, 262583, 327507, 392719, 458632, 523909, 588796, 654766, 719696, 785280, 850739, 916817, 982249, 1047251, 1112283, 1178167, 1243962, 1309150, 1374612, 1440378, 1505629, 1571648, 1636986, 1702278, 1767954, 1833328, 1898922, 1964544, 2029831, 2094994, 2161006, 2226513, 2291763, 2356898, 2422753, 2487984, 2553684, 2619214, 2685073, 2750914, 2816672, 2882353, 2947722, 3013378, 3078524, 3144209, 3210187, 3275749, 3341523, 3407340, 3473208, 3538788, 3604277, 3669768, 3735345, 3800981, 3866463, 3931740, 3996734, 4062369, 4128021, 4193321, 4258277, 4324104, 4389802, 4455191, 4520992, 4586351, 4651761, 4717360, 4782659, 4848557, 4913948, 4979466, 5044873, 5110445, 5176301, 5241801, 5307229, 5372400, 5438636, 5503697, 5569130, 5634635, 5700688, 5766134, 5831659, 5897340, 5962925, 6028479, 6094251, 6159642, 6225103, 6290767, 6356482, 6422231, 6487275, 6552706, 6617681, 6683178, 6748867, 6813537, 6878893, 6944713, 7009977, 7075464, 7141164, 7206764, 7272430, 7338372, 7403534, 7469019, 7534558, 7600171, 7665739, 7731051, 7796648, 7862267, 7928201, 7994003, 8059578, 8125160, 8190813, 8256388, 8322059, 8387063, 8452692, 8518216, 8583432, 8649160, 8714925, 8780693, 8846534, 8911867, 8977319, 9042937, 9108372, 9174181, 9239556, 9304531, 9369783, 9435137, 9500764, 9566412, 9631848, 9696777, 9761867, 9827636, 9893454, 9959187, 10024836, 10089799, 10155963, 10221322, 10286764, 10352621, 10418346, 10483868, 10549511, 10615359, 10680845, 10746099, 10811226, 10876773, 10942303, 11007442, 11073009, 11138523, 11204506, 11269717, 11335417, 11400932, 11466612, 11532307, 11598051, 11663466, 11728850, 11794929, 11860840, 11926654, 11992045, 12057800, 12123770, 12189045, 12254144, 12319695, 12385286, 12450870, 12516029, 12581803, 12647069, 12712802, 12778178, 12843444, 12908981, 12974054, 13039617, 13105425, 13170926, 13236343, 13302030, 13367973, 13433938, 13498828, 13563795, 13629712, 13695521, 13760842, 13826571, 13892159, 13957412, 14022699, 14088561, 14154662, 14220473, 14285884, 14351396, 14416977, 14482878, 14548654, 14614152, 14679530, 14745352, 14810758, 14876062, 14941922, 15007367, 15072907, 15138657, 15204607, 15270505, 15336305, 15402268, 15467551, 15533432, 15599302, 15665073, 15730709, 15795905, 15861683, 15926966, 15992109, 16057931, 16123160, 16188489, 16253915, 16319444, 16384724, 16450066, 16515821, 16581318, 16646921, 16711961, 16777215]
[65948, 130887, 196155, 261719, 327415, 392829, 458657, 524300, 589892, 655014, 720581, 786404, 852126, 917450, 982980, 1048567, 1114059, 1179446, 1245198, 1310020, 1376153, 1441836, 1507085, 1572557, 1637789, 1702731, 1768320, 1834104, 1898923, 1964058, 2029908, 2095442, 2160823, 2226185, 2291776, 2357159, 2422756, 2488392, 2554142, 2619682, 2685303, 2750667, 2816175, 2881542, 2947090, 3012857, 3078424, 3144035, 3209700, 3275213, 3340717, 3406106, 3471798, 3536798, 3602311, 3667733, 3733466, 3798853, 3864379, 3929848, 3995484, 4061119, 4126902, 4192619, 4258766, 4324301, 4390004, 4455705, 4521096, 4586789, 4652391, 4718220, 4784188, 4849589, 4915419, 4980807, 5046291, 5111870, 5177286, 5242849, 5308134, 5373498, 5438971, 5504464, 5569822, 5635256, 5700746, 5766513, 5831881, 5897150, 5962904, 6028673, 6093899, 6159514, 6225183, 6290919, 6356375, 6421858, 6487308, 6553036, 6618406, 6684008, 6750006, 6815502, 6881083, 6946697, 7011824, 7076888, 7142993, 7208569, 7273952, 7339571, 7405115, 7470748, 7536420, 7601809, 7667484, 7732770, 7798246, 7864074, 7929506, 7995062, 8060549, 8126105, 8191637, 8257142, 8322616, 8388235, 8453945, 8519579, 8585234, 8650822, 8716224, 8782313, 8847601, 8912490, 8978257, 9043670, 9109218, 9174715, 9240554, 9306088, 9371942, 9437423, 9502901, 9568795, 9634221, 9699704, 9765427, 9830736, 9896641, 9962399, 10028234, 10093571, 10159243, 10225078, 10290606, 10356071, 10421151, 10486462, 10551821, 10617002, 10682888, 10748686, 10814566, 10880110, 10945769, 11011116, 11076297, 11141636, 11207146, 11272975, 11338506, 11404133, 11469699, 11535475, 11601095, 11666620, 11732243, 11798008, 11863638, 11929288, 11994989, 12060633, 12125892, 12191473, 12257401, 12322759, 12388300, 12453901, 12519382, 12585391, 12650387, 12715825, 12781510, 12846907, 12912243, 12977551, 13043318, 13109055, 13174364, 13240000, 13305233, 13370184, 13436085, 13501723, 13567008, 13632363, 13698723, 13764023, 13829614, 13894877, 13960088, 14025308, 14090724, 14156021, 14221918, 14287246, 14352823, 14418002, 14483508, 14548907, 14614347, 14679924, 14745659, 14811471, 14877271, 14943096, 15008816, 15074134, 15139641, 15205183, 15270564, 15336396, 15401905, 15467503, 15533018, 15599011, 15664126, 15729819, 15795003, 15860716, 15926428, 15992085, 16057434, 16123114, 16188623, 16253402, 16319376, 16384958, 16450190, 16515378, 16580728, 16646305, 16711879, 16777215]
[65429, 131009, 196332, 261894, 327314, 392933, 458338, 523942, 589738, 655359, 720787, 786571, 852501, 918077, 983416, 1049497, 1115014, 1180469, 1245846, 1311563, 1377220, 1442669, 1507902, 1573233, 1638739, 1704052, 1769686, 1834986, 1900181, 1965793, 2031264, 2097226, 2162193, 2227912, 2293563, 2359363, 2424666, 2490261, 2555546, 2620756, 2686519, 2751704, 2817214, 2883028, 2948480, 3013400, 3078775, 3144058, 3209422, 3275271, 3340712, 3406180, 3472156, 3537891, 3603942, 3669854, 3735276, 3800695, 3865869, 3931712, 3997345, 4063015, 4128473, 4193941, 4259601, 4325375, 4390950, 4456287, 4521908, 4587289, 4653149, 4719022, 4784219, 4849468, 4914929, 4980020, 5045811, 5111439, 5177055, 5242783, 5308324, 5373791, 5439560, 5505019, 5570343, 5635848, 5700717, 5766600, 5831851, 5897527, 5962772, 6028535, 6093675, 6159517, 6224829, 6290145, 6355319, 6420592, 6486097, 6552061, 6617640, 6683521, 6749321, 6815031, 6880523, 6945891, 7011700, 7077033, 7142650, 7208456, 7273432, 7338683, 7404656, 7470039, 7535427, 7600647, 7666495, 7731436, 7796811, 7862533, 7927915, 7993358, 8058304, 8124513, 8189752, 8255535, 8321100, 8387026, 8453011, 8518763, 8584226, 8650200, 8715675, 8781023, 8846916, 8912639, 8978863, 9044520, 9110165, 9175213, 9240699, 9306070, 9371960, 9437511, 9503381, 9568819, 9634150, 9699663, 9765285, 9830795, 9896169, 9962305, 10027594, 10092789, 10158114, 10223343, 10288735, 10354110, 10419678, 10485276, 10550677, 10615844, 10681636, 10747253, 10812753, 10878478, 10943505, 11009137, 11074839, 11140060, 11205689, 11271297, 11337333, 11403341, 11468714, 11534377, 11600303, 11665771, 11731194, 11796511, 11861761, 11927063, 11992642, 12057859, 12123297, 12188970, 12254514, 12319817, 12385603, 12451191, 12516583, 12582343, 12648046, 12713696, 12779328, 12845236, 12910730, 12976449, 13042615, 13107957, 13173322, 13238844, 13304771, 13370659, 13435866, 13501568, 13567066, 13632285, 13697745, 13763300, 13829176, 13895274, 13960638, 14026218, 14092032, 14157406, 14223455, 14288757, 14354267, 14419699, 14484963, 14550789, 14616110, 14681819, 14747815, 14813591, 14879118, 14944684, 15010401, 15075633, 15140902, 15206112, 15271461, 15336743, 15402334, 15467826, 15533381, 15598837, 15664450, 15729713, 15795255, 15860814, 15926345, 15992042, 16057589, 16123073, 16188929, 16254854, 16319944, 16385127, 16450494, 16515793, 16581169, 16646726, 16711633, 16777215]
[65586, 131346, 196977, 262391, 327334, 393210, 458249, 523699, 589085, 654309, 719584, 784985, 850098, 915231, 980694, 1046005, 1111520, 1177370, 1242804, 1308050, 1374063, 1439712, 1505254, 1570772, 1636625, 1702067, 1768243, 1833088, 1898834, 1964221, 2030038, 2096032, 2161389, 2226763, 2292534, 2357911, 2423679, 2489233, 2555192, 2620555, 2685822, 2751700, 2817655, 2883390, 2949021, 3014609, 3079683, 3145010, 3210801, 3276481, 3342072, 3407573, 3473499, 3538923, 3604411, 3669467, 3734575, 3800509, 3866488, 3932070, 3997454, 4063209, 4128942, 4194760, 4260807, 4326538, 4391927, 4457449, 4522985, 4588327, 4653800, 4719441, 4785472, 4851254, 4917007, 4982508, 5047441, 5112421, 5177806, 5243513, 5308657, 5373940, 5439435, 5505252, 5570775, 5636254, 5702209, 5767687, 5833149, 5898300, 5963993, 6029656, 6095199, 6160442, 6226097, 6291389, 6356821, 6422641, 6488550, 6554193, 6620080, 6685641, 6751269, 6817212, 6882747, 6948383, 7014084, 7079359, 7145145, 7210533, 7276400, 7341970, 7408101, 7473288, 7538877, 7603971, 7669738, 7735049, 7800426, 7865536, 7931047, 7996342, 8061768, 8127362, 8192682, 8258358, 8324315, 8390029, 8455367, 8520814, 8586344, 8652080, 8717350, 8782663, 8847953, 8913627, 8979195, 9045117, 9110682, 9175770, 9241247, 9306802, 9372514, 9438162, 9503525, 9568734, 9634123, 9699750, 9765634, 9830947, 9896517, 9961741, 10026646, 10091884, 10157218, 10222763, 10288720, 10354144, 10419758, 10485113, 10550701, 10616291, 10682248, 10747821, 10813870, 10879530, 10945018, 11010779, 11076600, 11142215, 11207833, 11272914, 11338371, 11404012, 11469361, 11534591, 11599897, 11665220, 11730728, 11796289, 11862202, 11927753, 11993618, 12059011, 12124398, 12189613, 12255116, 12320492, 12386434, 12451553, 12517361, 12583042, 12648689, 12714265, 12779863, 12845875, 12911691, 12977526, 13043097, 13108754, 13174014, 13239604, 13305106, 13370422, 13435888, 13501609, 13567609, 13633234, 13699172, 13763961, 13829572, 13894965, 13960909, 14026350, 14091695, 14157250, 14223144, 14288504, 14354006, 14419195, 14484861, 14550487, 14615984, 14681549, 14747341, 14812748, 14878289, 14943997, 15009348, 15074910, 15140519, 15206237, 15271471, 15336755, 15401885, 15467061, 15532457, 15597899, 15663136, 15728579, 15794618, 15860374, 15925678, 15991145, 16056573, 16122193, 16187638, 16252843, 16318199, 16384062, 16449615, 16515151, 16580769, 16646129, 16711620, 16777215]
[65764, 131339, 196774, 262493, 327780, 393460, 459188, 524429, 590038, 655391, 720746, 786307, 851788, 917150, 982487, 1047765, 1113187, 1178629, 1244567, 1309946, 1375317, 1440979, 1506457, 1572026, 1637698, 1702897, 1768864, 1834194, 1899598, 1965701, 2031040, 2096968, 2162794, 2228553, 2293778, 2359767, 2425320, 2490791, 2556466, 2621937, 2687861, 2753240, 2819075, 2884877, 2950585, 3015880, 3081469, 3147156, 3212527, 3277947, 3343503, 3409091, 3474185, 3539604, 3604798, 3670633, 3736147, 3801624, 3866705, 3932418, 3997844, 4063086, 4128716, 4194077, 4260032, 4325437, 4391184, 4456967, 4522330, 4587654, 4653098, 4719015, 4784656, 4849784, 4915234, 4980982, 5046379, 5112007, 5177352, 5243119, 5308330, 5374155, 5439763, 5505407, 5570695, 5636442, 5701858, 5767107, 5832714, 5898401, 5963984, 6029237, 6095151, 6160844, 6226394, 6291575, 6356938, 6422310, 6488158, 6553658, 6619528, 6684707, 6750500, 6816127, 6881654, 6946949, 7012413, 7077747, 7143478, 7208952, 7274382, 7340486, 7405898, 7471418, 7537200, 7602283, 7667969, 7733403, 7799055, 7864461, 7929498, 7994909, 8060500, 8126440, 8192034, 8257575, 8322831, 8388192, 8453329, 8519458, 8585385, 8650401, 8716171, 8781697, 8847296, 8912984, 8978575, 9044832, 9110172, 9175442, 9240685, 9306232, 9371679, 9437192, 9502497, 9568091, 9633440, 9698891, 9764670, 9830107, 9895313, 9960802, 10025937, 10091398, 10156806, 10222192, 10287572, 10353829, 10419623, 10485227, 10551124, 10617105, 10682481, 10748068, 10813612, 10878873, 10944267, 11009993, 11075289, 11140991, 11206531, 11272128, 11337404, 11402881, 11468419, 11533972, 11599480, 11664801, 11730392, 11796083, 11861293, 11927074, 11992863, 12058485, 12124183, 12189769, 12255483, 12321080, 12386871, 12452054, 12517756, 12583022, 12648608, 12714094, 12779903, 12845438, 12910253, 12976261, 13041582, 13107152, 13172558, 13237968, 13303383, 13369287, 13434564, 13500210, 13565619, 13631415, 13696896, 13762517, 13828369, 13893223, 13958467, 14024253, 14090051, 14155482, 14221349, 14287164, 14352296, 14417466, 14482931, 14548501, 14613857, 14679359, 14744874, 14810545, 14876332, 14941828, 15007237, 15072959, 15138267, 15203876, 15269686, 15335337, 15400813, 15465993, 15531333, 15597102, 15662923, 15728544, 15794060, 15859711, 15925026, 15990178, 16055106, 16120432, 16185892, 16251410, 16317464, 16382827, 16448532, 16514461, 16580145, 16645859, 16711586, 16777215]
[65129, 130658, 196020, 261422, 327093, 392448, 457957, 522935, 588251, 653787, 719140, 784550, 849984, 915412, 981231, 1047057, 1112486, 1178033, 1243925, 1309110, 1374623, 1440596, 1505478, 1571010, 1636672, 1702259, 1767927, 1833442, 1898838, 1964279, 2029909, 2095639, 2161106, 2226521, 2291723, 2356670, 2421876, 2487444, 2553205, 2618317, 2684077, 2749604, 2815383, 2880513, 2946580, 3011914, 3077532, 3143094, 3208274, 3273904, 3339326, 3404867, 3469949, 3535290, 3600763, 3666045, 3731855, 3797261, 3862980, 3928156, 3994141, 4059690, 4125307, 4190763, 4256229, 4322126, 4387260, 4452647, 4518479, 4583888, 4649228, 4714517, 4780338, 4845528, 4910894, 4976592, 5041956, 5107249, 5172555, 5238308, 5304032, 5369753, 5435588, 5500892, 5566234, 5632024, 5696818, 5762470, 5827995, 5893733, 5959992, 6025515, 6090700, 6156277, 6221702, 6287089, 6352211, 6417708, 6483048, 6548467, 6614038, 6679839, 6745206, 6811168, 6876806, 6942441, 7007527, 7073162, 7138552, 7204450, 7270077, 7335763, 7401533, 7466976, 7532485, 7597748, 7663284, 7728584, 7794678, 7860205, 7926056, 7991555, 8057512, 8122814, 8187970, 8253782, 8319444, 8385160, 8450622, 8516352, 8581838, 8647044, 8712466, 8778171, 8843705, 8909428, 8974706, 9040416, 9106279, 9171744, 9237547, 9303208, 9368963, 9434453, 9499990, 9565496, 9631350, 9697238, 9762685, 9828339, 9893640, 9959213, 10024744, 10089941, 10155648, 10220735, 10286581, 10352043, 10417942, 10483465, 10549134, 10614353, 10679828, 10745620, 10811132, 10876606, 10941917, 11007480, 11072249, 11138089, 11203708, 11269222, 11334679, 11400199, 11465987, 11531548, 11596919, 11662720, 11728034, 11793954, 11859188, 11924565, 11990326, 12055430, 12121142, 12186500, 12252478, 12317825, 12383129, 12448762, 12514231, 12579555, 12645007, 12710594, 12776942, 12842509, 12908234, 12973752, 13038969, 13104951, 13170437, 13236318, 13301538, 13367319, 13432285, 13497604, 13562825, 13628388, 13694250, 13759962, 13825284, 13890853, 13956006, 14021619, 14087028, 14152492, 14218529, 14283989, 14349839, 14415535, 14481195, 14546527, 14612258, 14678004, 14743431, 14809503, 14875513, 14941024, 15006669, 15072355, 15138245, 15203748, 15270140, 15335880, 15401477, 15466666, 15532855, 15598684, 15664395, 15729985, 15795121, 15860457, 15925982, 15991417, 16057288, 16123026, 16188371, 16253507, 16318898, 16384582, 16450026, 16515653, 16580971, 16646609, 16711844, 16777215]
[65496, 130817, 196030, 262088, 327792, 393210, 458771, 524207, 589840, 655547, 721294, 786963, 852677, 918580, 984083, 1049356, 1115082, 1180311, 1245779, 1311273, 1376369, 1442010, 1507641, 1573189, 1638864, 1704323, 1769290, 1834625, 1900220, 1966069, 2031564, 2097137, 2162836, 2228189, 2293770, 2359505, 2424651, 2490106, 2555771, 2621776, 2687552, 2752966, 2818506, 2883971, 2949405, 3014651, 3079983, 3145239, 3210771, 3276042, 3341606, 3407353, 3472235, 3537806, 3603153, 3669022, 3734563, 3799674, 3865183, 3931026, 3996550, 4062220, 4127764, 4193472, 4258773, 4324360, 4389791, 4455173, 4520235, 4585693, 4651304, 4716651, 4782514, 4848134, 4913805, 4979580, 5044845, 5110412, 5176070, 5241305, 5306572, 5371925, 5437335, 5503040, 5568877, 5634437, 5700018, 5765357, 5830563, 5895992, 5961334, 6026573, 6092243, 6157774, 6223542, 6289496, 6354759, 6420347, 6486084, 6551819, 6617837, 6683695, 6749233, 6814534, 6880432, 6946200, 7011658, 7077213, 7142578, 7207978, 7273306, 7338528, 7404378, 7470026, 7535526, 7601137, 7667146, 7732260, 7798115, 7863590, 7929173, 7994644, 8059948, 8125537, 8190908, 8256317, 8321914, 8387660, 8453382, 8518577, 8583801, 8649303, 8714864, 8780232, 8846160, 8911570, 8977180, 9042447, 9107930, 9173492, 9239409, 9305050, 9370489, 9435701, 9500783, 9566264, 9632020, 9697172, 9763092, 9828422, 9893520, 9959441, 10024758, 10090653, 10156267, 10221508, 10286873, 10352431, 10417791, 10483542, 10549471, 10615586, 10680746, 10745814, 10811299, 10877182, 10943081, 11008943, 11074838, 11140467, 11205528, 11271483, 11336638, 11402281, 11468051, 11533476, 11598974, 11664679, 11729843, 11796039, 11862019, 11927557, 11993154, 12058910, 12124983, 12190556, 12256595, 12321886, 12387595, 12453070, 12518496, 12584694, 12650649, 12715844, 12781464, 12846208, 12911840, 12977796, 13043443, 13108887, 13174331, 13239582, 13305275, 13370727, 13436451, 13502291, 13568128, 13633760, 13699780, 13765272, 13830682, 13896737, 13962022, 14027833, 14093090, 14158422, 14223401, 14289125, 14354724, 14420032, 14485072, 14550114, 14615868, 14681413, 14746993, 14812222, 14877424, 14942793, 15009016, 15074359, 15139597, 15204949, 15270886, 15336100, 15401481, 15467020, 15532370, 15597777, 15663640, 15729322, 15794530, 15860466, 15925789, 15991413, 16056719, 16122257, 16188157, 16253776, 16318864, 16384415, 16449894, 16514973, 16580480, 16646207, 16711725, 16777215]
[65724, 131398, 196869, 262330, 327452, 392734, 458354, 523837, 589187, 654729, 720055, 785596, 850792, 915984, 981329, 1046736, 1112581, 1178544, 1244254, 1310101, 1375559, 1441446, 1507179, 1572563, 1638125, 1703463, 1768711, 1834434, 1899652, 1965157, 2030761, 2096685, 2162161, 2227119, 2292755, 2358561, 2423964, 2489194, 2554875, 2620527, 2686559, 2752335, 2818191, 2883787, 2949183, 3014483, 3080294, 3145299, 3210789, 3275856, 3341383, 3406979, 3472536, 3538118, 3604211, 3669674, 3735132, 3800983, 3866252, 3931811, 3997659, 4062676, 4127921, 4193377, 4258382, 4323710, 4389126, 4454564, 4519854, 4585171, 4650257, 4716107, 4781940, 4847221, 4912615, 4977589, 5043322, 5108776, 5174454, 5240008, 5305607, 5371380, 5437358, 5502903, 5568304, 5633638, 5699808, 5765389, 5831416, 5896637, 5962794, 6028617, 6094456, 6160163, 6225853, 6291543, 6356872, 6422344, 6488310, 6554275, 6619972, 6685231, 6750719, 6816358, 6881744, 6947617, 7013192, 7079227, 7144640, 7209906, 7275514, 7340517, 7405937, 7471119, 7536075, 7601120, 7666397, 7732166, 7797697, 7863273, 7929141, 7994556, 8060325, 8126081, 8191670, 8257279, 8322758, 8388214, 8453745, 8518978, 8583916, 8649383, 8715306, 8780577, 8846214, 8911924, 8977269, 9042776, 9108234, 9174207, 9239896, 9305804, 9371450, 9437072, 9502514, 9567874, 9633435, 9698805, 9764505, 9830127, 9895859, 9961442, 10026807, 10092663, 10157600, 10223242, 10289222, 10354642, 10420237, 10485891, 10551292, 10616479, 10682232, 10747855, 10813423, 10879208, 10944493, 11010351, 11076071, 11142062, 11207429, 11273068, 11338800, 11404517, 11469995, 11535500, 11601515, 11666480, 11732398, 11797731, 11863305, 11928898, 11994498, 12060160, 12125590, 12191298, 12257070, 12322215, 12387527, 12452867, 12518247, 12583783, 12649534, 12714973, 12780059, 12845460, 12911131, 12976803, 13042300, 13108113, 13173750, 13239332, 13304879, 13370282, 13436302, 13501993, 13567522, 13633634, 13698827, 13764367, 13829974, 13895734, 13961094, 14026507, 14091955, 14157648, 14222777, 14288518, 14353810, 14419331, 14484569, 14550048, 14615537, 14680901, 14746133, 14811845, 14877762, 14943467, 15008870, 15074381, 15139519, 15205130, 15270613, 15336385, 15402248, 15467797, 15533619, 15599061, 15664451, 15730044, 15795791, 15861931, 15927534, 15993310, 16058651, 16124126, 16189304, 16254990, 16320298, 16385395, 16450525, 16515778, 16580794, 16646088, 16711663, 16777215]
[65913, 131391, 196755, 262495, 327800, 392951, 458251, 523679, 589070, 654625, 720023, 785587, 850776, 916355, 981980, 1047841, 1113681, 1179596, 1244902, 1310484, 1376189, 1441774, 1507139, 1572726, 1637692, 1703157, 1768706, 1834633, 1900760, 1966628, 2032276, 2098126, 2163772, 2229257, 2294857, 2360294, 2425766, 2491317, 2556800, 2621835, 2687509, 2753013, 2818330, 2883849, 2949391, 3014887, 3080726, 3146180, 3211469, 3277012, 3342093, 3407958, 3473362, 3539007, 3604358, 3670055, 3735371, 3800661, 3866051, 3931162, 3996698, 4062666, 4128436, 4193545, 4259787, 4325212, 4390873, 4456647, 4522848, 4588069, 4653463, 4718752, 4784547, 4850257, 4915559, 4981383, 5047083, 5112820, 5178264, 5243726, 5308688, 5374075, 5439477, 5505475, 5570734, 5636013, 5701516, 5766833, 5832191, 5898401, 5963948, 6029304, 6095307, 6160868, 6226569, 6292190, 6357929, 6423473, 6488722, 6554299, 6619922, 6685441, 6750703, 6816107, 6881823, 6947487, 7012627, 7077754, 7143361, 7208708, 7274263, 7339599, 7404949, 7470682, 7536220, 7601536, 7666888, 7732443, 7798090, 7863841, 7929293, 7994804, 8060421, 8126141, 8191516, 8256932, 8322632, 8388008, 8453730, 8518726, 8584189, 8649895, 8715044, 8780680, 8845999, 8911516, 8977355, 9042929, 9108770, 9174734, 9239890, 9305558, 9371199, 9436551, 9502073, 9567214, 9632439, 9698262, 9763318, 9828811, 9894493, 9959639, 10025159, 10090591, 10156012, 10221553, 10287270, 10352884, 10418354, 10483764, 10549119, 10614422, 10679828, 10744857, 10810973, 10876510, 10942312, 11008254, 11073528, 11139251, 11205132, 11270689, 11336419, 11401785, 11467385, 11532888, 11598205, 11663981, 11729250, 11794514, 11860043, 11925832, 11991413, 12056896, 12122978, 12188188, 12254107, 12319900, 12385555, 12450881, 12516366, 12582141, 12647330, 12712525, 12777655, 12843281, 12908702, 12974186, 13039394, 13105005, 13170510, 13236286, 13301733, 13367391, 13432832, 13499045, 13564591, 13630070, 13695778, 13761333, 13827367, 13892653, 13958367, 14024101, 14089761, 14155320, 14221064, 14286795, 14352444, 14417800, 14483575, 14548873, 14614420, 14680247, 14745472, 14810562, 14875515, 14940890, 15006915, 15072477, 15138117, 15203574, 15269136, 15334727, 15400045, 15465528, 15531286, 15596461, 15661969, 15727846, 15793382, 15859326, 15925319, 15990994, 16056387, 16121896, 16187240, 16253249, 16318767, 16384149, 16449779, 16515103, 16580801, 16646210, 16711689, 16777215]
[65464, 130799, 196514, 261675, 327187, 392485, 457755, 523050, 588353, 653862, 719465, 785198, 850867, 916751, 982439, 1048394, 1113696, 1179264, 1244455, 1309944, 1375405, 1440791, 1506226, 1571714, 1637193, 1702670, 1768385, 1834042, 1899438, 1964930, 2030893, 2096328, 2161676, 2227598, 2293437, 2358960, 2424875, 2490214, 2555938, 2621477, 2687066, 2752592, 2817991, 2883351, 2949089, 3014323, 3079974, 3145446, 3210508, 3276255, 3341649, 3407417, 3473039, 3538807, 3604515, 3669971, 3735165, 3800637, 3866089, 3932077, 3997704, 4063219, 4128741, 4194398, 4259643, 4325068, 4390453, 4455921, 4521522, 4586803, 4652695, 4718319, 4784128, 4849720, 4915294, 4981181, 5046474, 5112064, 5177707, 5243334, 5308232, 5374013, 5439476, 5505321, 5571113, 5636751, 5702374, 5768008, 5833453, 5899244, 5964999, 6030375, 6095836, 6161525, 6226928, 6292474, 6358636, 6424067, 6489437, 6555007, 6620443, 6685862, 6751005, 6816936, 6882254, 6948129, 7013837, 7079108, 7144461, 7209911, 7275836, 7341497, 7407275, 7472699, 7537738, 7603157, 7668441, 7734151, 7799480, 7865414, 7930968, 7996481, 8062231, 8127322, 8192853, 8258114, 8323883, 8389223, 8455028, 8520341, 8585678, 8651440, 8717034, 8782425, 8848064, 8913572, 8979069, 9044205, 9110395, 9175720, 9241369, 9306242, 9371347, 9436584, 9502166, 9567639, 9632867, 9698307, 9764122, 9830158, 9895232, 9960620, 10025985, 10091531, 10157036, 10222614, 10288032, 10353914, 10419183, 10484859, 10550367, 10615938, 10681290, 10747019, 10811900, 10877716, 10943266, 11008966, 11074141, 11140156, 11205862, 11271527, 11336589, 11402011, 11467392, 11532858, 11598404, 11664218, 11730346, 11795401, 11860644, 11926391, 11991816, 12057477, 12123088, 12188369, 12253724, 12319131, 12385096, 12450680, 12516266, 12581846, 12647388, 12712966, 12778962, 12844937, 12910917, 12976515, 13041923, 13107194, 13172697, 13238145, 13303927, 13369148, 13434209, 13499660, 13565144, 13630825, 13696539, 13761675, 13827015, 13892563, 13958075, 14023205, 14088894, 14154127, 14219794, 14284805, 14350174, 14415813, 14481355, 14546718, 14612363, 14677808, 14743468, 14808702, 14874096, 14940174, 15005497, 15071183, 15136958, 15202706, 15268630, 15334137, 15399685, 15465096, 15530935, 15596551, 15662203, 15727608, 15793341, 15858708, 15924208, 15989607, 16055580, 16121621, 16187171, 16252732, 16317462, 16382896, 16448934, 16514458, 16579671, 16645433, 16711515, 16777215]
[65979, 131903, 197099, 262847, 328072, 393738, 459837, 525083, 590695, 656052, 722026, 787712, 853192, 918922, 984558, 1049955, 1115719, 1181484, 1247037, 1312343, 1377676, 1442910, 1508488, 1574232, 1639866, 1705299, 1770332, 1835682, 1901294, 1966621, 2032055, 2097544, 2163034, 2228571, 2294176, 2359649, 2425447, 2491067, 2556770, 2622143, 2687785, 2753231, 2818769, 2884046, 2949430, 3015094, 3080566, 3145758, 3211162, 3276495, 3341969, 3407534, 3472829, 3538721, 3604372, 3669589, 3735132, 3800961, 3866487, 3931803, 3997857, 4063333, 4128717, 4194338, 4260107, 4325617, 4391462, 4456530, 4522478, 4588018, 4653457, 4719056, 4784456, 4850463, 4916053, 4981230, 5046077, 5111794, 5176756, 5242410, 5307816, 5372886, 5438153, 5503346, 5568665, 5634076, 5699396, 5764692, 5830467, 5895876, 5961405, 6027012, 6092742, 6158093, 6223838, 6289361, 6354723, 6420276, 6486031, 6551476, 6616631, 6682000, 6747373, 6812508, 6877601, 6943157, 7008465, 7073867, 7139486, 7204765, 7270116, 7335776, 7401299, 7466474, 7532576, 7598191, 7663039, 7728700, 7794199, 7859946, 7925705, 7991279, 8057001, 8122739, 8188547, 8253804, 8319318, 8384321, 8449731, 8515345, 8580622, 8645784, 8711364, 8777249, 8843194, 8908819, 8974278, 9039903, 9105351, 9170696, 9236263, 9302045, 9367548, 9433437, 9499485, 9564699, 9630036, 9695599, 9761165, 9826873, 9892130, 9957490, 10022819, 10087667, 10153311, 10218555, 10283954, 10349569, 10415437, 10480873, 10546470, 10612673, 10677804, 10743845, 10809557, 10875353, 10941273, 11007269, 11072605, 11138016, 11203304, 11268439, 11333811, 11399380, 11465027, 11530293, 11595932, 11661136, 11726830, 11792602, 11857824, 11923282, 11988975, 12054973, 12120382, 12186075, 12251825, 12317169, 12382973, 12448406, 12513950, 12579622, 12645254, 12710739, 12776644, 12842203, 12907418, 12972820, 13038597, 13104094, 13169561, 13235437, 13300909, 13366383, 13431985, 13497785, 13563258, 13629192, 13694292, 13759984, 13825417, 13890903, 13956417, 14022190, 14088105, 14153408, 14218880, 14284845, 14350108, 14415524, 14481042, 14546728, 14612480, 14678159, 14743944, 14809364, 14875061, 14940254, 15005392, 15070827, 15136468, 15202190, 15267786, 15333560, 15399030, 15464640, 15530267, 15595858, 15661651, 15727414, 15792861, 15858332, 15923860, 15989298, 16055095, 16120292, 16186105, 16251647, 16317437, 16382886, 16448650, 16514523, 16580078, 16645369, 16711124, 16777215]
[66028, 132083, 197545, 262999, 328552, 393917, 459497, 525249, 590664, 656239, 721959, 787311, 852828, 918361, 983843, 1049740, 1115205, 1180441, 1246215, 1311724, 1377194, 1442999, 1508189, 1574040, 1639163, 1704807, 1770657, 1836510, 1902331, 1968003, 2033569, 2098896, 2164572, 2230240, 2295622, 2360622, 2426117, 2491383, 2556548, 2621903, 2687626, 2753574, 2819180, 2884627, 2949835, 3015342, 3080526, 3146316, 3211873, 3277560, 3342872, 3408298, 3473392, 3538974, 3604795, 3670658, 3735812, 3801213, 3866732, 3932320, 3997991, 4063673, 4129044, 4194428, 4260078, 4325890, 4391517, 4457124, 4522984, 4588247, 4653670, 4718988, 4784718, 4849936, 4915108, 4980728, 5046438, 5112239, 5177795, 5243287, 5308458, 5374169, 5439130, 5504631, 5570472, 5636068, 5701983, 5767440, 5832927, 5898410, 5963878, 6029340, 6094982, 6160494, 6225824, 6291579, 6357271, 6423071, 6488828, 6554730, 6620486, 6686215, 6752118, 6817573, 6883153, 6948531, 7013934, 7078853, 7143940, 7209906, 7275362, 7340881, 7406930, 7472787, 7538543, 7603745, 7669192, 7734739, 7800168, 7865043, 7930807, 7996221, 8061349, 8126443, 8191878, 8257436, 8322964, 8388575, 8454292, 8519425, 8584996, 8650514, 8716361, 8782288, 8847443, 8912935, 8978855, 9045054, 9110899, 9176464, 9242091, 9307359, 9372517, 9437997, 9503363, 9568792, 9634325, 9699953, 9765347, 9831345, 9896699, 9961754, 10026797, 10092324, 10157997, 10223645, 10288893, 10354263, 10419468, 10485247, 10550845, 10616043, 10681322, 10746931, 10812305, 10877484, 10943211, 11008505, 11073877, 11139009, 11204316, 11269602, 11334650, 11400361, 11465890, 11531833, 11597590, 11662991, 11728604, 11794143, 11859681, 11924876, 11990464, 12055553, 12120982, 12186536, 12252056, 12317459, 12383298, 12448803, 12514348, 12579414, 12645529, 12711389, 12777092, 12842690, 12908203, 12973828, 13039309, 13105284, 13170744, 13236216, 13301544, 13367117, 13432636, 13498299, 13564185, 13629773, 13695042, 13760317, 13825209, 13890362, 13955829, 14020915, 14086425, 14152011, 14217978, 14284068, 14349752, 14415085, 14480635, 14546277, 14611869, 14677502, 14743733, 14809379, 14874918, 14940266, 15005629, 15071200, 15136689, 15202147, 15267834, 15333543, 15399068, 15464855, 15530603, 15596019, 15661897, 15727600, 15793195, 15858888, 15924323, 15989919, 16055421, 16121367, 16186613, 16252017, 16317632, 16383244, 16449264, 16515035, 16580554, 16646303, 16711851, 16777215]
[65301, 130582, 196179, 261648, 327216, 392637, 457940, 523462, 588855, 654454, 719886, 785201, 850554, 915983, 981293, 1046966, 1112199, 1177867, 1243452, 1309212, 1374896, 1440538, 1506183, 1571818, 1637594, 1703180, 1769017, 1834766, 1900161, 1965865, 2031409, 2096396, 2161870, 2227471, 2292549, 2358326, 2423580, 2489373, 2554844, 2620660, 2686266, 2751058, 2816533, 2882780, 2948263, 3013812, 3079628, 3144852, 3210597, 3276174, 3341715, 3407230, 3472705, 3537980, 3603622, 3668919, 3734408, 3799885, 3865536, 3931169, 3996466, 4061791, 4127131, 4192706, 4258455, 4323816, 4389327, 4454755, 4520017, 4586213, 4651788, 4717139, 4782882, 4848586, 4914253, 4979929, 5045711, 5110926, 5176664, 5242230, 5307650, 5372902, 5438589, 5503778, 5569196, 5634713, 5700070, 5765465, 5831123, 5896424, 5962037, 6027492, 6092851, 6158760, 6224113, 6290065, 6355580, 6421165, 6486943, 6552530, 6618289, 6684661, 6750287, 6815843, 6881542, 6946528, 7012348, 7077573, 7142794, 7208459, 7273941, 7339821, 7405289, 7470859, 7536523, 7602168, 7667968, 7733703, 7799501, 7865858, 7931288, 7996946, 8062556, 8128443, 8194250, 8259567, 8325566, 8390667, 8455676, 8521263, 8586642, 8652571, 8717761, 8783628, 8849886, 8915312, 8981470, 9046694, 9112094, 9177567, 9243213, 9308851, 9374346, 9439609, 9505416, 9570875, 9636532, 9702298, 9767816, 9833165, 9898724, 9964184, 10029646, 10094872, 10160477, 10226049, 10291342, 10357081, 10422853, 10488388, 10553567, 10618989, 10684406, 10749667, 10814965, 10880405, 10946060, 11011587, 11077441, 11143214, 11208415, 11274451, 11340522, 11405754, 11471165, 11536639, 11602249, 11667469, 11732813, 11797927, 11863242, 11928962, 11994421, 12060081, 12125483, 12191024, 12256499, 12322122, 12387690, 12452901, 12518028, 12583447, 12648844, 12714301, 12779882, 12845963, 12911842, 12977287, 13042938, 13108646, 13174251, 13239916, 13305502, 13371072, 13436712, 13502304, 13567638, 13633377, 13698790, 13764631, 13830258, 13895949, 13961905, 14027016, 14092725, 14157720, 14223050, 14288353, 14353907, 14419345, 14484815, 14550289, 14615517, 14680683, 14746285, 14811765, 14876541, 14942440, 15007742, 15073335, 15138826, 15205070, 15270748, 15336104, 15401626, 15466954, 15531913, 15597304, 15662931, 15728588, 15793398, 15859239, 15924723, 15990258, 16055992, 16121287, 16186520, 16252613, 16318361, 16383618, 16449074, 16514913, 16580299, 16646265, 16712073, 16777215]
[65380, 131085, 196435, 262342, 327832, 393585, 459400, 524897, 590577, 656454, 722147, 787498, 853324, 918795, 984475, 1049941, 1115311, 1180752, 1246036, 1311514, 1376563, 1442434, 1507625, 1573250, 1638804, 1704940, 1770365, 1835700, 1901008, 1966682, 2031764, 2097509, 2163128, 2228595, 2294349, 2359842, 2425060, 2490677, 2556105, 2621679, 2686907, 2752453, 2818303, 2883836, 2949621, 3015218, 3080594, 3146163, 3211877, 3277555, 3342916, 3408248, 3473271, 3538425, 3604034, 3669088, 3734753, 3800221, 3865802, 3931232, 3997168, 4063204, 4128688, 4194346, 4259934, 4325448, 4391082, 4456912, 4522141, 4587390, 4652699, 4718038, 4783546, 4849428, 4915106, 4980499, 5046056, 5112006, 5176923, 5242260, 5307905, 5373513, 5439266, 5504786, 5570186, 5635812, 5701604, 5767486, 5833124, 5898793, 5964124, 6029358, 6094832, 6160471, 6225851, 6291773, 6357848, 6423502, 6489142, 6554750, 6620475, 6685890, 6751574, 6816928, 6882400, 6948284, 7013915, 7079314, 7144774, 7210228, 7275787, 7341768, 7407723, 7473135, 7538633, 7603969, 7669564, 7735318, 7800689, 7866075, 7931603, 7996891, 8062280, 8127799, 8193294, 8259205, 8324711, 8390032, 8455159, 8520551, 8585947, 8651326, 8716914, 8782118, 8847595, 8913058, 8978661, 9044493, 9109705, 9175271, 9240855, 9306935, 9373036, 9438288, 9503671, 9569148, 9634728, 9700121, 9765741, 9831004, 9896443, 9962191, 10027619, 10093179, 10158181, 10223367, 10288694, 10354394, 10419873, 10485654, 10551288, 10616611, 10681947, 10747787, 10813236, 10879102, 10944976, 11010580, 11076094, 11142041, 11207813, 11273380, 11338727, 11404229, 11469858, 11534768, 11600473, 11666158, 11731845, 11797911, 11863619, 11929170, 11994622, 12060504, 12125779, 12191886, 12257239, 12322991, 12388689, 12454478, 12520118, 12585590, 12651377, 12717079, 12782715, 12848142, 12913807, 12978980, 13044764, 13110538, 13175857, 13241248, 13307152, 13372219, 13437518, 13503307, 13568893, 13634027, 13699621, 13765412, 13830468, 13895803, 13961061, 14026716, 14092740, 14158292, 14223880, 14289353, 14354624, 14420363, 14485825, 14551321, 14616712, 14682402, 14747634, 14812935, 14878086, 14943492, 15009280, 15074960, 15140252, 15205915, 15271473, 15337130, 15402734, 15467935, 15533248, 15598747, 15663688, 15729320, 15794705, 15860259, 15925712, 15991275, 16057024, 16122488, 16188068, 16253187, 16318570, 16383959, 16450042, 16515085, 16580760, 16646011, 16711752, 16777215]
[65577, 130769, 196310, 261903, 327935, 393372, 459174, 524416, 590342, 656027, 721324, 787261, 852904, 918128, 983304, 1048753, 1114499, 1180207, 1245884, 1311511, 1377035, 1442624, 1508026, 1573827, 1638968, 1704322, 1769876, 1835720, 1901387, 1967019, 2032377, 2098253, 2163567, 2228395, 2293712, 2359014, 2424948, 2490345, 2555533, 2620804, 2686238, 2752038, 2817438, 2883141, 2948549, 3013932, 3079344, 3144856, 3210683, 3276430, 3341828, 3407058, 3472353, 3537603, 3602961, 3668507, 3734097, 3799348, 3864869, 3930434, 3996270, 4061877, 4127896, 4193067, 4258575, 4324051, 4389401, 4455712, 4521166, 4586972, 4652900, 4719229, 4784929, 4850737, 4915835, 4981394, 5046680, 5112439, 5177862, 5242884, 5308220, 5373816, 5439027, 5504084, 5569727, 5635533, 5701447, 5767289, 5833237, 5898542, 5964007, 6029751, 6094924, 6160093, 6225788, 6291436, 6356662, 6421840, 6487496, 6553175, 6618732, 6684177, 6749777, 6815375, 6880771, 6946215, 7011641, 7077020, 7142456, 7207836, 7273607, 7339209, 7404708, 7470175, 7535796, 7601767, 7667557, 7733243, 7798734, 7864176, 7929563, 7994867, 8060253, 8125258, 8190640, 8256388, 8321812, 8387563, 8453592, 8518939, 8584703, 8650074, 8715606, 8781070, 8846769, 8912040, 8977605, 9043298, 9108779, 9173820, 9239122, 9304349, 9370000, 9435018, 9500832, 9566327, 9631865, 9697841, 9763443, 9829032, 9894567, 9960029, 10025681, 10091232, 10156976, 10222604, 10288369, 10354248, 10419596, 10484902, 10550390, 10615741, 10681311, 10746536, 10812510, 10878365, 10943674, 11008791, 11074285, 11139659, 11204739, 11270096, 11335508, 11400935, 11466532, 11532141, 11598131, 11663254, 11728519, 11794341, 11860080, 11925792, 11991285, 12057152, 12122572, 12188019, 12253517, 12319374, 12384757, 12450619, 12516095, 12581483, 12646951, 12712230, 12777550, 12842989, 12908112, 12974116, 13039845, 13105612, 13171263, 13236724, 13302336, 13367936, 13433490, 13499264, 13565239, 13630740, 13696413, 13761836, 13828041, 13893707, 13959501, 14025039, 14090465, 14155755, 14221360, 14287174, 14352351, 14417545, 14482795, 14548401, 14613616, 14679226, 14744941, 14810493, 14875923, 14941511, 15006921, 15072532, 15137825, 15203717, 15269166, 15334422, 15400135, 15465644, 15531152, 15596695, 15661966, 15727716, 15793320, 15858582, 15923971, 15989407, 16055081, 16120679, 16186243, 16251976, 16317709, 16382893, 16449026, 16514651, 16580309, 16646038, 16712048, 16777215]
[65220, 130802, 196496, 262424, 328044, 393460, 459350, 524708, 590026, 655230, 720882, 786590, 852328, 917705, 983047, 1048770, 1114342, 1180036, 1245754, 1311254, 1376906, 1442498, 1508103, 1574077, 1639480, 1705514, 1771017, 1836608, 1902182, 1967770, 2033414, 2099113, 2164293, 2229722, 2294916, 2360670, 2426220, 2491950, 2557770, 2623171, 2688835, 2754367, 2819469, 2885577, 2951115, 3016745, 3082197, 3148041, 3213719, 3278845, 3344638, 3409781, 3475638, 3541134, 3607367, 3672955, 3738651, 3804283, 3869971, 3935088, 4000764, 4066312, 4131910, 4197463, 4263112, 4328793, 4394179, 4459561, 4525021, 4590993, 4656628, 4722225, 4787151, 4852847, 4918679, 4983893, 5049775, 5115137, 5181011, 5246554, 5312025, 5377676, 5443161, 5508467, 5573925, 5639562, 5704800, 5770271, 5835641, 5901226, 5966567, 6032108, 6097856, 6163225, 6228544, 6294331, 6360131, 6425512, 6491054, 6556819, 6622449, 6687581, 6753168, 6818744, 6884349, 6949403, 7014830, 7079890, 7145741, 7211268, 7276874, 7342544, 7408299, 7473868, 7539342, 7605079, 7670417, 7736205, 7802098, 7867829, 7933010, 7998514, 8064287, 8130078, 8195655, 8261384, 8326753, 8392098, 8457691, 8522914, 8588554, 8654546, 8719920, 8785344, 8850848, 8917005, 8982493, 9048227, 9113610, 9178982, 9244758, 9310259, 9375959, 9441924, 9507721, 9573469, 9638936, 9704386, 9769740, 9834987, 9900475, 9966306, 10032026, 10097286, 10163369, 10229141, 10294995, 10360105, 10425891, 10491127, 10556929, 10622237, 10687545, 10752787, 10818583, 10883985, 10949726, 11015122, 11080261, 11146070, 11211694, 11277272, 11342193, 11407513, 11473096, 11538863, 11604224, 11669986, 11735202, 11801069, 11866987, 11932570, 11997690, 12063125, 12128148, 12193524, 12259031, 12324380, 12389442, 12454845, 12520155, 12585674, 12651380, 12716843, 12782069, 12847785, 12913447, 12978562, 13043726, 13109227, 13174562, 13240007, 13305997, 13371968, 13437637, 13502751, 13567968, 13633249, 13699049, 13764368, 13830007, 13895301, 13960934, 14026391, 14092095, 14157534, 14222799, 14288247, 14353605, 14418776, 14484650, 14549871, 14615698, 14681445, 14746817, 14812205, 14877639, 14942893, 15008948, 15074652, 15140532, 15206305, 15272311, 15337994, 15403632, 15469025, 15534513, 15600082, 15665301, 15730841, 15796477, 15861929, 15927231, 15992637, 16058227, 16123986, 16189183, 16254763, 16320017, 16385441, 16450594, 16515668, 16581312, 16646654, 16712006, 16777215]
[65550, 131481, 197209, 262659, 327952, 393218, 459153, 524710, 590295, 655660, 720954, 786779, 852553, 918292, 983634, 1049152, 1114528, 1179831, 1245309, 1310568, 1375709, 1441375, 1507147, 1572844, 1638704, 1704491, 1769995, 1835565, 1901059, 1966333, 2032205, 2097375, 2162543, 2228035, 2293664, 2359221, 2424516, 2489945, 2555441, 2621782, 2687338, 2752894, 2818466, 2883944, 2949694, 3015039, 3080674, 3146136, 3211437, 3276914, 3342823, 3408603, 3474289, 3540170, 3605777, 3671569, 3736932, 3802739, 3868158, 3933810, 3999709, 4064813, 4130236, 4196338, 4261887, 4327292, 4392881, 4458165, 4523785, 4589696, 4655273, 4720845, 4786458, 4851837, 4917724, 4983150, 5048093, 5113773, 5179355, 5245311, 5310820, 5376166, 5441370, 5506627, 5572083, 5637807, 5703235, 5769083, 5834808, 5900580, 5966266, 6031680, 6097210, 6162598, 6228311, 6293689, 6359478, 6425162, 6490650, 6555911, 6621532, 6686961, 6752695, 6818196, 6883758, 6948535, 7013862, 7079590, 7145024, 7210667, 7276310, 7342093, 7407407, 7472697, 7537920, 7603786, 7669504, 7735081, 7800633, 7866199, 7931510, 7997353, 8062382, 8128046, 8193471, 8259021, 8324079, 8389458, 8454460, 8520016, 8585655, 8651195, 8716698, 8782357, 8847952, 8913435, 8979294, 9044981, 9110782, 9176322, 9242070, 9307435, 9372669, 9438321, 9503971, 9569883, 9635511, 9701105, 9766370, 9831540, 9897140, 9962499, 10027683, 10093167, 10158392, 10223723, 10288685, 10354300, 10420431, 10486471, 10551999, 10617634, 10683104, 10748638, 10813995, 10879563, 10945281, 11011103, 11076815, 11142333, 11207874, 11272895, 11338671, 11404535, 11470692, 11536491, 11601971, 11667729, 11733429, 11799093, 11864600, 11929763, 11995281, 12060707, 12126476, 12192442, 12257663, 12323392, 12388615, 12453820, 12518990, 12584657, 12650221, 12715817, 12781418, 12846981, 12912771, 12978419, 13044095, 13109886, 13175396, 13240662, 13306094, 13371794, 13437054, 13502624, 13567932, 13633350, 13698805, 13764311, 13829902, 13895256, 13960962, 14025851, 14092168, 14157752, 14223294, 14288743, 14354099, 14419915, 14485157, 14550925, 14616693, 14682284, 14747853, 14813236, 14878808, 14944150, 15009058, 15074889, 15140361, 15205993, 15271667, 15337510, 15403078, 15468180, 15533654, 15599227, 15664688, 15730152, 15795375, 15860525, 15926318, 15991394, 16056720, 16121842, 16187341, 16252470, 16318213, 16383656, 16449036, 16514805, 16580600, 16646342, 16711802, 16777215]
[65792, 131050, 196160, 261915, 327212, 392849, 458341, 524089, 589478, 654894, 720545, 785944, 851323, 916845, 982162, 1047680, 1113455, 1178567, 1243946, 1309144, 1374712, 1440087, 1505775, 1571481, 1637326, 1703083, 1768131, 1833502, 1899042, 1964536, 2030145, 2095679, 2161317, 2227028, 2292268, 2358078, 2423703, 2489139, 2554442, 2619969, 2685741, 2750939, 2816881, 2882504, 2948784, 3013982, 3079549, 3144732, 3210526, 3275841, 3341590, 3407098, 3472676, 3538055, 3603584, 3669270, 3735200, 3800567, 3866274, 3931954, 3997976, 4063244, 4128636, 4194514, 4259882, 4325079, 4389932, 4455310, 4520224, 4586023, 4651368, 4716716, 4782270, 4847604, 4913315, 4979066, 5044694, 5110161, 5175573, 5240764, 5306250, 5371657, 5436901, 5502779, 5568454, 5633834, 5699320, 5765090, 5830914, 5896041, 5961448, 6027724, 6093384, 6158593, 6224742, 6290352, 6355947, 6421130, 6487275, 6552660, 6618497, 6683715, 6749361, 6814903, 6880323, 6945985, 7011790, 7077118, 7143130, 7209024, 7274701, 7340303, 7405989, 7471487, 7536754, 7602652, 7668201, 7733502, 7798993, 7864580, 7930031, 7995549, 8061439, 8127072, 8192403, 8257864, 8323276, 8389323, 8454959, 8521038, 8586707, 8652484, 8717929, 8784069, 8849460, 8915038, 8980492, 9045977, 9112305, 9177618, 9243289, 9308096, 9373827, 9439230, 9504956, 9570729, 9636283, 9702016, 9767499, 9833377, 9898980, 9964700, 10030658, 10095695, 10160826, 10226226, 10291629, 10356880, 10422158, 10487668, 10552775, 10617935, 10683717, 10749136, 10815002, 10880691, 10945548, 11010966, 11076828, 11142101, 11207276, 11273019, 11338401, 11404329, 11469662, 11535527, 11601113, 11666604, 11731902, 11797420, 11863116, 11928395, 11993867, 12059185, 12124776, 12190401, 12256043, 12321570, 12387444, 12452560, 12517879, 12583160, 12648790, 12714426, 12779790, 12845116, 12910539, 12976065, 13041526, 13107009, 13172838, 13238292, 13303533, 13369631, 13435110, 13500673, 13566593, 13631935, 13697490, 13763152, 13829041, 13894393, 13959531, 14024756, 14090224, 14155780, 14221579, 14287067, 14352204, 14418023, 14483639, 14549238, 14615187, 14680967, 14746388, 14811746, 14877311, 14942662, 15008562, 15074021, 15139047, 15204837, 15270368, 15335757, 15401027, 15466648, 15531850, 15597346, 15663061, 15728587, 15794173, 15859727, 15925179, 15990740, 16056281, 16121978, 16187823, 16253094, 16318448, 16383497, 16449129, 16514518, 16580171, 16645592, 16711206, 16777215]
[64818, 130243, 195667, 261054, 326138, 391635, 457047, 522528, 588127, 653722, 719280, 785004, 850709, 915733, 981055, 1046106, 1111473, 1176851, 1242165, 1307661, 1373317, 1438384, 1504280, 1569671, 1635766, 1701173, 1766870, 1832250, 1898431, 1963832, 2029519, 2094795, 2160214, 2226014, 2291800, 2357507, 2423095, 2489068, 2554524, 2620297, 2685545, 2751141, 2816803, 2882411, 2948202, 3013757, 3079059, 3144436, 3209939, 3275490, 3340984, 3406394, 3471926, 3537486, 3603705, 3669328, 3734531, 3800624, 3866468, 3931778, 3997095, 4062316, 4127869, 4193467, 4259143, 4324399, 4389678, 4455652, 4521225, 4587032, 4652969, 4718840, 4784188, 4849933, 4914914, 4980431, 5045953, 5111179, 5177395, 5242788, 5308029, 5373874, 5439344, 5504614, 5570255, 5635917, 5701159, 5766636, 5832325, 5897635, 5963438, 6029449, 6094955, 6160553, 6226243, 6291964, 6357193, 6422926, 6489050, 6554987, 6620377, 6686128, 6751290, 6816952, 6882219, 6947540, 7013049, 7078961, 7144468, 7209859, 7275497, 7340341, 7405612, 7471053, 7536767, 7602516, 7667875, 7733028, 7798457, 7863555, 7928775, 7994132, 8059111, 8124716, 8190341, 8255736, 8321682, 8387366, 8452793, 8518199, 8584255, 8649644, 8715272, 8780912, 8846315, 8911618, 8976865, 9042114, 9107930, 9174070, 9239525, 9305066, 9370435, 9435783, 9501308, 9566880, 9632822, 9698238, 9763413, 9829108, 9894866, 9960337, 10025957, 10091384, 10156950, 10221773, 10286978, 10352500, 10417901, 10483367, 10549071, 10614555, 10680142, 10745034, 10810818, 10876183, 10941681, 11007168, 11072817, 11138260, 11203878, 11269436, 11334908, 11400508, 11465936, 11531426, 11596798, 11662120, 11728044, 11793630, 11859091, 11924509, 11990015, 12055591, 12121436, 12186574, 12251977, 12318056, 12383396, 12448583, 12514165, 12579800, 12645770, 12711767, 12777768, 12843717, 12909261, 12974930, 13040339, 13106276, 13172242, 13238046, 13303924, 13369280, 13434837, 13500442, 13566105, 13631785, 13697678, 13763625, 13829201, 13894248, 13959379, 14024959, 14090532, 14155984, 14222193, 14288036, 14353718, 14418689, 14484560, 14550532, 14615606, 14681098, 14746532, 14811871, 14877797, 14943353, 15008948, 15074236, 15139270, 15204635, 15269926, 15335551, 15401232, 15467016, 15532713, 15597732, 15663334, 15729040, 15794924, 15860558, 15925995, 15991587, 16057005, 16122411, 16188082, 16253292, 16318963, 16384565, 16449985, 16515323, 16580633, 16645666, 16711285, 16777215]
[65517, 131003, 196658, 261933, 327075, 392580, 458487, 523949, 589837, 655424, 720610, 786217, 851839, 917022, 982560, 1048391, 1114618, 1180148, 1245891, 1311325, 1376963, 1442391, 1507696, 1573555, 1639022, 1704498, 1769970, 1835802, 1901582, 1966789, 2031980, 2097996, 2163402, 2229118, 2294918, 2360372, 2425688, 2491414, 2557065, 2622557, 2688363, 2753784, 2818760, 2883857, 2949546, 3014931, 3080798, 3146240, 3211989, 3277231, 3342909, 3408438, 3474120, 3540064, 3605507, 3670889, 3735943, 3801787, 3867269, 3933128, 3998793, 4064300, 4129990, 4195473, 4261420, 4326917, 4392631, 4457744, 4523286, 4588492, 4653937, 4718853, 4784481, 4850159, 4915461, 4981508, 5046888, 5112583, 5178168, 5243247, 5308907, 5374071, 5439638, 5505128, 5570620, 5636312, 5701457, 5766527, 5832053, 5897691, 5963241, 6028594, 6094034, 6159355, 6225058, 6290212, 6355547, 6421236, 6486584, 6552162, 6617437, 6682855, 6748312, 6814094, 6879648, 6945471, 7011296, 7076804, 7142617, 7208391, 7273888, 7339437, 7404930, 7470399, 7536203, 7601820, 7667224, 7732883, 7798495, 7863847, 7929093, 7994847, 8060660, 8126322, 8191551, 8256697, 8322217, 8387710, 8453446, 8518924, 8584309, 8650085, 8715337, 8781179, 8846459, 8911657, 8977700, 9042963, 9108552, 9174018, 9239511, 9304839, 9369982, 9435449, 9501214, 9566442, 9632092, 9697942, 9763716, 9829209, 9894800, 9960253, 10025614, 10091530, 10157080, 10222331, 10287979, 10353223, 10418904, 10484784, 10550475, 10616268, 10682233, 10748175, 10813463, 10878662, 10944105, 11009525, 11075049, 11140335, 11206147, 11271809, 11337311, 11403156, 11469051, 11534445, 11599702, 11664936, 11730639, 11795949, 11861281, 11926737, 11992103, 12057623, 12122490, 12188112, 12253962, 12319314, 12384847, 12450192, 12515844, 12581515, 12647453, 12713276, 12779053, 12845064, 12910964, 12976036, 13041903, 13107456, 13173119, 13238517, 13304034, 13369144, 13434646, 13500493, 13565842, 13631449, 13697236, 13762911, 13828245, 13893060, 13959043, 14024454, 14090137, 14155217, 14221282, 14286811, 14352431, 14418486, 14483714, 14549100, 14614598, 14679870, 14745180, 14810276, 14875867, 14941349, 15006939, 15073087, 15138370, 15203906, 15268928, 15334716, 15400904, 15466860, 15532247, 15597692, 15663146, 15728723, 15794410, 15860347, 15925935, 15990976, 16056809, 16122104, 16187853, 16253333, 16319509, 16384918, 16451005, 16516121, 16581558, 16646331, 16712087, 16777215]
[65381, 130744, 196448, 262003, 327473, 392994, 458296, 523614, 588962, 654322, 719775, 785750, 851249, 917005, 982532, 1048063, 1113362, 1178837, 1244524, 1310224, 1375546, 1440972, 1506218, 1571983, 1637786, 1703676, 1768896, 1834495, 1899863, 1965355, 2030809, 2096295, 2162062, 2227849, 2293594, 2358740, 2424566, 2490287, 2555969, 2621460, 2687208, 2752562, 2818028, 2883966, 2949280, 3014832, 3080503, 3145674, 3211359, 3276981, 3342817, 3408061, 3473425, 3539376, 3605005, 3670425, 3735839, 3801492, 3867005, 3933037, 3998432, 4063768, 4129238, 4194817, 4260552, 4325780, 4390758, 4456089, 4521793, 4587447, 4652926, 4718639, 4784059, 4850031, 4915614, 4980873, 5046412, 5111655, 5177096, 5242988, 5308205, 5373731, 5438612, 5503832, 5569507, 5635034, 5700713, 5765902, 5831376, 5897178, 5962455, 6027856, 6093126, 6158848, 6224622, 6289810, 6355160, 6420643, 6486010, 6551853, 6616809, 6682305, 6747558, 6813153, 6878643, 6944299, 7010049, 7075485, 7141306, 7207134, 7272337, 7337881, 7403573, 7469109, 7534805, 7600114, 7665272, 7730901, 7796773, 7862601, 7927868, 7993480, 8058845, 8124367, 8190092, 8255768, 8321188, 8387148, 8453375, 8518901, 8584582, 8649889, 8715237, 8780840, 8846235, 8911616, 8977078, 9042543, 9107729, 9173564, 9238903, 9304332, 9369753, 9434959, 9500693, 9566489, 9631699, 9697324, 9763171, 9828523, 9893889, 9959699, 10025532, 10091025, 10157171, 10222917, 10288395, 10354139, 10419920, 10485510, 10551239, 10616477, 10682368, 10748071, 10813762, 10878719, 10944152, 11009863, 11075237, 11140663, 11205953, 11271464, 11336989, 11402951, 11468636, 11534310, 11600306, 11665614, 11731368, 11796540, 11861921, 11927560, 11992925, 12058533, 12124104, 12189261, 12254737, 12319865, 12385464, 12451075, 12516356, 12581911, 12647755, 12713246, 12778523, 12844133, 12909689, 12974943, 13040728, 13106508, 13171853, 13237219, 13302274, 13367718, 13433353, 13499111, 13564350, 13630226, 13695845, 13761273, 13826414, 13892008, 13957546, 14022921, 14088557, 14153945, 14219674, 14285272, 14351013, 14416879, 14482634, 14547917, 14613364, 14678730, 14744267, 14809816, 14875471, 14940988, 15007011, 15072591, 15138658, 15203749, 15269154, 15334713, 15400389, 15465605, 15531282, 15596747, 15661671, 15727421, 15793340, 15859037, 15924365, 15990190, 16056224, 16121793, 16187308, 16253139, 16318504, 16383739, 16449326, 16514564, 16580003, 16645776, 16711262, 16777215]
[65573, 131340, 196970, 262238, 327733, 393629, 459054, 524287, 589576, 654836, 720050, 785089, 850641, 916173, 981232, 1047157, 1112852, 1178540, 1243882, 1309123, 1374218, 1439692, 1505031, 1570957, 1636272, 1701601, 1767413, 1832765, 1898620, 1963833, 2029398, 2095019, 2160615, 2226368, 2291514, 2357415, 2422660, 2487899, 2553361, 2619151, 2684678, 2750364, 2816052, 2881560, 2946898, 3012189, 3077432, 3142549, 3208287, 3273889, 3339473, 3404995, 3470466, 3535992, 3602054, 3667268, 3733077, 3798891, 3863981, 3929675, 3995287, 4060807, 4126259, 4191762, 4257731, 4323607, 4389158, 4454795, 4520036, 4585104, 4650511, 4715915, 4781309, 4846609, 4912030, 4977485, 5042817, 5108600, 5174167, 5239918, 5305699, 5371211, 5436613, 5502001, 5567712, 5633650, 5699185, 5764876, 5830526, 5896322, 5961974, 6027193, 6092569, 6158079, 6223729, 6289523, 6355112, 6421001, 6485842, 6551420, 6616678, 6681944, 6747567, 6813240, 6878784, 6944242, 7009345, 7074621, 7140562, 7205867, 7271475, 7336616, 7402536, 7467870, 7533931, 7599585, 7665404, 7730979, 7796255, 7861593, 7927094, 7992252, 8058366, 8123170, 8188667, 8254200, 8319921, 8385300, 8450782, 8516334, 8582204, 8647204, 8712729, 8778538, 8843946, 8909326, 8974446, 9040296, 9106099, 9172003, 9237197, 9302585, 9368039, 9433819, 9499403, 9564863, 9630540, 9695881, 9761433, 9827056, 9892541, 9957946, 10023155, 10088758, 10154413, 10219659, 10285389, 10351077, 10417358, 10483068, 10548594, 10614009, 10679388, 10744697, 10810563, 10876034, 10941381, 11006715, 11072118, 11137443, 11202750, 11268182, 11333837, 11399633, 11464815, 11530625, 11596368, 11661810, 11726931, 11792687, 11858207, 11924105, 11989572, 12055634, 12121375, 12186792, 12252316, 12318022, 12384054, 12449223, 12514537, 12580063, 12645269, 12711039, 12776711, 12842555, 12907990, 12973452, 13039405, 13105208, 13170857, 13236164, 13301266, 13366913, 13432093, 13497640, 13563453, 13628984, 13694743, 13760342, 13826161, 13891691, 13957491, 14023055, 14088363, 14153958, 14219802, 14285429, 14351360, 14416857, 14482206, 14547930, 14613135, 14678685, 14744274, 14810012, 14875477, 14941339, 15007256, 15072447, 15138211, 15203790, 15269858, 15335420, 15400599, 15466077, 15531891, 15597048, 15662493, 15728113, 15794018, 15859684, 15925138, 15990942, 16056629, 16121876, 16187513, 16253351, 16318603, 16383996, 16449166, 16514791, 16580569, 16646134, 16711902, 16777215]
[65629, 131329, 197153, 262613, 328552, 394490, 460046, 525432, 591057, 656594, 721859, 787307, 853214, 919035, 984628, 1050422, 1116192, 1181490, 1246950, 1311948, 1377275, 1443162, 1509149, 1574898, 1640463, 1706173, 1771803, 1837543, 1902971, 1968508, 2033848, 2098970, 2164536, 2230129, 2295449, 2361119, 2426861, 2492128, 2557889, 2623300, 2689005, 2754510, 2819945, 2885329, 2950491, 3015915, 3081351, 3146632, 3212057, 3277039, 3342761, 3408129, 3473642, 3539562, 3604812, 3670045, 3735634, 3801291, 3866566, 3932173, 3997404, 4063117, 4128584, 4194178, 4259858, 4325093, 4390815, 4456640, 4522383, 4588314, 4653791, 4719414, 4785072, 4850394, 4916166, 4981795, 5047455, 5113267, 5178473, 5244205, 5310043, 5375526, 5441262, 5507029, 5572743, 5638570, 5704351, 5770366, 5835801, 5901823, 5967276, 6033016, 6098327, 6163885, 6229391, 6295346, 6360690, 6426593, 6492240, 6557885, 6623179, 6688596, 6753675, 6819114, 6884589, 6949771, 7015384, 7081286, 7146593, 7212274, 7277692, 7343340, 7408819, 7473882, 7539841, 7605163, 7670716, 7736284, 7802084, 7867132, 7932903, 7998442, 8064095, 8129767, 8195376, 8261027, 8326676, 8392402, 8457945, 8523549, 8588916, 8654616, 8720086, 8785422, 8850946, 8916252, 8981652, 9046939, 9112619, 9177956, 9243267, 9308363, 9373778, 9439172, 9505288, 9571356, 9636856, 9702174, 9767722, 9832945, 9898049, 9963741, 10029190, 10094670, 10160128, 10225537, 10291230, 10356862, 10422252, 10488121, 10553446, 10619037, 10684783, 10750474, 10815865, 10881271, 10946917, 11012369, 11077583, 11143092, 11209019, 11274221, 11339533, 11404990, 11470317, 11535949, 11601400, 11666714, 11732633, 11797906, 11863127, 11928717, 11994445, 12059869, 12125227, 12190864, 12256421, 12321911, 12387577, 12452986, 12518972, 12584267, 12650216, 12715628, 12780961, 12846404, 12911956, 12977186, 13042805, 13108252, 13173654, 13239163, 13304590, 13370413, 13435359, 13501194, 13566857, 13631944, 13697695, 13763174, 13828585, 13894153, 13959587, 14024985, 14090629, 14155928, 14221827, 14287164, 14353045, 14418456, 14484033, 14549667, 14615239, 14680644, 14745680, 14811135, 14876729, 14942326, 15007776, 15073135, 15138623, 15204355, 15269818, 15335420, 15401307, 15466996, 15532203, 15597512, 15663316, 15728745, 15794223, 15859916, 15925140, 15990801, 16055667, 16121490, 16186844, 16252663, 16318368, 16384489, 16449308, 16514829, 16580249, 16645763, 16711656, 16777215]
[65393, 130829, 196772, 262200, 327593, 393059, 458675, 524297, 589757, 655250, 720697, 786383, 851871, 917527, 983377, 1049491, 1115052, 1180374, 1245950, 1311405, 1377138, 1442697, 1508142, 1573819, 1639266, 1705335, 1770646, 1836180, 1901891, 1967598, 2032874, 2098476, 2164042, 2229553, 2295046, 2360729, 2426674, 2492044, 2557493, 2622953, 2688087, 2753943, 2819988, 2885771, 2951361, 3016595, 3081605, 3147033, 3212637, 3278375, 3344153, 3409740, 3475423, 3541226, 3606805, 3671762, 3737478, 3802953, 3868534, 3934055, 3999079, 4064512, 4130203, 4195566, 4261545, 4327238, 4392779, 4458415, 4524094, 4589052, 4654573, 4720264, 4785665, 4851074, 4916415, 4981560, 5046820, 5112461, 5177859, 5243968, 5309073, 5374648, 5440258, 5506006, 5571571, 5637229, 5702643, 5768213, 5833800, 5899222, 5964976, 6030325, 6095779, 6160932, 6225979, 6291346, 6357014, 6422823, 6488380, 6553705, 6619079, 6685280, 6751089, 6816804, 6882203, 6947747, 7013618, 7078785, 7143981, 7209538, 7274838, 7339921, 7405167, 7470923, 7536848, 7602179, 7667902, 7733217, 7798881, 7864084, 7929942, 7995411, 8060689, 8126171, 8192035, 8257737, 8323045, 8388695, 8453918, 8519882, 8585446, 8651413, 8717051, 8782624, 8847982, 8913490, 8979349, 9044222, 9109753, 9174985, 9240632, 9305734, 9371481, 9436939, 9502374, 9568274, 9633211, 9698886, 9764348, 9829405, 9894729, 9960128, 10025901, 10090911, 10156523, 10222625, 10287871, 10353347, 10419125, 10484904, 10550325, 10616417, 10682226, 10747770, 10813644, 10878889, 10944552, 11010000, 11075671, 11141511, 11207155, 11272745, 11338478, 11404097, 11469872, 11535896, 11601158, 11666959, 11731920, 11797219, 11862941, 11928386, 11994201, 12059819, 12125462, 12191266, 12256874, 12322276, 12387484, 12453174, 12518468, 12583730, 12649101, 12714492, 12779686, 12845238, 12910765, 12976267, 13042080, 13107853, 13173603, 13239426, 13305029, 13370757, 13436516, 13502579, 13568062, 13634205, 13699785, 13765457, 13831140, 13896824, 13962571, 14028362, 14094118, 14159423, 14224846, 14290322, 14355920, 14421256, 14486637, 14552188, 14618213, 14683365, 14748803, 14814024, 14879433, 14945394, 15010974, 15076568, 15141900, 15206912, 15272166, 15337501, 15402730, 15468226, 15533655, 15599344, 15665117, 15730664, 15796185, 15861288, 15926595, 15992527, 16057909, 16122990, 16187989, 16253692, 16318649, 16383902, 16449589, 16515011, 16580767, 16646125, 16711586, 16777215]
[65648, 131305, 196638, 262023, 327535, 392956, 458143, 523718, 588690, 654777, 719695, 785490, 850785, 916568, 982292, 1047863, 1113324, 1179328, 1244606, 1309934, 1375477, 1441510, 1506528, 1571951, 1637274, 1703044, 1768993, 1834538, 1900129, 1965519, 2030656, 2096008, 2161551, 2226739, 2292117, 2357603, 2422890, 2488548, 2554482, 2619983, 2685534, 2751244, 2816578, 2881617, 2947084, 3013046, 3078225, 3143985, 3209517, 3275059, 3340166, 3406211, 3471576, 3537312, 3602628, 3667897, 3733709, 3799205, 3864527, 3930312, 3996243, 4061897, 4127479, 4192996, 4258327, 4324102, 4389827, 4455398, 4520823, 4586310, 4651851, 4717339, 4782429, 4848333, 4913704, 4979051, 5045141, 5110320, 5176217, 5242032, 5308006, 5373488, 5439258, 5504588, 5570195, 5636163, 5701637, 5766699, 5832129, 5897730, 5963288, 6028808, 6093938, 6159510, 6224890, 6290825, 6356147, 6421596, 6486762, 6552440, 6617707, 6683296, 6749130, 6814768, 6880220, 6946045, 7011984, 7077765, 7142824, 7207828, 7272864, 7338420, 7403678, 7469784, 7535864, 7601274, 7667071, 7732899, 7798569, 7864379, 7929806, 7995283, 8061026, 8126851, 8192130, 8257240, 8322444, 8387997, 8453540, 8518963, 8584362, 8649773, 8715037, 8780769, 8846240, 8911809, 8977236, 9042605, 9107868, 9173626, 9239027, 9304425, 9369931, 9435383, 9500957, 9566961, 9632834, 9698136, 9763691, 9828993, 9895177, 9960764, 10026201, 10091974, 10157276, 10223007, 10288489, 10354208, 10419985, 10485005, 10550404, 10616646, 10682133, 10747463, 10813012, 10878601, 10943998, 11009962, 11075528, 11140763, 11206414, 11272164, 11337874, 11403187, 11468331, 11533775, 11599010, 11664104, 11729576, 11795255, 11860697, 11926197, 11991430, 12056699, 12122154, 12188130, 12253636, 12318944, 12384651, 12450108, 12515680, 12581275, 12647067, 12712118, 12778061, 12844002, 12909551, 12975241, 13040734, 13106348, 13171537, 13237672, 13303468, 13368839, 13434661, 13499964, 13564904, 13630624, 13695607, 13761690, 13826990, 13892905, 13958179, 14023768, 14089263, 14154365, 14219948, 14285557, 14350791, 14416450, 14482103, 14547498, 14613601, 14679451, 14744916, 14810872, 14876731, 14942156, 15007755, 15073317, 15138779, 15204227, 15269667, 15335607, 15401290, 15467019, 15532591, 15597865, 15663373, 15728933, 15794426, 15860171, 15925980, 15991541, 16057132, 16123027, 16188496, 16254010, 16319491, 16385297, 16450150, 16515368, 16580795, 16646076, 16711423, 16777215]
[65555, 131065, 196801, 262001, 327821, 393519, 459030, 524303, 589800, 655684, 721354, 786807, 852537, 918174, 983994, 1049690, 1115097, 1180772, 1246530, 1311466, 1377327, 1442554, 1507821, 1573302, 1638899, 1704600, 1770161, 1835622, 1901440, 1966966, 2032352, 2097953, 2163648, 2228863, 2295035, 2360846, 2426359, 2491650, 2556869, 2622596, 2688438, 2754091, 2819354, 2884918, 2950584, 3015835, 3081005, 3146658, 3212161, 3278081, 3344314, 3409646, 3475534, 3540673, 3606433, 3671630, 3737097, 3802706, 3868228, 3933828, 3999463, 4065222, 4130791, 4196481, 4262124, 4327448, 4393534, 4459163, 4524808, 4589841, 4655606, 4721071, 4786836, 4852456, 4918077, 4983360, 5048814, 5114635, 5179733, 5245024, 5310115, 5375874, 5441160, 5506234, 5571974, 5637426, 5703040, 5768066, 5833890, 5899071, 5964602, 6030206, 6095559, 6161304, 6227066, 6292788, 6358256, 6424094, 6489447, 6554940, 6620422, 6685889, 6751367, 6816986, 6882247, 6948076, 7013262, 7078976, 7144685, 7209999, 7275869, 7340924, 7406717, 7472286, 7537631, 7603274, 7668471, 7734318, 7800101, 7865222, 7931552, 7996872, 8062042, 8127356, 8192563, 8257546, 8323192, 8388768, 8454314, 8519386, 8584798, 8650154, 8716314, 8781822, 8847531, 8913176, 8978412, 9044089, 9109711, 9174794, 9240299, 9306133, 9371978, 9438093, 9503443, 9568702, 9634189, 9699372, 9764855, 9830331, 9895726, 9961114, 10026850, 10092272, 10157637, 10223105, 10288557, 10354433, 10420193, 10485550, 10551313, 10617017, 10682596, 10748112, 10813888, 10879479, 10945538, 11011355, 11077189, 11142844, 11208193, 11273836, 11339214, 11404540, 11470322, 11535871, 11601656, 11667142, 11732958, 11798455, 11863491, 11928751, 11993788, 12059396, 12125272, 12190760, 12256037, 12321830, 12387791, 12453328, 12519005, 12584532, 12650036, 12715482, 12780626, 12846189, 12911367, 12977033, 13042828, 13108340, 13173775, 13239617, 13305430, 13370780, 13436254, 13501311, 13566898, 13632447, 13698126, 13763526, 13829118, 13894537, 13960166, 14025229, 14090742, 14156370, 14221661, 14287187, 14353269, 14418383, 14483832, 14549476, 14615023, 14680764, 14746744, 14812293, 14877428, 14943025, 15008404, 15073777, 15139265, 15205287, 15271074, 15336970, 15402486, 15468058, 15534018, 15599441, 15664962, 15730484, 15796025, 15861230, 15926790, 15991454, 16057028, 16122343, 16188281, 16253970, 16319674, 16384944, 16450247, 16515421, 16580768, 16646471, 16712053, 16777215]
[65584, 131503, 197110, 262490, 327873, 393468, 459395, 524853, 590180, 655752, 721157, 786175, 851664, 917087, 982535, 1048372, 1113951, 1179733, 1245488, 1311072, 1376628, 1442369, 1507898, 1573474, 1639355, 1705091, 1770724, 1835816, 1901174, 1966506, 2031744, 2097305, 2162876, 2228261, 2293615, 2359320, 2425120, 2490971, 2557041, 2622557, 2688300, 2753548, 2819286, 2884683, 2950118, 3015541, 3081289, 3146928, 3212601, 3277753, 3343242, 3408617, 3474059, 3539399, 3605272, 3670823, 3736255, 3801715, 3867272, 3932813, 3998248, 4064100, 4129465, 4194442, 4260275, 4325493, 4391005, 4456525, 4522225, 4587532, 4653214, 4718565, 4783771, 4848925, 4914479, 4979771, 5045678, 5111376, 5176946, 5243165, 5308488, 5374123, 5439835, 5505069, 5570289, 5636048, 5700917, 5766595, 5831745, 5897060, 5962557, 6028258, 6094015, 6159474, 6224916, 6290393, 6355696, 6421121, 6486808, 6552130, 6617705, 6683304, 6748925, 6814603, 6880149, 6945628, 7011645, 7076756, 7142310, 7207619, 7273363, 7338887, 7404560, 7469614, 7535050, 7600977, 7666720, 7732644, 7798014, 7863695, 7929550, 7995242, 8060323, 8125828, 8191488, 8256973, 8321872, 8387290, 8453099, 8519006, 8584502, 8650058, 8715984, 8781355, 8846917, 8912360, 8977424, 9042930, 9108854, 9174282, 9239323, 9304808, 9370831, 9436939, 9502290, 9567672, 9633402, 9698787, 9764519, 9830022, 9895605, 9961144, 10026847, 10092336, 10157723, 10223190, 10288645, 10354130, 10419441, 10485558, 10551144, 10616852, 10682496, 10748060, 10813545, 10879097, 10944696, 11010555, 11076155, 11141887, 11207750, 11273557, 11339382, 11404801, 11470129, 11535396, 11600951, 11666247, 11732090, 11797156, 11862827, 11928382, 11993595, 12058992, 12124221, 12189667, 12254999, 12320328, 12385494, 12450853, 12516365, 12581880, 12647432, 12713607, 12779172, 12845035, 12910599, 12975795, 13041339, 13107148, 13173023, 13238237, 13303391, 13368604, 13433856, 13499535, 13564768, 13630536, 13695951, 13761925, 13827595, 13893051, 13958531, 14024032, 14089581, 14155069, 14220601, 14286123, 14351748, 14417483, 14483062, 14548609, 14614249, 14680053, 14745855, 14811201, 14876613, 14942322, 15008229, 15073502, 15138782, 15204304, 15269548, 15335111, 15400375, 15465597, 15531088, 15596814, 15662333, 15727743, 15793329, 15858751, 15924780, 15990076, 16055882, 16121479, 16186969, 16252687, 16318317, 16383482, 16449213, 16514754, 16579678, 16645705, 16711309, 16777215]
[65139, 130699, 196391, 261545, 327048, 392509, 457958, 523279, 588973, 654871, 720345, 785793, 851078, 916771, 982428, 1047805, 1113069, 1178407, 1244156, 1309260, 1374807, 1440337, 1506181, 1571350, 1636938, 1702464, 1767840, 1833605, 1898848, 1964185, 2029771, 2095100, 2160500, 2226326, 2292123, 2357357, 2422854, 2488457, 2553945, 2619296, 2685375, 2751295, 2816644, 2881847, 2947205, 3012687, 3077981, 3144082, 3209897, 3275462, 3340904, 3406465, 3472298, 3537735, 3603399, 3668281, 3734086, 3799620, 3865214, 3930574, 3996043, 4061979, 4127141, 4192945, 4258306, 4324089, 4389777, 4455390, 4520758, 4586475, 4651766, 4717331, 4783149, 4848407, 4914199, 4979454, 5044970, 5110653, 5175804, 5240689, 5306130, 5371924, 5437611, 5502753, 5568043, 5633428, 5698949, 5764729, 5830008, 5895654, 5960508, 6025745, 6091428, 6156887, 6222471, 6288121, 6353531, 6418982, 6484319, 6549634, 6615007, 6680801, 6746260, 6811762, 6876982, 6942182, 7008195, 7073964, 7139680, 7205259, 7270779, 7336409, 7401862, 7467616, 7532943, 7598687, 7664830, 7730286, 7796000, 7861908, 7927733, 7993151, 8058994, 8124651, 8190124, 8255834, 8321896, 8387449, 8453374, 8519300, 8584841, 8650512, 8716628, 8782151, 8847289, 8913072, 8978496, 9043751, 9109173, 9175200, 9240719, 9306260, 9371982, 9437180, 9502163, 9567440, 9633162, 9698649, 9763988, 9829450, 9894731, 9959902, 10025448, 10091185, 10156576, 10222178, 10287857, 10353087, 10418801, 10483718, 10549188, 10614634, 10680449, 10746130, 10811995, 10877169, 10942797, 11008118, 11073703, 11138793, 11204116, 11269343, 11334867, 11400318, 11465861, 11531131, 11596862, 11662663, 11728234, 11793624, 11859736, 11925974, 11991711, 12057112, 12122864, 12188501, 12254087, 12319914, 12385289, 12450701, 12516286, 12581822, 12647361, 12712599, 12777895, 12843105, 12908648, 12974436, 13040049, 13105413, 13171194, 13236663, 13302546, 13367633, 13433089, 13498029, 13563545, 13629217, 13695242, 13760847, 13826674, 13892522, 13957994, 14023755, 14089252, 14154377, 14219842, 14285353, 14350793, 14416672, 14482477, 14548522, 14613387, 14678834, 14744369, 14809861, 14875075, 14940882, 15006507, 15072486, 15138120, 15203913, 15269545, 15335210, 15400863, 15466006, 15531483, 15597029, 15662796, 15728165, 15794111, 15859804, 15925146, 15991038, 16056447, 16121928, 16187621, 16252751, 16318400, 16383981, 16449649, 16514965, 16580540, 16646021, 16711571, 16777215]
[65400, 131189, 196683, 262401, 327914, 393474, 459113, 524695, 590226, 656039, 721962, 787854, 852821, 917740, 983746, 1049227, 1114545, 1180108, 1245874, 1311662, 1376804, 1442513, 1508039, 1573403, 1638908, 1704113, 1769653, 1835180, 1900683, 1965910, 2031495, 2096938, 2162383, 2227702, 2293397, 2359042, 2424238, 2489850, 2555043, 2620696, 2686524, 2752145, 2817656, 2883402, 2948764, 3014313, 3079930, 3145345, 3211122, 3276602, 3342168, 3407623, 3473139, 3538727, 3604527, 3670285, 3735546, 3801270, 3866951, 3932842, 3998271, 4063946, 4129412, 4194886, 4260507, 4326086, 4391864, 4457467, 4522718, 4588128, 4653460, 4718624, 4783973, 4849375, 4914800, 4979929, 5045314, 5110562, 5175641, 5241268, 5306786, 5372130, 5437578, 5503239, 5568603, 5634119, 5699254, 5764930, 5830769, 5896318, 5961829, 6027452, 6093434, 6159256, 6224892, 6290266, 6355753, 6421639, 6487112, 6552735, 6618410, 6684156, 6749633, 6815336, 6880521, 6946279, 7012053, 7077568, 7143667, 7209557, 7275070, 7340553, 7406167, 7471561, 7536875, 7602014, 7667492, 7733035, 7798216, 7863447, 7928998, 7994863, 8060543, 8126504, 8191585, 8257150, 8322054, 8387720, 8453316, 8518679, 8584330, 8649763, 8715043, 8780552, 8846255, 8911688, 8977219, 9042905, 9108900, 9174185, 9239534, 9305090, 9370843, 9436450, 9501843, 9567695, 9633283, 9698708, 9763891, 9829306, 9894861, 9960817, 10026129, 10091555, 10157303, 10223163, 10288442, 10353920, 10419843, 10485511, 10551336, 10616375, 10681903, 10747346, 10812924, 10878160, 10943527, 11008991, 11074430, 11139996, 11205855, 11271280, 11336820, 11401863, 11467417, 11532974, 11598306, 11664092, 11729798, 11795406, 11860894, 11926306, 11991512, 12057108, 12122550, 12187944, 12253899, 12319140, 12384595, 12450231, 12515754, 12581612, 12646893, 12712400, 12777492, 12843014, 12908402, 12973789, 13039781, 13105089, 13170548, 13236288, 13301758, 13367380, 13432902, 13498448, 13564092, 13629779, 13695509, 13760993, 13826180, 13892198, 13957549, 14023564, 14089152, 14154846, 14220384, 14286257, 14352354, 14418317, 14483748, 14549435, 14614810, 14680224, 14745895, 14811786, 14877554, 14942913, 15008515, 15074317, 15140014, 15205373, 15270852, 15336561, 15401632, 15467342, 15533310, 15598706, 15663833, 15729336, 15794731, 15860326, 15925793, 15991454, 16056806, 16122060, 16187194, 16252738, 16318330, 16384026, 16449452, 16514874, 16580252, 16646160, 16711745, 16777215]
[65498, 130909, 196442, 262077, 327274, 392590, 458027, 523442, 589430, 654723, 719903, 785915, 851084, 916870, 982376, 1047933, 1113372, 1178938, 1244320, 1309977, 1375507, 1441495, 1506963, 1572614, 1638255, 1704052, 1769406, 1834906, 1900643, 1966538, 2032336, 2097960, 2163167, 2228587, 2294109, 2359327, 2424485, 2490365, 2555824, 2621623, 2687371, 2753079, 2818578, 2884611, 2950235, 3015984, 3081161, 3146380, 3211532, 3276987, 3342051, 3407756, 3473195, 3538439, 3604210, 3669889, 3735508, 3801611, 3867329, 3932762, 3998196, 4064218, 4129717, 4195455, 4260612, 4325965, 4391680, 4456960, 4522035, 4587529, 4652890, 4718621, 4784055, 4849125, 4914873, 4980729, 5046606, 5112119, 5177925, 5243074, 5308528, 5374107, 5439445, 5504909, 5570240, 5635647, 5701109, 5767072, 5832397, 5897693, 5963628, 6029173, 6094137, 6159673, 6225109, 6290206, 6355495, 6420767, 6486310, 6551910, 6617573, 6683046, 6748212, 6813568, 6879149, 6944667, 7010221, 7075850, 7141166, 7206907, 7272446, 7338424, 7403992, 7469896, 7535590, 7601224, 7666727, 7732540, 7797946, 7863802, 7929280, 7994182, 8059767, 8124968, 8190605, 8256236, 8321629, 8387272, 8452931, 8518729, 8584630, 8649631, 8715372, 8780884, 8846861, 8912427, 8977911, 9043086, 9108686, 9174134, 9239746, 9305270, 9370830, 9436281, 9501897, 9567085, 9632741, 9698446, 9763856, 9829357, 9894533, 9960027, 10025510, 10091420, 10156732, 10222513, 10288068, 10353401, 10418402, 10483998, 10549498, 10615312, 10680854, 10746747, 10812480, 10878117, 10943687, 11009306, 11075174, 11141095, 11206715, 11272286, 11337989, 11403678, 11469466, 11534775, 11600107, 11666040, 11731813, 11797640, 11863035, 11928527, 11993859, 12059468, 12125370, 12190889, 12256617, 12322095, 12387448, 12452790, 12518283, 12584028, 12650141, 12715807, 12781191, 12846721, 12912248, 12977685, 13043203, 13108893, 13174106, 13239652, 13305911, 13371927, 13437845, 13502959, 13568285, 13633568, 13699033, 13764743, 13830194, 13895655, 13961294, 14026702, 14092163, 14157348, 14223120, 14288468, 14353976, 14419494, 14485078, 14550910, 14616147, 14681970, 14747310, 14812796, 14878288, 14943439, 15008868, 15074368, 15140132, 15205380, 15270805, 15336187, 15401224, 15466419, 15532076, 15597959, 15663473, 15729012, 15794111, 15859908, 15925302, 15991134, 16056430, 16122129, 16187813, 16252908, 16318517, 16383863, 16449154, 16514844, 16580643, 16646184, 16711799, 16777215]
[65734, 131507, 196881, 261813, 327710, 393304, 458812, 524116, 589729, 655724, 721008, 786800, 852474, 918147, 983387, 1048681, 1114054, 1179563, 1245424, 1310670, 1376205, 1441935, 1507476, 1572257, 1637676, 1702948, 1768812, 1833979, 1899365, 1965034, 2030417, 2096088, 2161502, 2227081, 2292598, 2358246, 2423636, 2488912, 2554062, 2619598, 2685346, 2751084, 2816341, 2882029, 2948174, 3014036, 3079649, 3144996, 3210921, 3276603, 3342094, 3407390, 3472821, 3538505, 3603617, 3669409, 3734766, 3800318, 3865862, 3931516, 3996849, 4061943, 4127626, 4192965, 4258369, 4323727, 4389519, 4455317, 4520918, 4586642, 4652166, 4717848, 4783368, 4849278, 4915058, 4980356, 5045691, 5111082, 5176758, 5242128, 5307417, 5372891, 5439012, 5504800, 5569655, 5635173, 5700337, 5765893, 5831869, 5897429, 5963014, 6028555, 6093910, 6159461, 6225388, 6291119, 6356828, 6422443, 6487986, 6553325, 6619036, 6684442, 6749938, 6815856, 6881448, 6947208, 7013158, 7078773, 7144095, 7209977, 7275782, 7341196, 7406458, 7471866, 7537688, 7603227, 7668396, 7733623, 7799365, 7864994, 7930640, 7995930, 8061373, 8126832, 8192319, 8258321, 8323571, 8389554, 8455265, 8520617, 8585863, 8651475, 8716963, 8782282, 8847528, 8913142, 8979136, 9044792, 9110381, 9175651, 9241037, 9306086, 9371526, 9436891, 9502555, 9568088, 9633888, 9699713, 9765287, 9830726, 9896567, 9962571, 10028186, 10093441, 10158838, 10224500, 10289906, 10355318, 10420541, 10486197, 10551720, 10617110, 10682215, 10747780, 10813137, 10878769, 10944377, 11010098, 11075540, 11141042, 11206659, 11272099, 11337454, 11402964, 11468192, 11533418, 11598901, 11664125, 11729576, 11795184, 11861162, 11926415, 11991740, 12057621, 12122924, 12188725, 12254328, 12319926, 12385441, 12450791, 12516747, 12582566, 12648175, 12714233, 12779739, 12845393, 12911087, 12976927, 13042497, 13108153, 13173906, 13239597, 13305657, 13371496, 13436725, 13502102, 13567767, 13633443, 13699046, 13764380, 13829492, 13895200, 13961145, 14026477, 14091824, 14157359, 14222399, 14287980, 14353271, 14418468, 14484653, 14549904, 14615311, 14681057, 14746889, 14812267, 14877278, 14942600, 15008545, 15074083, 15139483, 15205331, 15270372, 15335943, 15401647, 15467169, 15532663, 15598114, 15663792, 15729367, 15794675, 15859557, 15924518, 15990490, 16056013, 16121546, 16186767, 16252518, 16318006, 16383943, 16449337, 16514807, 16580620, 16646036, 16711838, 16777215]
[65667, 131325, 196703, 262313, 327293, 392926, 458463, 523770, 589454, 655023, 721004, 786441, 851788, 917512, 983244, 1049069, 1114504, 1179802, 1245171, 1310838, 1376203, 1442401, 1508326, 1573786, 1639406, 1704691, 1770700, 1836220, 1901679, 1966905, 2032699, 2098285, 2163792, 2229011, 2294191, 2360106, 2425695, 2491286, 2557081, 2622310, 2687790, 2753115, 2818096, 2883622, 2948870, 3014335, 3079917, 3145524, 3210906, 3275995, 3341135, 3406417, 3472234, 3537461, 3602812, 3668286, 3733950, 3799295, 3864458, 3930007, 3995779, 4061031, 4126567, 4191973, 4257444, 4322753, 4388223, 4454047, 4519956, 4585272, 4650525, 4716319, 4781901, 4847267, 4912629, 4978157, 5043547, 5109162, 5174725, 5239892, 5305087, 5370523, 5435783, 5501496, 5566992, 5632304, 5697773, 5763260, 5828963, 5894324, 5960447, 6026054, 6091504, 6157013, 6222467, 6287989, 6353243, 6419189, 6484797, 6550636, 6616378, 6681728, 6747469, 6812968, 6878576, 6944318, 7009504, 7075213, 7140920, 7206570, 7271892, 7337366, 7402998, 7468794, 7534602, 7599869, 7665487, 7730987, 7796980, 7862373, 7927941, 7993682, 8059310, 8125183, 8190731, 8255765, 8321329, 8386420, 8452066, 8517592, 8583538, 8649226, 8714983, 8780668, 8846370, 8911735, 8977339, 9043410, 9108729, 9174470, 9240049, 9305181, 9370621, 9436172, 9501607, 9566972, 9632330, 9697532, 9762899, 9828146, 9893822, 9959184, 10024312, 10089756, 10155253, 10220731, 10286725, 10352057, 10417669, 10483024, 10548609, 10614253, 10679645, 10745254, 10810425, 10875864, 10941504, 11007327, 11073178, 11138996, 11204536, 11269820, 11335666, 11401070, 11466713, 11532441, 11597897, 11663127, 11728747, 11794473, 11859845, 11925635, 11991285, 12056680, 12122098, 12187787, 12253163, 12318929, 12384853, 12450677, 12516030, 12581467, 12646946, 12712249, 12778071, 12843483, 12908617, 12974096, 13040173, 13106051, 13171741, 13237829, 13303323, 13369056, 13434906, 13500420, 13566159, 13631124, 13697111, 13762465, 13828029, 13893493, 13958686, 14024153, 14089142, 14154424, 14220236, 14285649, 14351000, 14417163, 14482916, 14548862, 14614238, 14679769, 14745284, 14810419, 14875981, 14941906, 15007618, 15072850, 15138387, 15204100, 15269716, 15335299, 15400888, 15466577, 15532048, 15597225, 15662851, 15728278, 15793609, 15859366, 15924780, 15990227, 16056160, 16121495, 16187040, 16252511, 16318328, 16383969, 16449343, 16514966, 16580526, 16646494, 16711827, 16777215]
[65574, 131072, 196633, 262126, 327548, 392707, 458241, 523621, 589452, 655061, 720498, 786029, 851585, 916875, 982201, 1047246, 1112628, 1178188, 1243714, 1309352, 1374848, 1440587, 1505846, 1571263, 1637050, 1702853, 1768697, 1834439, 1899195, 1964256, 2029574, 2094997, 2160143, 2225873, 2291241, 2356731, 2422013, 2487584, 2553148, 2618785, 2684156, 2749790, 2815553, 2880871, 2946155, 3011867, 3077253, 3142608, 3208005, 3273425, 3339066, 3404406, 3469789, 3535224, 3601032, 3666374, 3731998, 3797679, 3863552, 3929227, 3994665, 4060206, 4125846, 4191621, 4256694, 4322261, 4388069, 4453560, 4519696, 4585279, 4650631, 4716736, 4782167, 4847923, 4913634, 4979138, 5045039, 5110352, 5176179, 5241342, 5307016, 5372427, 5438404, 5504619, 5570230, 5635807, 5701375, 5767023, 5832809, 5898941, 5964228, 6030102, 6096064, 6161645, 6227095, 6292532, 6357906, 6422896, 6488538, 6553833, 6619112, 6684543, 6750581, 6815952, 6881359, 6947519, 7012949, 7078451, 7143933, 7209745, 7275289, 7341019, 7406728, 7472171, 7537605, 7603070, 7668364, 7733467, 7799123, 7864538, 7930345, 7995913, 8061624, 8127060, 8192409, 8258329, 8323644, 8389246, 8454843, 8520721, 8586452, 8651834, 8717331, 8782680, 8848580, 8914271, 8979968, 9045178, 9110639, 9176239, 9241622, 9307616, 9372950, 9438626, 9504185, 9569826, 9635371, 9700876, 9766374, 9831675, 9897261, 9962931, 10028297, 10094183, 10159870, 10225468, 10291055, 10356516, 10421741, 10487155, 10552487, 10617767, 10683410, 10748610, 10814405, 10879845, 10945371, 11010865, 11076596, 11142075, 11207531, 11272608, 11338140, 11403609, 11469276, 11534503, 11600211, 11665955, 11731409, 11796604, 11862331, 11927574, 11992653, 12058531, 12124352, 12189764, 12255526, 12321049, 12386569, 12452250, 12517781, 12583205, 12648707, 12713889, 12779302, 12844995, 12910336, 12975946, 13041341, 13106635, 13172297, 13237713, 13303054, 13368611, 13434068, 13499538, 13564793, 13630410, 13695922, 13761457, 13826830, 13892382, 13958280, 14023852, 14089394, 14155211, 14220332, 14286263, 14351850, 14417489, 14482840, 14548445, 14614681, 14680107, 14745725, 14811007, 14876552, 14942454, 15007893, 15073565, 15139102, 15204591, 15269760, 15335150, 15400952, 15465990, 15531659, 15596474, 15661858, 15727362, 15793110, 15858469, 15924362, 15990021, 16055807, 16121740, 16187043, 16252380, 16318077, 16383946, 16449611, 16515019, 16580242, 16645764, 16711320, 16777215]
[65536, 130803, 196474, 262042, 327748, 393208, 458731, 524560, 589697, 655541, 721175, 786613, 852144, 917401, 982999, 1048404, 1114113, 1180105, 1245563, 1311249, 1376762, 1442089, 1507841, 1573078, 1638368, 1704358, 1770141, 1835880, 1901289, 1966802, 2032275, 2097686, 2163277, 2228391, 2293777, 2359203, 2424866, 2490590, 2556148, 2621836, 2687648, 2753501, 2818972, 2884159, 2949635, 3015352, 3080628, 3146091, 3211086, 3276834, 3342498, 3408229, 3473649, 3539455, 3605196, 3670579, 3736353, 3802123, 3867238, 3932546, 3997945, 4063467, 4128565, 4194294, 4260038, 4325601, 4391153, 4456680, 4522379, 4587721, 4653189, 4718738, 4784445, 4849583, 4915131, 4980496, 5046082, 5111637, 5177139, 5242665, 5308349, 5373823, 5439657, 5505096, 5570493, 5635965, 5701259, 5766699, 5832481, 5898095, 5963573, 6029045, 6094700, 6160538, 6226054, 6291698, 6357832, 6423434, 6488813, 6554863, 6619851, 6685867, 6751708, 6817374, 6882927, 6948309, 7013788, 7079357, 7144960, 7210323, 7275570, 7340825, 7406291, 7471883, 7537410, 7602772, 7668809, 7734263, 7800072, 7865404, 7930993, 7996633, 8061892, 8127551, 8193274, 8258873, 8324537, 8390125, 8455631, 8520834, 8586086, 8651809, 8717547, 8782789, 8848160, 8913732, 8979427, 9045373, 9110754, 9176258, 9241956, 9307458, 9372605, 9437554, 9503206, 9568992, 9634303, 9700052, 9765679, 9831186, 9896516, 9962543, 10028146, 10093457, 10158506, 10224157, 10289479, 10354931, 10420183, 10486118, 10551447, 10616907, 10682552, 10748295, 10813920, 10879683, 10945061, 11010863, 11076506, 11141854, 11207170, 11272745, 11338340, 11404040, 11469640, 11534840, 11600240, 11666172, 11731924, 11797814, 11863143, 11928103, 11993271, 12058877, 12124298, 12189745, 12255325, 12320858, 12386175, 12451066, 12516542, 12582224, 12647438, 12712857, 12778164, 12843649, 12909110, 12975128, 13040865, 13106606, 13171690, 13237619, 13303483, 13369048, 13434670, 13500029, 13565831, 13631581, 13696833, 13762039, 13827731, 13892882, 13958948, 14024250, 14089784, 14155254, 14220407, 14286315, 14352146, 14417458, 14482874, 14548425, 14613953, 14679358, 14745398, 14810865, 14876166, 14941183, 15006518, 15072096, 15137860, 15203364, 15269276, 15335275, 15400792, 15466291, 15532098, 15597374, 15663024, 15728583, 15794397, 15859253, 15925213, 15990467, 16055804, 16121222, 16186637, 16252893, 16318579, 16383898, 16449318, 16514880, 16580510, 16646202, 16711763, 16777215]
[65372, 130921, 196916, 262439, 328239, 393765, 459276, 525228, 590682, 656464, 721600, 787474, 852808, 918125, 983734, 1048585, 1114063, 1179702, 1245010, 1310619, 1376156, 1441621, 1507016, 1572707, 1638032, 1703878, 1769647, 1835211, 1900414, 1965644, 2030728, 2096481, 2162242, 2227351, 2292656, 2358269, 2424019, 2489685, 2554860, 2620456, 2685909, 2751456, 2817007, 2883077, 2949110, 3014294, 3079883, 3145325, 3210888, 3276276, 3341891, 3407297, 3473147, 3538816, 3604648, 3670223, 3735828, 3801629, 3867131, 3932713, 3997977, 4063504, 4129008, 4194476, 4260277, 4325713, 4391312, 4457034, 4522445, 4588091, 4653789, 4719297, 4784455, 4850020, 4915539, 4980677, 5046153, 5111721, 5177170, 5242937, 5307982, 5373520, 5439271, 5504923, 5570455, 5635453, 5701173, 5767095, 5832720, 5898538, 5964202, 6029949, 6095959, 6161503, 6227103, 6292700, 6358243, 6423555, 6489283, 6554406, 6619824, 6684821, 6750365, 6815540, 6881236, 6946846, 7012068, 7077336, 7142845, 7208088, 7273692, 7339008, 7404114, 7469815, 7535110, 7600871, 7665947, 7731556, 7797174, 7862516, 7928149, 7993515, 8058971, 8124804, 8190145, 8255494, 8320890, 8386883, 8452179, 8517917, 8583449, 8648862, 8714191, 8779667, 8844783, 8910329, 8976127, 9041591, 9107433, 9172930, 9238888, 9304641, 9370317, 9436377, 9501914, 9567469, 9633807, 9698949, 9764605, 9830302, 9895729, 9960930, 10026416, 10092020, 10157274, 10222978, 10288215, 10353609, 10419274, 10484741, 10550714, 10615904, 10681276, 10746580, 10812313, 10878302, 10944021, 11009278, 11075023, 11140678, 11206202, 11272008, 11337700, 11403339, 11468754, 11534642, 11600211, 11665714, 11731368, 11796516, 11861890, 11927368, 11993435, 12058838, 12124195, 12189769, 12255012, 12320468, 12385955, 12451470, 12516683, 12581592, 12647438, 12712760, 12777913, 12843562, 12908643, 12974359, 13039559, 13105484, 13171429, 13236819, 13302433, 13368441, 13433990, 13499483, 13565277, 13630811, 13696396, 13761883, 13827322, 13892640, 13958411, 14023516, 14089145, 14154676, 14220156, 14285901, 14351662, 14417254, 14483187, 14548383, 14613924, 14679742, 14744903, 14810895, 14876772, 14942935, 15008932, 15074420, 15140320, 15205892, 15271627, 15337253, 15403006, 15468267, 15534077, 15599852, 15664701, 15729804, 15795530, 15860808, 15926108, 15991373, 16056777, 16121955, 16187753, 16253311, 16319029, 16384138, 16449191, 16514806, 16580334, 16645944, 16711828, 16777215]
[65169, 131118, 196711, 262420, 327522, 392991, 459014, 524417, 589893, 655766, 721393, 787276, 852496, 917945, 983375, 1048821, 1114323, 1180004, 1245947, 1311686, 1376913, 1442626, 1507695, 1572918, 1638660, 1704220, 1769727, 1835580, 1900944, 1966157, 2031583, 2096836, 2161830, 2227505, 2293292, 2358344, 2423750, 2489177, 2554574, 2620171, 2685839, 2751524, 2816828, 2882862, 2948707, 3013776, 3079142, 3144695, 3210190, 3275309, 3340631, 3406109, 3471423, 3536929, 3602427, 3667710, 3733097, 3798381, 3864346, 3930180, 3995883, 4061506, 4127103, 4192765, 4257817, 4323176, 4388468, 4454283, 4519443, 4585448, 4650742, 4716421, 4782134, 4847333, 4913282, 4978857, 5044359, 5109674, 5175092, 5240668, 5306244, 5371833, 5437539, 5503035, 5569031, 5634507, 5700384, 5765699, 5831079, 5896378, 5962110, 6027530, 6092924, 6158111, 6223891, 6289150, 6354354, 6420025, 6485882, 6551241, 6616876, 6682715, 6747662, 6813862, 6879276, 6944938, 7010533, 7075857, 7141206, 7206928, 7272425, 7338552, 7404368, 7469773, 7535695, 7601681, 7666896, 7732772, 7798122, 7863468, 7929083, 7994533, 8059983, 8125480, 8190994, 8256578, 8322183, 8387565, 8453516, 8519103, 8584613, 8650168, 8715350, 8780852, 8846463, 8911585, 8977465, 9042943, 9108190, 9173835, 9239351, 9304831, 9370412, 9436074, 9501739, 9567202, 9632855, 9698739, 9764370, 9829605, 9894954, 9960650, 10025720, 10091184, 10156955, 10222530, 10288407, 10353973, 10419213, 10485110, 10550200, 10615900, 10681616, 10747272, 10812908, 10878721, 10944252, 11009522, 11075316, 11140748, 11205647, 11271131, 11336727, 11402491, 11467966, 11533275, 11598421, 11664469, 11729983, 11795161, 11860638, 11926802, 11992609, 12058218, 12124149, 12189636, 12255029, 12320785, 12385763, 12451482, 12517310, 12582590, 12647724, 12713460, 12779082, 12843992, 12909391, 12975000, 13040436, 13106210, 13171644, 13237418, 13303138, 13368817, 13434021, 13499444, 13565160, 13631296, 13696385, 13761895, 13827610, 13892973, 13958504, 14023516, 14088781, 14154459, 14219985, 14285400, 14351014, 14417353, 14482886, 14548621, 14614162, 14680017, 14745435, 14811089, 14876526, 14942178, 15007692, 15073057, 15138703, 15204368, 15269913, 15335429, 15401087, 15466358, 15531924, 15597420, 15663039, 15728903, 15794722, 15860400, 15925945, 15991499, 16056894, 16122536, 16188263, 16253634, 16318950, 16384618, 16450194, 16515363, 16580924, 16646069, 16711462, 16777215]
[65428, 130927, 196542, 262074, 327794, 393279, 458622, 524196, 589403, 654670, 720131, 786157, 851735, 917470, 983060, 1048614, 1113893, 1179427, 1244816, 1310390, 1375910, 1440842, 1507165, 1573043, 1638584, 1704277, 1769818, 1834949, 1900699, 1965964, 2031290, 2096725, 2162135, 2227494, 2292855, 2359031, 2424543, 2490468, 2555712, 2621551, 2687087, 2752229, 2817262, 2882789, 2948541, 3014273, 3079782, 3145503, 3211028, 3276322, 3341760, 3407593, 3473358, 3539039, 3604813, 3670510, 3736223, 3802081, 3867529, 3932836, 3998228, 4063757, 4129508, 4195348, 4260748, 4326397, 4392323, 4457764, 4522959, 4588042, 4653562, 4718964, 4784719, 4849787, 4915316, 4980929, 5046258, 5111906, 5177866, 5243143, 5308167, 5373704, 5439171, 5504696, 5570262, 5635975, 5701601, 5766930, 5832276, 5897719, 5963570, 6028852, 6094501, 6159926, 6225295, 6291130, 6356259, 6421430, 6487002, 6552901, 6618748, 6684435, 6749758, 6815488, 6880986, 6946427, 7011657, 7077284, 7142247, 7207930, 7273450, 7339413, 7404557, 7470068, 7535736, 7600879, 7666351, 7732022, 7798175, 7863700, 7929389, 7995478, 8061327, 8126698, 8192201, 8257656, 8322949, 8387947, 8453435, 8518715, 8584364, 8649785, 8715318, 8781007, 8846283, 8911625, 8977375, 9043233, 9108868, 9174042, 9239435, 9304345, 9369890, 9435471, 9501203, 9566800, 9632433, 9697799, 9763134, 9828631, 9893957, 9959897, 10024925, 10090475, 10155716, 10221342, 10286729, 10352611, 10417927, 10483612, 10549449, 10614826, 10680391, 10745535, 10811062, 10876749, 10942329, 11007779, 11073186, 11138867, 11204537, 11269980, 11335203, 11400483, 11466243, 11531824, 11597627, 11663186, 11728622, 11794293, 11859887, 11925402, 11990854, 12056229, 12122104, 12187574, 12253495, 12318946, 12384526, 12450302, 12516171, 12581813, 12647218, 12712728, 12778496, 12844010, 12909804, 12975812, 13041245, 13106916, 13172227, 13237783, 13303530, 13368947, 13434226, 13499699, 13565490, 13630740, 13696280, 13761343, 13827168, 13892519, 13958349, 14024237, 14090023, 14155700, 14221594, 14286824, 14352193, 14417883, 14483335, 14549003, 14614581, 14680128, 14745684, 14811340, 14876975, 14942071, 15007212, 15072017, 15137262, 15202859, 15268584, 15333640, 15398953, 15464518, 15529915, 15595449, 15660902, 15726644, 15792232, 15857661, 15923211, 15988730, 16054028, 16119739, 16185528, 16251475, 16316966, 16382541, 16448193, 16513888, 16579771, 16645702, 16711340, 16777215]
[65860, 131513, 196764, 262599, 327969, 393465, 458944, 524482, 590195, 655887, 721194, 787003, 852928, 918417, 984197, 1049495, 1115025, 1181053, 1246795, 1312185, 1377580, 1443387, 1508929, 1574691, 1640732, 1706452, 1772205, 1837737, 1903105, 1969239, 2034859, 2100413, 2166136, 2231104, 2296896, 2362593, 2428089, 2492942, 2558433, 2624221, 2690116, 2755747, 2821367, 2886985, 2952962, 3018636, 3084140, 3149569, 3214740, 3280458, 3345825, 3411547, 3476688, 3542198, 3608018, 3673290, 3739003, 3804893, 3870638, 3936022, 4001315, 4067384, 4133205, 4199068, 4264935, 4330648, 4396450, 4461611, 4527212, 4592274, 4657574, 4723066, 4788757, 4854603, 4920354, 4985889, 5050783, 5116282, 5181807, 5247248, 5312836, 5378296, 5443946, 5509335, 5574819, 5640125, 5705597, 5771388, 5836977, 5902599, 5968337, 6034014, 6099637, 6165132, 6230460, 6295875, 6361391, 6427133, 6492931, 6558815, 6624448, 6689824, 6755614, 6820988, 6886047, 6951877, 7017479, 7083450, 7149213, 7213960, 7279568, 7344880, 7410516, 7475613, 7541138, 7606758, 7672739, 7738319, 7803618, 7869238, 7934436, 8000118, 8066118, 8131484, 8196432, 8261408, 8326606, 8391685, 8457278, 8522620, 8587997, 8653635, 8719192, 8784671, 8850130, 8915941, 8981342, 9046680, 9112523, 9177935, 9243677, 9309112, 9374908, 9440123, 9505937, 9571270, 9637041, 9702463, 9767574, 9833490, 9898903, 9964129, 10029464, 10095071, 10160401, 10226180, 10291898, 10357557, 10422752, 10488538, 10554265, 10619566, 10685219, 10750721, 10816037, 10881517, 10947285, 11012817, 11078154, 11143611, 11209381, 11274913, 11340603, 11405571, 11471078, 11536376, 11602066, 11667584, 11733009, 11798705, 11864332, 11930019, 11995549, 12060926, 12126525, 12191989, 12257233, 12323332, 12389136, 12454905, 12520983, 12586469, 12651687, 12716831, 12782604, 12848161, 12913645, 12979008, 13044156, 13109461, 13174939, 13240221, 13305756, 13371411, 13436700, 13502094, 13567161, 13632726, 13698599, 13763891, 13829310, 13894995, 13960359, 14025755, 14091713, 14156888, 14222574, 14288019, 14353078, 14419099, 14484631, 14549765, 14615270, 14680588, 14745828, 14811624, 14877665, 14942777, 15008306, 15074091, 15139923, 15205171, 15270675, 15335932, 15401888, 15467163, 15532705, 15597789, 15663232, 15728992, 15793933, 15859512, 15925377, 15990705, 16056635, 16121890, 16187535, 16253017, 16318855, 16384391, 16450236, 16515370, 16580683, 16646064, 16711876, 16777215]
[65621, 131158, 196749, 262697, 328072, 393727, 459127, 524936, 590101, 655538, 720948, 786479, 852138, 917651, 982878, 1048634, 1114113, 1179768, 1245170, 1310419, 1376289, 1441587, 1507149, 1572728, 1638324, 1704041, 1769589, 1834843, 1900233, 1965434, 2030943, 2097119, 2162455, 2228260, 2293183, 2358676, 2424512, 2490454, 2556095, 2621721, 2686912, 2752382, 2817469, 2883125, 2948667, 3014383, 3079986, 3145683, 3210929, 3276378, 3341746, 3407962, 3473534, 3538793, 3604799, 3670127, 3735794, 3801447, 3866960, 3932290, 3997730, 4063137, 4128707, 4193875, 4259323, 4324542, 4389902, 4455390, 4520887, 4586010, 4651327, 4716707, 4782131, 4847605, 4913214, 4978942, 5044453, 5109868, 5175681, 5241159, 5307012, 5372829, 5438775, 5503399, 5568585, 5634300, 5699557, 5765181, 5830835, 5896734, 5962218, 6028041, 6093253, 6158718, 6224192, 6289883, 6355765, 6421718, 6486883, 6552401, 6617638, 6682748, 6748348, 6814316, 6879803, 6945265, 7010695, 7076294, 7141955, 7207130, 7272788, 7338303, 7403836, 7469537, 7535078, 7600336, 7666181, 7731823, 7797221, 7862922, 7928642, 7994530, 8060179, 8125909, 8191818, 8257537, 8323503, 8389205, 8454942, 8520283, 8585297, 8651443, 8717254, 8782943, 8848287, 8913544, 8978563, 9043939, 9109429, 9174910, 9240909, 9306480, 9372091, 9437160, 9502654, 9568141, 9633149, 9698872, 9764497, 9830215, 9895490, 9960825, 10026240, 10091553, 10157112, 10222656, 10288332, 10353894, 10420140, 10485784, 10551154, 10616836, 10682763, 10748660, 10814277, 10879576, 10945081, 11010372, 11075260, 11140506, 11206018, 11271810, 11337432, 11402992, 11468817, 11534360, 11599975, 11665813, 11731583, 11797063, 11862602, 11927682, 11993559, 12059046, 12124750, 12189877, 12254700, 12319930, 12385354, 12450969, 12516534, 12581851, 12647475, 12713212, 12778414, 12843973, 12909476, 12975337, 13040915, 13106345, 13171525, 13237240, 13302410, 13367891, 13433276, 13499044, 13564488, 13630284, 13695769, 13761509, 13827433, 13892685, 13958108, 14023865, 14089526, 14155473, 14221006, 14286314, 14351558, 14417118, 14482993, 14548786, 14614155, 14679675, 14745147, 14810642, 14875985, 14941096, 15006766, 15071976, 15138067, 15203312, 15268798, 15334367, 15400234, 15465591, 15531137, 15596566, 15662334, 15727853, 15793550, 15858826, 15924559, 15990183, 16055894, 16121560, 16187118, 16252639, 16318647, 16384288, 16450167, 16515792, 16581097, 16646403, 16712004, 16777215]
[65584, 130874, 196806, 262216, 327982, 393316, 458747, 524403, 590191, 655341, 721138, 786386, 851565, 917229, 982622, 1048193, 1113906, 1179256, 1244752, 1310792, 1376087, 1441788, 1507426, 1573268, 1638476, 1704114, 1769729, 1835565, 1900984, 1966465, 2031867, 2097468, 2162889, 2228612, 2294677, 2359969, 2425517, 2491361, 2557025, 2622860, 2688058, 2753528, 2819131, 2884890, 2950785, 3016542, 3082061, 3147717, 3213247, 3279090, 3344563, 3410050, 3475769, 3541284, 3606880, 3672347, 3737821, 3803191, 3868523, 3934268, 3999979, 4065606, 4131108, 4196401, 4261522, 4326814, 4392147, 4457171, 4523032, 4588489, 4653885, 4719689, 4784977, 4850464, 4916007, 4981537, 5047080, 5112456, 5177763, 5243113, 5308457, 5373726, 5439371, 5505241, 5571078, 5636810, 5701803, 5767133, 5832771, 5898719, 5964200, 6030210, 6095917, 6161469, 6226840, 6292190, 6357730, 6423735, 6489023, 6554322, 6620030, 6685059, 6750501, 6816265, 6882017, 6947980, 7013570, 7078998, 7144520, 7210090, 7275604, 7341155, 7406595, 7472570, 7538245, 7603946, 7669226, 7734872, 7800667, 7866623, 7931819, 7997668, 8062869, 8128100, 8193468, 8259147, 8324942, 8390497, 8455968, 8520797, 8586498, 8651444, 8717315, 8783040, 8848651, 8914146, 8979623, 9044987, 9110422, 9176489, 9242127, 9307588, 9373026, 9438482, 9503444, 9568775, 9634500, 9700262, 9765529, 9831129, 9896777, 9962613, 10028246, 10093801, 10159458, 10224995, 10290954, 10356820, 10422175, 10487557, 10552761, 10618243, 10683818, 10749631, 10815093, 10880891, 10946216, 11011929, 11077256, 11142664, 11207908, 11273582, 11339153, 11404753, 11469861, 11535438, 11601208, 11666992, 11732730, 11797932, 11863468, 11928748, 11993813, 12059711, 12125431, 12191233, 12257022, 12322577, 12388224, 12453903, 12519554, 12585015, 12651049, 12716829, 12782155, 12847744, 12913674, 12979749, 13044614, 13110461, 13176059, 13241383, 13306670, 13372221, 13437906, 13503135, 13568655, 13634141, 13699287, 13764925, 13830563, 13896238, 13961658, 14027388, 14093054, 14158326, 14224070, 14289567, 14355124, 14420588, 14486320, 14551746, 14617604, 14683296, 14748561, 14813230, 14878381, 14943762, 15009379, 15074611, 15140117, 15205186, 15270778, 15336150, 15401587, 15467517, 15533035, 15599209, 15664431, 15729657, 15795098, 15860727, 15926045, 15991481, 16056784, 16122557, 16187979, 16253515, 16318582, 16383703, 16448787, 16514251, 16579973, 16646259, 16711538, 16777215]
[65700, 131236, 196448, 261596, 327336, 393152, 458940, 524726, 590582, 656258, 722229, 787561, 853161, 918685, 984294, 1050193, 1115703, 1181427, 1246479, 1311859, 1377476, 1442687, 1508539, 1573874, 1639493, 1704818, 1770445, 1835183, 1900686, 1966147, 2031497, 2097142, 2162996, 2228575, 2294056, 2359845, 2425684, 2491327, 2556787, 2622115, 2687522, 2753034, 2818993, 2884635, 2949746, 3015220, 3080844, 3146615, 3212352, 3277723, 3343042, 3408713, 3474256, 3540046, 3605643, 3671281, 3736521, 3802029, 3867718, 3933018, 3998846, 4064558, 4130482, 4196441, 4261787, 4327010, 4392434, 4457731, 4523692, 4589079, 4655033, 4720984, 4786747, 4852341, 4917704, 4983351, 5048808, 5114325, 5179625, 5245065, 5310586, 5375612, 5441462, 5506877, 5572386, 5637943, 5704094, 5769324, 5834906, 5900314, 5965998, 6032095, 6097493, 6163016, 6228387, 6293518, 6359455, 6424957, 6490488, 6556032, 6621421, 6687392, 6752611, 6818063, 6883713, 6949516, 7015094, 7080439, 7145712, 7210867, 7276317, 7341836, 7407559, 7473099, 7538509, 7604109, 7669651, 7735114, 7800797, 7866422, 7932116, 7997681, 8063154, 8128715, 8194583, 8260213, 8325573, 8391156, 8456557, 8521671, 8587578, 8653072, 8718489, 8783967, 8849193, 8914367, 8979960, 9045417, 9110565, 9175904, 9241719, 9307311, 9372965, 9438437, 9504355, 9570102, 9635451, 9701096, 9766421, 9831709, 9897620, 9963217, 10028626, 10094097, 10159584, 10224706, 10290378, 10356005, 10421835, 10486923, 10552332, 10617746, 10683524, 10748721, 10813779, 10879044, 10944725, 11010454, 11076417, 11141803, 11207355, 11272676, 11338696, 11404394, 11470063, 11535802, 11600918, 11666538, 11732374, 11797798, 11863331, 11928731, 11994060, 12060062, 12125746, 12191327, 12256433, 12321504, 12387156, 12452581, 12517683, 12583149, 12648616, 12714561, 12780193, 12845555, 12911046, 12976519, 13042025, 13107622, 13173115, 13238736, 13303671, 13369524, 13435351, 13500471, 13565731, 13631496, 13697181, 13762805, 13828379, 13894118, 13959519, 14024719, 14090141, 14155477, 14220774, 14285916, 14351205, 14417032, 14483029, 14548853, 14614374, 14679668, 14744961, 14810330, 14876384, 14941724, 15007566, 15073183, 15138836, 15204002, 15269564, 15334866, 15400155, 15465876, 15530816, 15596646, 15662532, 15727986, 15793620, 15859093, 15924788, 15990667, 16056378, 16121899, 16187377, 16253120, 16318958, 16384246, 16449597, 16515110, 16580413, 16645782, 16711495, 16777215]
[66058, 131485, 196679, 262477, 327718, 393398, 459228, 524639, 590169, 655715, 721321, 787053, 852503, 918280, 984053, 1049200, 1114760, 1180267, 1245922, 1311271, 1376542, 1442378, 1507808, 1573194, 1638725, 1704861, 1770225, 1835537, 1901113, 1966689, 2031820, 2097427, 2163328, 2228560, 2293798, 2359317, 2424643, 2490030, 2556233, 2621681, 2687294, 2752935, 2818540, 2884209, 2949687, 3015315, 3080551, 3146220, 3212141, 3277920, 3343302, 3409293, 3474881, 3539928, 3605272, 3670630, 3736591, 3802336, 3868011, 3933584, 3999294, 4065139, 4130367, 4196293, 4261865, 4327240, 4392940, 4458282, 4523796, 4589407, 4654883, 4720441, 4785789, 4851136, 4916709, 4982491, 5047872, 5113489, 5179182, 5244841, 5310084, 5375469, 5440808, 5506392, 5572266, 5637424, 5702819, 5768299, 5833630, 5899234, 5964752, 6030379, 6095620, 6161262, 6226895, 6292361, 6357610, 6423251, 6488845, 6554489, 6619431, 6684940, 6750423, 6816075, 6881855, 6947197, 7013058, 7078322, 7144491, 7210078, 7275347, 7340706, 7406269, 7471760, 7537164, 7603227, 7668743, 7734086, 7799812, 7865439, 7931132, 7996623, 8061884, 8127463, 8193311, 8258789, 8324092, 8389976, 8455942, 8521347, 8586872, 8652297, 8717857, 8783908, 8849486, 8915108, 8980868, 9046122, 9111939, 9177500, 9243317, 9308935, 9374353, 9440264, 9505751, 9571437, 9637206, 9702594, 9767951, 9833747, 9898909, 9964746, 10030275, 10095620, 10161621, 10227020, 10292856, 10358599, 10424139, 10489666, 10555247, 10620788, 10685543, 10751129, 10816203, 10881976, 10947864, 11013562, 11079224, 11145178, 11210522, 11275921, 11341141, 11407093, 11472806, 11538682, 11604347, 11669509, 11734732, 11800422, 11865620, 11931224, 11996862, 12062491, 12127874, 12193290, 12258974, 12324557, 12389931, 12455415, 12520862, 12586464, 12651892, 12717486, 12783050, 12848624, 12914315, 12979998, 13045266, 13110467, 13176000, 13241022, 13306301, 13371800, 13437204, 13502856, 13568911, 13634097, 13699398, 13764636, 13830269, 13896293, 13961814, 14027429, 14092665, 14157657, 14223024, 14288072, 14353458, 14418545, 14483953, 14549601, 14615225, 14680894, 14746492, 14812593, 14878088, 14943675, 15008491, 15074242, 15139561, 15205052, 15270448, 15336012, 15401799, 15467480, 15532776, 15598287, 15663982, 15729327, 15794524, 15860155, 15925682, 15990842, 16056453, 16121945, 16187231, 16252413, 16318457, 16384112, 16449557, 16514989, 16580714, 16646030, 16711908, 16777215]
[65910, 131350, 197242, 262869, 328503, 394061, 459375, 525069, 590084, 655611, 721053, 786395, 851910, 917214, 983089, 1048371, 1113587, 1179063, 1244461, 1309873, 1375345, 1440971, 1506447, 1572421, 1637630, 1703040, 1768244, 1833658, 1899447, 1965174, 2030594, 2096623, 2162122, 2227698, 2292773, 2358138, 2423458, 2489143, 2554511, 2620278, 2685839, 2751423, 2817099, 2882453, 2947801, 3013100, 3078861, 3144288, 3209871, 3275412, 3341106, 3406699, 3471996, 3537950, 3603387, 3669148, 3734981, 3801118, 3866629, 3932327, 3997590, 4063145, 4128936, 4193864, 4259404, 4325178, 4390970, 4456055, 4521768, 4587736, 4653201, 4719404, 4785302, 4850826, 4916336, 4981562, 5047188, 5112808, 5178593, 5244479, 5309822, 5374826, 5440238, 5506011, 5570923, 5636384, 5701680, 5767600, 5833106, 5898769, 5964596, 6030475, 6095783, 6161166, 6226595, 6292127, 6357387, 6422639, 6488497, 6553864, 6619300, 6685292, 6751021, 6816909, 6881920, 6947699, 7013281, 7078691, 7144220, 7210089, 7275592, 7341500, 7406876, 7472474, 7537980, 7603539, 7669505, 7734754, 7800606, 7865942, 7931331, 7997095, 8062883, 8128824, 8194300, 8259647, 8325255, 8390849, 8456343, 8521672, 8587217, 8652557, 8718164, 8783363, 8848701, 8914166, 8979942, 9045478, 9111170, 9177036, 9242338, 9307851, 9373200, 9438992, 9504829, 9570020, 9635221, 9700734, 9766766, 9831656, 9897284, 9962736, 10028165, 10093648, 10159125, 10224586, 10289983, 10355130, 10420381, 10486014, 10551814, 10617681, 10682826, 10748065, 10813445, 10878859, 10944522, 11010137, 11076068, 11141826, 11207504, 11272624, 11338073, 11403972, 11469720, 11535414, 11600941, 11666339, 11731702, 11797298, 11862571, 11927970, 11993326, 12058824, 12124541, 12190015, 12256107, 12321572, 12386967, 12452157, 12517749, 12583054, 12648821, 12714174, 12779634, 12845246, 12910516, 12975662, 13040688, 13106369, 13171860, 13237043, 13302544, 13368123, 13433476, 13498944, 13564821, 13630079, 13695967, 13761808, 13827573, 13893422, 13959168, 14024660, 14090408, 14156283, 14221781, 14287645, 14353779, 14419291, 14485262, 14550514, 14615755, 14681221, 14746399, 14811836, 14877124, 14941958, 15007496, 15072623, 15138683, 15204440, 15270349, 15335368, 15400671, 15466398, 15531918, 15597314, 15663014, 15728483, 15794468, 15860034, 15925953, 15991337, 16057196, 16122569, 16188058, 16253613, 16318861, 16384674, 16450186, 16515774, 16581492, 16646841, 16711849, 16777215]
[65673, 131057, 196743, 261938, 327018, 392290, 457676, 523168, 588171, 653492, 719039, 784691, 850263, 915750, 981280, 1046811, 1112694, 1178214, 1244289, 1310097, 1375540, 1440872, 1506252, 1571503, 1636729, 1702204, 1767651, 1833577, 1899091, 1964529, 2030065, 2095203, 2160918, 2226450, 2291387, 2357089, 2422591, 2488258, 2553899, 2619327, 2684557, 2750202, 2815259, 2881211, 2946410, 3011697, 3077027, 3142377, 3208324, 3273821, 3339114, 3404728, 3470174, 3535768, 3601629, 3667586, 3733675, 3798983, 3865032, 3930373, 3995647, 4061081, 4126628, 4192052, 4257514, 4323487, 4388368, 4453818, 4519820, 4585424, 4650862, 4716706, 4782237, 4847739, 4912447, 4978083, 5043802, 5109504, 5175082, 5240597, 5306524, 5372320, 5437783, 5502994, 5569017, 5634857, 5700305, 5765603, 5830761, 5896202, 5961671, 6027319, 6092825, 6158465, 6224199, 6289625, 6354754, 6420690, 6486056, 6551848, 6616994, 6682693, 6749000, 6814556, 6879683, 6945764, 7011648, 7077204, 7142165, 7207769, 7272861, 7338163, 7403718, 7468977, 7534394, 7600035, 7665491, 7731202, 7796543, 7862418, 7928094, 7993569, 8059043, 8124397, 8190146, 8255716, 8321597, 8387443, 8452867, 8518102, 8583678, 8649636, 8715395, 8780693, 8846158, 8911761, 8977369, 9043140, 9108760, 9174560, 9240403, 9305456, 9371663, 9437004, 9502089, 9567815, 9633846, 9699371, 9765122, 9830636, 9896038, 9961635, 10027343, 10093378, 10158532, 10223851, 10289564, 10355135, 10420114, 10485779, 10551510, 10616590, 10682031, 10747873, 10813581, 10879233, 10944732, 11010360, 11075598, 11141177, 11206659, 11272059, 11337920, 11403585, 11469023, 11534873, 11600926, 11666360, 11731668, 11797323, 11862470, 11928116, 11993813, 12058710, 12124418, 12190148, 12255356, 12320684, 12386659, 12452393, 12517679, 12583372, 12649351, 12715036, 12780629, 12845936, 12911590, 12976942, 13042636, 13108380, 13173956, 13239480, 13305072, 13370509, 13436010, 13501930, 13567669, 13633382, 13699292, 13764772, 13830127, 13895618, 13960814, 14026064, 14091495, 14157118, 14222505, 14288136, 14353436, 14418367, 14483643, 14548972, 14614286, 14679825, 14745329, 14811198, 14876769, 14942769, 15008656, 15073966, 15139363, 15205030, 15270858, 15336294, 15401919, 15467626, 15533227, 15598596, 15664117, 15729460, 15794799, 15860386, 15925511, 15990989, 16056413, 16122253, 16187912, 16253257, 16319092, 16384468, 16450229, 16515479, 16580739, 16646393, 16711947, 16777215]
[65641, 130963, 196053, 261375, 327025, 392723, 458236, 523882, 589321, 654890, 720592, 785907, 851562, 917320, 982727, 1047900, 1113845, 1179876, 1245021, 1310487, 1375689, 1440994, 1505892, 1571549, 1637093, 1702529, 1767847, 1833053, 1898297, 1964057, 2029077, 2094538, 2160092, 2225599, 2290932, 2356297, 2421600, 2487131, 2552810, 2618637, 2684007, 2749595, 2815041, 2880558, 2946368, 3012056, 3077986, 3143864, 3209214, 3274926, 3340500, 3406039, 3471968, 3537591, 3603453, 3669023, 3734519, 3800168, 3865177, 3930399, 3995775, 4061266, 4126684, 4192363, 4257564, 4323353, 4389389, 4455344, 4520977, 4586603, 4652313, 4717739, 4783408, 4848636, 4914420, 4980496, 5045883, 5111461, 5177146, 5243133, 5308438, 5373902, 5439516, 5505257, 5570951, 5636375, 5701663, 5766961, 5832679, 5898617, 5963997, 6029378, 6095047, 6160851, 6226531, 6292290, 6358103, 6423879, 6489580, 6554771, 6620680, 6686133, 6751632, 6817475, 6882729, 6948143, 7013305, 7078893, 7144622, 7210333, 7275454, 7341223, 7407278, 7472430, 7538127, 7603629, 7669245, 7734582, 7800357, 7866098, 7931716, 7997113, 8062975, 8128325, 8193745, 8259198, 8324270, 8390097, 8455853, 8521787, 8587191, 8652957, 8718523, 8784162, 8849555, 8915081, 8980739, 9046237, 9111338, 9176711, 9241947, 9307042, 9372255, 9437797, 9502753, 9568450, 9633872, 9699352, 9764999, 9830665, 9896329, 9962140, 10027465, 10093065, 10158954, 10224651, 10290165, 10355826, 10421180, 10486785, 10552010, 10617564, 10682671, 10747805, 10813579, 10879344, 10944353, 11009661, 11075026, 11140242, 11205861, 11271615, 11337090, 11402711, 11468057, 11533921, 11599763, 11665373, 11731011, 11796530, 11861955, 11927591, 11993448, 12059420, 12125233, 12190490, 12256022, 12322235, 12387927, 12452969, 12518306, 12584202, 12649279, 12714798, 12780323, 12846112, 12911655, 12977331, 13042453, 13108077, 13173219, 13239142, 13304653, 13369864, 13434946, 13500269, 13565911, 13631518, 13697275, 13763043, 13828646, 13894403, 13959748, 14025311, 14090911, 14156498, 14222070, 14287509, 14352888, 14418481, 14484253, 14549913, 14615338, 14680854, 14746499, 14811887, 14877372, 14942928, 15008572, 15074247, 15139850, 15205443, 15271400, 15336406, 15402179, 15467772, 15533588, 15599016, 15664184, 15729794, 15795200, 15860692, 15926079, 15991416, 16057213, 16122901, 16188359, 16253973, 16319741, 16385109, 16450569, 16516129, 16581673, 16646953, 16711770, 16777215]
[65791, 131106, 196210, 261945, 327554, 392657, 458135, 523218, 588531, 653893, 719929, 785536, 851070, 916310, 982242, 1047753, 1113057, 1178994, 1244509, 1310654, 1376128, 1441507, 1507477, 1572946, 1638656, 1704415, 1769873, 1835653, 1901469, 1966870, 2032621, 2098205, 2163789, 2229224, 2294848, 2360572, 2425942, 2491217, 2557046, 2622502, 2688206, 2753135, 2818642, 2884513, 2949971, 3015723, 3080931, 3146398, 3212435, 3277786, 3342765, 3408444, 3474269, 3539327, 3604706, 3670181, 3735718, 3801408, 3866642, 3932138, 3997473, 4063368, 4128460, 4194048, 4259704, 4325346, 4390903, 4456262, 4521613, 4587052, 4652506, 4718399, 4784045, 4849226, 4914427, 4980561, 5045816, 5111147, 5176259, 5242141, 5307685, 5372720, 5438294, 5503955, 5569622, 5634901, 5700012, 5765364, 5831189, 5896544, 5962199, 6027330, 6092639, 6158151, 6223572, 6289674, 6354848, 6420265, 6486127, 6552192, 6617651, 6683831, 6749275, 6815177, 6880738, 6945986, 7011878, 7077535, 7143426, 7208648, 7274434, 7340054, 7405603, 7470489, 7536292, 7601790, 7667517, 7732974, 7798573, 7864307, 7929773, 7995183, 8060589, 8125881, 8191388, 8256927, 8322818, 8388782, 8454042, 8519535, 8585053, 8650070, 8715651, 8781243, 8847024, 8912577, 8977468, 9042989, 9108546, 9173620, 9239212, 9304417, 9369584, 9435122, 9500518, 9566341, 9631667, 9696648, 9762483, 9828688, 9894278, 9959569, 10025152, 10090496, 10156508, 10222555, 10287798, 10353401, 10419141, 10484699, 10550051, 10615954, 10681092, 10746641, 10812373, 10878443, 10943638, 11009795, 11075180, 11140986, 11206411, 11272069, 11337460, 11403139, 11468516, 11534283, 11599533, 11664927, 11730569, 11795624, 11861242, 11927013, 11992684, 12057891, 12123424, 12189103, 12254504, 12319980, 12385679, 12451265, 12517102, 12582863, 12648563, 12713658, 12779095, 12844413, 12909621, 12975400, 13040524, 13106000, 13171386, 13237328, 13303353, 13369216, 13434423, 13500196, 13565490, 13630841, 13696540, 13762044, 13827254, 13892764, 13958305, 14023883, 14089681, 14155136, 14220755, 14286186, 14351240, 14416668, 14481783, 14547111, 14612548, 14678132, 14743250, 14808475, 14874109, 14939470, 15005683, 15071481, 15136883, 15202988, 15268673, 15334210, 15399793, 15465494, 15530902, 15596255, 15661725, 15726823, 15792351, 15858378, 15924188, 15989722, 16055563, 16121233, 16186566, 16252721, 16318361, 16383879, 16449643, 16515037, 16580378, 16645857, 16711458, 16777215]
[65362, 131033, 196821, 262158, 327904, 393089, 458569, 524522, 590562, 656293, 721937, 787631, 853040, 918298, 983845, 1049320, 1115062, 1180487, 1246069, 1311213, 1376806, 1442422, 1508229, 1573869, 1639094, 1704435, 1770039, 1835936, 1901848, 1967294, 2033116, 2098905, 2164342, 2229600, 2295358, 2361400, 2427223, 2492653, 2558244, 2623878, 2689066, 2754365, 2819781, 2885375, 2951127, 3016629, 3082037, 3147131, 3212925, 3278564, 3344071, 3409614, 3475129, 3541120, 3606270, 3672147, 3737414, 3803078, 3868468, 3933830, 3999284, 4064370, 4130072, 4195491, 4261323, 4327289, 4392856, 4458340, 4524374, 4589617, 4655406, 4720830, 4786396, 4851626, 4917229, 4982965, 5048010, 5113314, 5178859, 5244558, 5310059, 5375526, 5441162, 5506879, 5572457, 5638097, 5703616, 5769226, 5835013, 5900434, 5965985, 6031957, 6097367, 6162597, 6228041, 6293173, 6358795, 6424017, 6489710, 6555232, 6620593, 6685692, 6751259, 6816823, 6882137, 6947764, 7013043, 7078448, 7144160, 7209591, 7275179, 7340531, 7406363, 7471913, 7537302, 7602831, 7668483, 7734031, 7800009, 7865486, 7931076, 7996643, 8062027, 8127104, 8192505, 8258034, 8323225, 8388824, 8454617, 8520248, 8585560, 8651285, 8716595, 8781780, 8847088, 8912723, 8978486, 9044083, 9109727, 9175122, 9240369, 9306014, 9371616, 9436876, 9502707, 9567862, 9633629, 9698835, 9764501, 9829741, 9895787, 9961551, 10026810, 10092325, 10157914, 10224020, 10289262, 10354576, 10419720, 10484740, 10550550, 10616114, 10681227, 10746988, 10812187, 10877727, 10943053, 11008397, 11073980, 11139451, 11205017, 11270739, 11336621, 11402026, 11467352, 11533544, 11598895, 11664277, 11729508, 11795051, 11860862, 11926091, 11991987, 12057080, 12122538, 12188073, 12253760, 12319513, 12385089, 12450332, 12515644, 12581454, 12647267, 12712678, 12778265, 12843942, 12909774, 12974938, 13040451, 13105603, 13170959, 13236815, 13302402, 13368145, 13433554, 13498852, 13564712, 13630259, 13695852, 13761558, 13826956, 13892435, 13958326, 14023763, 14088989, 14154940, 14220223, 14285697, 14351885, 14417353, 14483265, 14548588, 14614077, 14679667, 14745095, 14810367, 14876202, 14941459, 15006984, 15072137, 15137992, 15203445, 15268659, 15334359, 15399968, 15465926, 15531130, 15596929, 15662603, 15727849, 15793314, 15858689, 15924107, 15989744, 16055313, 16120702, 16186045, 16251658, 16317673, 16383413, 16448859, 16514569, 16580577, 16645894, 16711695, 16777215]
[65645, 130990, 196564, 262069, 327574, 393066, 458148, 523493, 589307, 654536, 720364, 785932, 851303, 916884, 982582, 1048561, 1114585, 1180099, 1245671, 1311462, 1377223, 1442754, 1508005, 1574256, 1639696, 1704853, 1770261, 1836068, 1901454, 1966858, 2032491, 2098127, 2163257, 2228485, 2294052, 2359473, 2424843, 2490606, 2555999, 2621439, 2687151, 2753230, 2819341, 2884939, 2950591, 3016030, 3081875, 3147372, 3212966, 3278624, 3344405, 3409556, 3475132, 3540690, 3606179, 3671141, 3736444, 3802168, 3867939, 3933482, 3999063, 4064599, 4129771, 4195163, 4260375, 4325635, 4391516, 4457131, 4523248, 4588726, 4654007, 4719596, 4785222, 4850308, 4915894, 4981020, 5046415, 5111720, 5176886, 5242481, 5307718, 5373553, 5439510, 5504962, 5570467, 5636191, 5701636, 5766755, 5832456, 5897891, 5963660, 6029159, 6094750, 6160455, 6225989, 6291283, 6356486, 6421960, 6487223, 6553088, 6618608, 6684503, 6750008, 6815549, 6881522, 6946752, 7012542, 7077600, 7142919, 7208702, 7274120, 7339183, 7404335, 7470005, 7535882, 7601635, 7667294, 7732421, 7797922, 7863278, 7928557, 7994314, 8059864, 8125150, 8190711, 8255982, 8322105, 8387466, 8453226, 8518602, 8584316, 8649976, 8715800, 8781419, 8847189, 8913078, 8978766, 9044735, 9110289, 9175851, 9241883, 9307323, 9372988, 9438648, 9504652, 9570285, 9635796, 9701077, 9766904, 9832540, 9897909, 9963151, 10028817, 10093908, 10159662, 10224949, 10290416, 10356033, 10421671, 10487056, 10552570, 10618171, 10683325, 10748780, 10814487, 10880063, 10945422, 11011459, 11077177, 11142083, 11207678, 11273063, 11338784, 11404089, 11469673, 11535202, 11600782, 11666155, 11731913, 11797418, 11863091, 11928575, 11993868, 12059376, 12124895, 12190220, 12255865, 12321256, 12386711, 12452691, 12518127, 12583460, 12649005, 12714824, 12780572, 12845878, 12911297, 12976937, 13042403, 13107746, 13173516, 13239251, 13304656, 13370338, 13436104, 13501620, 13567270, 13633034, 13698782, 13764281, 13829745, 13895271, 13960720, 14025979, 14091593, 14157009, 14222631, 14288152, 14353780, 14419494, 14485778, 14551223, 14616332, 14682225, 14747597, 14813455, 14878634, 14944062, 15009494, 15075807, 15140961, 15206544, 15271887, 15337409, 15403029, 15468231, 15534012, 15599616, 15664942, 15730391, 15795911, 15861570, 15927086, 15992239, 16057691, 16123353, 16188756, 16254170, 16319617, 16385301, 16450558, 16515920, 16580941, 16646545, 16711928, 16777215]
[65502, 130780, 196002, 261841, 327369, 392974, 458196, 523336, 589055, 654648, 720117, 786100, 851792, 917168, 983113, 1048547, 1114051, 1179563, 1245242, 1310768, 1376012, 1441648, 1507065, 1572607, 1637772, 1703084, 1768996, 1834390, 1900180, 1965865, 2031754, 2097365, 2162934, 2228615, 2294154, 2359488, 2424660, 2490166, 2555519, 2620982, 2686725, 2751904, 2817045, 2882365, 2948340, 3014028, 3080415, 3146278, 3211339, 3276947, 3342488, 3408283, 3473872, 3539299, 3604832, 3670343, 3736089, 3801494, 3867480, 3932908, 3998878, 4064561, 4130179, 4195543, 4260678, 4326520, 4391912, 4457401, 4523535, 4588483, 4653992, 4719230, 4785006, 4850536, 4915674, 4981000, 5046401, 5111599, 5177302, 5242646, 5308381, 5374114, 5439680, 5505066, 5570410, 5635954, 5701467, 5767092, 5832972, 5898624, 5964368, 6029725, 6095423, 6161184, 6226625, 6291850, 6357321, 6422960, 6488836, 6554244, 6619884, 6685468, 6750938, 6816498, 6882534, 6948219, 7013741, 7079022, 7144798, 7210035, 7275748, 7341195, 7406559, 7471895, 7537595, 7603098, 7668730, 7734622, 7800372, 7865759, 7931708, 7997725, 8063607, 8129250, 8194677, 8260679, 8326607, 8392424, 8458185, 8523800, 8589306, 8654587, 8719982, 8785836, 8851756, 8917130, 8981952, 9047803, 9113002, 9178599, 9244090, 9309521, 9375054, 9440479, 9506141, 9571725, 9637403, 9702967, 9768758, 9834079, 9899489, 9964995, 10030264, 10096075, 10161789, 10227141, 10292516, 10357828, 10423743, 10489792, 10555365, 10620989, 10686472, 10751893, 10817240, 10882386, 10948184, 11013827, 11079713, 11144898, 11211042, 11276370, 11341820, 11407433, 11472799, 11538428, 11604105, 11669098, 11734146, 11799569, 11865059, 11930882, 11996260, 12062087, 12127530, 12192634, 12257624, 12322703, 12388032, 12453632, 12519031, 12584825, 12650572, 12715872, 12781795, 12846575, 12912186, 12977814, 13043250, 13109075, 13174539, 13239750, 13305217, 13370666, 13436192, 13501665, 13567157, 13632383, 13698120, 13763560, 13828693, 13894546, 13960215, 14025697, 14091034, 14156622, 14222338, 14288124, 14353707, 14419061, 14484486, 14549876, 14615492, 14681275, 14746923, 14812464, 14877979, 14943275, 15008797, 15073954, 15139523, 15204762, 15270557, 15336093, 15401468, 15466941, 15531963, 15597433, 15663036, 15728489, 15794234, 15860044, 15925116, 15990541, 16056180, 16121323, 16186729, 16252334, 16317456, 16382871, 16448930, 16514705, 16580370, 16646580, 16712092, 16777215]
[65508, 130499, 195788, 261142, 326422, 392266, 458180, 523870, 589415, 654875, 720420, 785940, 851411, 917233, 982856, 1048257, 1113873, 1179472, 1244478, 1309711, 1375406, 1441233, 1507081, 1572507, 1637914, 1703362, 1769026, 1834724, 1900388, 1965670, 2031232, 2096933, 2162277, 2227666, 2293445, 2358741, 2424351, 2490313, 2555914, 2621450, 2686919, 2752595, 2818456, 2883775, 2949636, 3015290, 3081056, 3146412, 3211799, 3277327, 3342509, 3407817, 3473517, 3538874, 3604386, 3669906, 3735497, 3801078, 3866914, 3932327, 3997648, 4062540, 4128421, 4194094, 4259695, 4324866, 4390268, 4455528, 4520609, 4586528, 4651777, 4717336, 4783097, 4848719, 4914394, 4979921, 5045481, 5110841, 5176352, 5241817, 5307096, 5372646, 5438074, 5503987, 5569426, 5634938, 5700580, 5766051, 5831623, 5896870, 5962281, 6027612, 6092946, 6158719, 6224145, 6289626, 6354860, 6419997, 6485598, 6550920, 6616721, 6681888, 6747602, 6812731, 6878529, 6944622, 7010005, 7075896, 7141375, 7206941, 7272623, 7338266, 7403624, 7468909, 7534299, 7599970, 7665274, 7730787, 7796794, 7862139, 7927486, 7992624, 8058291, 8124343, 8189565, 8255613, 8320948, 8386790, 8452507, 8518140, 8583842, 8649280, 8714458, 8780061, 8845659, 8911907, 8977666, 9043605, 9109714, 9175542, 9241092, 9306735, 9372111, 9437558, 9503471, 9569276, 9634328, 9699800, 9765121, 9830128, 9896034, 9961595, 10026688, 10092174, 10157663, 10223639, 10289570, 10354924, 10420942, 10486553, 10552086, 10617836, 10683754, 10748698, 10813883, 10879114, 10944462, 11010535, 11076098, 11142296, 11208072, 11273083, 11338624, 11403822, 11469476, 11535002, 11600722, 11666001, 11731991, 11797700, 11863246, 11928715, 11993989, 12059410, 12124641, 12189970, 12255620, 12321459, 12387160, 12452327, 12517885, 12582916, 12648816, 12714172, 12780194, 12845648, 12911405, 12976618, 13042485, 13107843, 13173635, 13239137, 13304823, 13370132, 13435531, 13500614, 13565787, 13631292, 13696656, 13761990, 13827553, 13892906, 13958482, 14023199, 14088809, 14154411, 14220615, 14285839, 14351563, 14416766, 14482101, 14548013, 14613298, 14678424, 14744327, 14809714, 14874846, 14940280, 15005739, 15071371, 15137038, 15202374, 15267974, 15333418, 15398966, 15464156, 15529682, 15595725, 15661280, 15726815, 15792388, 15858265, 15924121, 15989693, 16055579, 16121229, 16187015, 16252515, 16317780, 16383533, 16449270, 16514518, 16580071, 16645938, 16711697, 16777215]
[65697, 131008, 196791, 262576, 328218, 394296, 459833, 525453, 590824, 656105, 721447, 787153, 852450, 917778, 983526, 1049321, 1114699, 1180566, 1246644, 1312128, 1377349, 1443032, 1508834, 1574645, 1640086, 1705260, 1771107, 1836767, 1902421, 1967635, 2033018, 2098690, 2164706, 2230881, 2296561, 2362226, 2427457, 2492705, 2558157, 2623701, 2688820, 2754407, 2820273, 2885815, 2952043, 3017697, 3082939, 3148759, 3213896, 3279820, 3345414, 3410984, 3476382, 3541381, 3606855, 3672252, 3737933, 3803293, 3868854, 3934368, 3999744, 4064910, 4129932, 4195707, 4261323, 4326519, 4391830, 4457607, 4522845, 4588395, 4654162, 4719945, 4785308, 4851089, 4916977, 4982529, 5048162, 5113866, 5179429, 5245252, 5311050, 5376188, 5441868, 5507304, 5572834, 5638063, 5703643, 5769235, 5834959, 5900160, 5965930, 6031234, 6096496, 6162128, 6227812, 6293591, 6359276, 6424629, 6490164, 6555869, 6620869, 6686493, 6752089, 6817302, 6883104, 6948479, 7014640, 7079682, 7145074, 7210424, 7276195, 7341595, 7407568, 7472855, 7538117, 7603024, 7668712, 7734376, 7799876, 7865746, 7931512, 7997121, 8062559, 8128698, 8194164, 8260062, 8325215, 8390540, 8456224, 8521964, 8587414, 8652890, 8718807, 8784718, 8850133, 8915718, 8981365, 9046884, 9112383, 9178095, 9243578, 9309186, 9374677, 9440069, 9505440, 9571252, 9636702, 9701949, 9767303, 9832647, 9898085, 9963088, 10028799, 10094332, 10160027, 10225429, 10290590, 10356243, 10421887, 10487510, 10553006, 10618086, 10683908, 10749344, 10815026, 10880873, 10946025, 11011506, 11076948, 11142780, 11208456, 11274009, 11339418, 11405142, 11470865, 11536670, 11602166, 11667693, 11733399, 11798942, 11864717, 11929925, 11995631, 12061203, 12126745, 12192443, 12258249, 12323995, 12389278, 12455248, 12520381, 12585766, 12651213, 12716771, 12782595, 12847684, 12913178, 12978746, 13044517, 13110028, 13175199, 13240715, 13306266, 13371917, 13436991, 13502547, 13568094, 13633673, 13699063, 13764106, 13829393, 13895415, 13961005, 14026346, 14092132, 14157241, 14223022, 14288013, 14353818, 14418940, 14484238, 14550030, 14615091, 14680508, 14745660, 14811280, 14876839, 14941898, 15007651, 15073116, 15138445, 15204019, 15269103, 15334920, 15400119, 15465664, 15531281, 15597024, 15662696, 15728605, 15794048, 15859475, 15925134, 15990638, 16056314, 16121632, 16187117, 16253072, 16318691, 16384283, 16449764, 16515202, 16580594, 16646301, 16711922, 16777215]
[65469, 130642, 195985, 261675, 326816, 392177, 458290, 523452, 589206, 655063, 720155, 785480, 851159, 915874, 981419, 1046786, 1112299, 1177622, 1243384, 1308518, 1374174, 1439897, 1505659, 1571566, 1637196, 1702866, 1768487, 1834187, 1899550, 1965528, 2031095, 2096862, 2162311, 2228054, 2293427, 2359049, 2424331, 2489722, 2555540, 2621430, 2686404, 2752154, 2817770, 2883118, 2948708, 3014085, 3079334, 3144984, 3210359, 3275939, 3341449, 3406914, 3472510, 3538165, 3603757, 3669075, 3734866, 3800382, 3865665, 3931335, 3996641, 4061896, 4127200, 4192584, 4258459, 4324100, 4389803, 4455199, 4520927, 4586273, 4652146, 4717525, 4783176, 4848769, 4914010, 4979524, 5045421, 5111010, 5176368, 5242414, 5307674, 5373031, 5438656, 5504507, 5569835, 5635570, 5701359, 5767087, 5832582, 5898432, 5963907, 6028886, 6094303, 6159782, 6225188, 6291027, 6356629, 6422310, 6488108, 6553717, 6618513, 6684318, 6749540, 6815233, 6880521, 6945954, 7011307, 7076400, 7142136, 7207505, 7273094, 7338923, 7404661, 7470045, 7535682, 7601615, 7666927, 7732462, 7797927, 7863449, 7929124, 7994457, 8060003, 8125678, 8191318, 8257051, 8322299, 8387639, 8453378, 8518626, 8584386, 8649889, 8715704, 8781697, 8847142, 8912891, 8978424, 9044272, 9109714, 9175062, 9240762, 9306474, 9371671, 9437154, 9502257, 9567909, 9633656, 9698881, 9764593, 9829567, 9895441, 9961476, 10026959, 10092581, 10158414, 10223633, 10289432, 10354618, 10419990, 10485291, 10550685, 10616071, 10681627, 10747185, 10812756, 10878275, 10943436, 11008523, 11074192, 11139478, 11205330, 11270847, 11336284, 11401795, 11466882, 11532608, 11598378, 11663624, 11729308, 11795200, 11860894, 11926491, 11992667, 12058221, 12123577, 12189041, 12254899, 12320499, 12385884, 12451292, 12516886, 12582391, 12647958, 12713302, 12779020, 12844397, 12909654, 12974586, 13040312, 13105717, 13171155, 13236301, 13301515, 13367303, 13432536, 13498210, 13563625, 13628448, 13694165, 13759664, 13825063, 13890455, 13955728, 14021129, 14086933, 14152487, 14217735, 14283452, 14349091, 14414923, 14480513, 14546532, 14612346, 14677528, 14743029, 14808536, 14874577, 14940445, 15006389, 15071948, 15137618, 15203270, 15268828, 15334558, 15400292, 15465686, 15531446, 15597054, 15662673, 15728101, 15793404, 15858559, 15924114, 15989620, 16055130, 16120806, 16186510, 16251959, 16317817, 16383301, 16449367, 16515070, 16580314, 16646241, 16711359, 16777215]
[66157, 131373, 196900, 262269, 327321, 393252, 458517, 523378, 588865, 654371, 720199, 786046, 851273, 916995, 982152, 1047961, 1113473, 1178901, 1243993, 1309525, 1374620, 1439719, 1505535, 1571332, 1636899, 1702136, 1767323, 1832479, 1898302, 1963364, 2028438, 2093586, 2159465, 2224449, 2290297, 2355733, 2421318, 2487066, 2553057, 2618398, 2684273, 2749811, 2815801, 2881252, 2946724, 3012461, 3078137, 3143322, 3208585, 3274153, 3340186, 3406049, 3471675, 3537093, 3602927, 3668207, 3733495, 3798960, 3864087, 3929215, 3994998, 4060110, 4125830, 4191723, 4257117, 4322640, 4388022, 4454171, 4520076, 4585605, 4650792, 4716821, 4782305, 4848036, 4913220, 4978946, 5044578, 5110206, 5175689, 5240978, 5307010, 5373098, 5438439, 5504062, 5569533, 5634986, 5700869, 5766400, 5831968, 5897638, 5963181, 6028739, 6094260, 6159924, 6225557, 6291199, 6356548, 6422356, 6487432, 6553267, 6618893, 6684724, 6750196, 6815653, 6881090, 6946379, 7011692, 7077389, 7142763, 7208393, 7273768, 7339399, 7404952, 7470075, 7535796, 7601563, 7667379, 7732613, 7798380, 7864105, 7930368, 7995341, 8060908, 8126597, 8192335, 8257892, 8323547, 8389482, 8455333, 8520290, 8585674, 8651489, 8717212, 8782879, 8848223, 8913634, 8979312, 9045159, 9110859, 9176206, 9242199, 9308080, 9373528, 9438762, 9504070, 9569606, 9634622, 9700133, 9765812, 9831407, 9896782, 9962449, 10027621, 10093455, 10158930, 10224536, 10289718, 10355537, 10420889, 10486725, 10552383, 10617840, 10683205, 10748692, 10814075, 10879252, 10945000, 11010648, 11076253, 11142067, 11207806, 11273545, 11338999, 11404251, 11470022, 11535395, 11600681, 11666236, 11731655, 11796717, 11862086, 11927699, 11992655, 12057750, 12123392, 12188706, 12254328, 12320204, 12385821, 12451606, 12517147, 12582716, 12647980, 12713321, 12778435, 12844292, 12909719, 12975836, 13041612, 13106522, 13172484, 13238365, 13304038, 13369471, 13435107, 13500383, 13565999, 13631675, 13697261, 13762753, 13828183, 13894213, 13959029, 14024777, 14090516, 14156280, 14221685, 14287328, 14352739, 14418226, 14483746, 14549294, 14614905, 14680339, 14745938, 14811809, 14877406, 14942962, 15008082, 15073674, 15138774, 15204370, 15269880, 15335123, 15400551, 15466317, 15531842, 15596982, 15662906, 15727991, 15793759, 15859709, 15925038, 15990356, 16056124, 16121327, 16187113, 16252729, 16317956, 16383134, 16448819, 16514629, 16580436, 16646159, 16711716, 16777215]
[65803, 131454, 197103, 262389, 327917, 393515, 459106, 524914, 590494, 656118, 721824, 787475, 853135, 919107, 984468, 1050038, 1115167, 1180847, 1246334, 1311710, 1377375, 1443096, 1508568, 1573854, 1639344, 1704377, 1770093, 1835395, 1900842, 1966452, 2031812, 2097184, 2162430, 2227702, 2293751, 2359660, 2425065, 2490066, 2555084, 2620542, 2686281, 2751620, 2817144, 2882605, 2948518, 3013944, 3079344, 3145445, 3210617, 3276079, 3341358, 3407438, 3473141, 3538592, 3604266, 3669782, 3735441, 3801206, 3866699, 3932030, 3997831, 4063517, 4128801, 4194430, 4260270, 4325938, 4391675, 4456981, 4522464, 4587726, 4653737, 4719216, 4784569, 4849749, 4915648, 4980961, 5046426, 5112209, 5177443, 5243210, 5308636, 5374359, 5439891, 5505149, 5570382, 5635669, 5701085, 5767074, 5832697, 5898284, 5963858, 6029363, 6094636, 6160461, 6226037, 6291473, 6357158, 6422696, 6488023, 6553706, 6619647, 6685362, 6750967, 6816197, 6881769, 6947475, 7013063, 7078702, 7144047, 7209818, 7275403, 7341111, 7406417, 7471702, 7537496, 7602902, 7668052, 7733686, 7799493, 7865082, 7930234, 7996000, 8061437, 8127372, 8193343, 8259007, 8324358, 8390421, 8456020, 8521020, 8586466, 8651957, 8717792, 8783413, 8848720, 8913741, 8979595, 9045342, 9111028, 9176925, 9242340, 9307883, 9373391, 9438819, 9504607, 9570249, 9635788, 9700867, 9766625, 9832179, 9898344, 9964006, 10030025, 10095765, 10161261, 10226839, 10292389, 10358240, 10423427, 10488728, 10553982, 10619873, 10685686, 10751289, 10817058, 10882659, 10948070, 11013184, 11078783, 11144193, 11209356, 11274782, 11340022, 11405653, 11471317, 11536871, 11602360, 11668014, 11733430, 11799201, 11864483, 11930169, 11995592, 12061321, 12126766, 12192439, 12257690, 12323124, 12388729, 12454073, 12520131, 12585562, 12651036, 12716453, 12781994, 12848001, 12913054, 12978748, 13044722, 13110088, 13175673, 13240823, 13306039, 13371650, 13437411, 13503412, 13568360, 13633673, 13699206, 13764590, 13829860, 13895621, 13960883, 14026337, 14091722, 14157062, 14222680, 14288407, 14353635, 14419154, 14484868, 14550328, 14615765, 14681249, 14746780, 14812160, 14877503, 14942904, 15008868, 15074258, 15139756, 15205546, 15271336, 15336663, 15402261, 15467989, 15533471, 15598814, 15664728, 15729962, 15795347, 15860651, 15926228, 15991417, 16056782, 16122463, 16188352, 16253708, 16319336, 16384897, 16450565, 16516254, 16581341, 16646699, 16711714, 16777215]
[65480, 131078, 196721, 262499, 327821, 393653, 459403, 524915, 589976, 655446, 721243, 786949, 852363, 918006, 984013, 1049482, 1114840, 1180512, 1245713, 1311409, 1377002, 1442504, 1507849, 1573435, 1638596, 1704277, 1769972, 1834862, 1901097, 1966490, 2032215, 2097928, 2162865, 2228366, 2293897, 2360185, 2425836, 2491085, 2556478, 2621539, 2687223, 2752682, 2818557, 2884178, 2949512, 3015099, 3081139, 3147160, 3212275, 3278109, 3343590, 3409248, 3474708, 3540086, 3605642, 3671280, 3736617, 3801915, 3867432, 3932687, 3998070, 4063368, 4128896, 4194546, 4260347, 4326044, 4391918, 4457504, 4522829, 4588251, 4653852, 4719497, 4784742, 4850462, 4915736, 4981442, 5047349, 5112571, 5178232, 5244092, 5309869, 5375020, 5440595, 5505959, 5571647, 5637273, 5702660, 5767929, 5833598, 5899396, 5964949, 6030492, 6096012, 6161316, 6227019, 6292389, 6357495, 6422453, 6488306, 6554356, 6619815, 6685533, 6750902, 6816242, 6881263, 6947336, 7012974, 7078507, 7144199, 7210188, 7275898, 7341468, 7406982, 7472559, 7537661, 7603093, 7668906, 7734680, 7800123, 7865535, 7931086, 7996451, 8062069, 8127736, 8192883, 8258593, 8324301, 8389741, 8454701, 8520553, 8585851, 8651399, 8717068, 8782798, 8848237, 8913859, 8979417, 9044435, 9110407, 9175767, 9241358, 9306803, 9372016, 9437676, 9503267, 9568786, 9634474, 9699866, 9765323, 9831305, 9896946, 9962552, 10028269, 10093652, 10159314, 10224829, 10290681, 10356521, 10421878, 10487324, 10552986, 10618564, 10684249, 10749605, 10814891, 10880388, 10945980, 11011256, 11076638, 11142499, 11207830, 11273381, 11339247, 11404767, 11470179, 11535529, 11600930, 11666500, 11732474, 11797885, 11862745, 11928491, 11994181, 12059272, 12124935, 12190138, 12255886, 12321786, 12387456, 12452721, 12518087, 12583816, 12649019, 12714844, 12780297, 12845741, 12911300, 12976603, 13042449, 13108306, 13174297, 13239698, 13305257, 13370449, 13436632, 13502254, 13567592, 13633074, 13698159, 13763506, 13829207, 13894558, 13960097, 14025685, 14091086, 14156517, 14222273, 14288112, 14353630, 14419062, 14484504, 14550152, 14615728, 14681016, 14746476, 14811895, 14877265, 14942476, 15007570, 15073183, 15139084, 15204276, 15269747, 15335305, 15401169, 15466609, 15532373, 15598084, 15663898, 15729465, 15795110, 15860444, 15925553, 15991315, 16056546, 16122067, 16187658, 16253419, 16319020, 16384484, 16449934, 16515436, 16580710, 16646177, 16711767, 16777215]
[65919, 131656, 197246, 262887, 328653, 394272, 459860, 525323, 590570, 656400, 721771, 787560, 853120, 918323, 984036, 1049816, 1115149, 1180368, 1245837, 1311330, 1376584, 1442279, 1507777, 1573797, 1639320, 1704824, 1770140, 1835531, 1901587, 1967299, 2033121, 2098645, 2164614, 2230427, 2296204, 2361783, 2427112, 2492545, 2557972, 2623526, 2688797, 2753749, 2819252, 2884623, 2950428, 3015701, 3080990, 3146477, 3212187, 3277727, 3343245, 3408884, 3474715, 3540481, 3606027, 3672086, 3737690, 3803482, 3868459, 3933780, 3999425, 4065093, 4130598, 4195896, 4261443, 4326611, 4392046, 4457412, 4522812, 4588316, 4654370, 4720126, 4785668, 4851532, 4916745, 4982740, 5048089, 5113843, 5179169, 5244421, 5309567, 5375116, 5440567, 5505836, 5571264, 5636814, 5702458, 5767951, 5833324, 5898733, 5964023, 6029627, 6094958, 6160649, 6226120, 6291817, 6357350, 6422900, 6488519, 6553972, 6619174, 6684570, 6749802, 6815306, 6880681, 6945964, 7011650, 7076916, 7142278, 7208163, 7273471, 7338869, 7404207, 7469847, 7535436, 7601015, 7666599, 7732612, 7798468, 7864405, 7930525, 7996439, 8062109, 8127532, 8192942, 8258123, 8323551, 8388931, 8454478, 8520335, 8585797, 8651176, 8716659, 8781872, 8847262, 8912734, 8978132, 9043798, 9109649, 9174864, 9240025, 9305867, 9371737, 9437493, 9502996, 9568246, 9633428, 9698888, 9764754, 9830390, 9895893, 9961193, 10026772, 10092315, 10157930, 10222934, 10288316, 10354029, 10419992, 10485634, 10551759, 10617325, 10682737, 10748541, 10813904, 10879196, 10944511, 11010178, 11075505, 11140767, 11206379, 11272471, 11337885, 11403807, 11469256, 11534746, 11600047, 11665684, 11731042, 11796461, 11862327, 11927754, 11993219, 12058267, 12123240, 12189249, 12254552, 12319846, 12385198, 12450368, 12515927, 12581410, 12646695, 12712212, 12777703, 12843223, 12908528, 12974389, 13039711, 13105577, 13171186, 13236613, 13302402, 13367804, 13433244, 13498377, 13564143, 13629821, 13695615, 13761196, 13826603, 13892401, 13958016, 14023244, 14088779, 14154611, 14220019, 14285398, 14351181, 14416849, 14482321, 14547438, 14613445, 14679098, 14744980, 14810442, 14876328, 14942382, 15008036, 15073433, 15138906, 15204131, 15269726, 15335514, 15400676, 15466303, 15532133, 15597962, 15663773, 15729485, 15794687, 15860038, 15925367, 15990728, 16055804, 16121231, 16187442, 16253046, 16318272, 16383602, 16449495, 16514958, 16580597, 16646311, 16711752, 16777215]
[65822, 131142, 196781, 262560, 328268, 394139, 460027, 525563, 591400, 656588, 721845, 787049, 852671, 918525, 983760, 1049217, 1114413, 1179780, 1246150, 1311551, 1376962, 1442264, 1507332, 1572837, 1638432, 1704002, 1769767, 1835384, 1900973, 1966979, 2032572, 2098053, 2163568, 2229186, 2294607, 2360431, 2425828, 2491030, 2556594, 2621800, 2687686, 2753229, 2818939, 2884651, 2949890, 3015597, 3080895, 3146265, 3211968, 3277728, 3343449, 3408851, 3474373, 3540049, 3605418, 3671153, 3736880, 3802382, 3867769, 3932862, 3997827, 4063308, 4129039, 4194853, 4260273, 4326130, 4391987, 4457334, 4522395, 4587830, 4653194, 4718473, 4784068, 4849733, 4915155, 4980864, 5046740, 5112166, 5177840, 5243157, 5308777, 5374149, 5440047, 5505793, 5571356, 5637014, 5702580, 5767919, 5833506, 5898713, 5964293, 6029333, 6094858, 6160497, 6226092, 6291591, 6356767, 6422562, 6488157, 6553788, 6618781, 6683764, 6749156, 6814086, 6879667, 6945237, 7010746, 7076170, 7141961, 7207388, 7273207, 7338727, 7404592, 7470315, 7535260, 7600889, 7666716, 7732349, 7798084, 7863476, 7929065, 7995004, 8060817, 8126488, 8191842, 8257745, 8323472, 8388908, 8454393, 8519650, 8585308, 8650838, 8716183, 8781339, 8846379, 8911836, 8977363, 9042876, 9108282, 9174216, 9239720, 9305470, 9371073, 9436527, 9501613, 9567290, 9632672, 9698475, 9763718, 9829027, 9894536, 9959683, 10025764, 10091024, 10156112, 10221346, 10287185, 10352565, 10417682, 10483523, 10548887, 10614397, 10680110, 10745629, 10811061, 10876381, 10941526, 11007681, 11072876, 11138808, 11204194, 11269923, 11335930, 11401684, 11466744, 11531755, 11597120, 11662559, 11727990, 11793921, 11859620, 11925055, 11990887, 12056187, 12121680, 12187038, 12252616, 12318219, 12383295, 12449131, 12514536, 12580069, 12645515, 12710970, 12776693, 12842747, 12908077, 12973963, 13039682, 13105051, 13170631, 13236047, 13301589, 13367283, 13432877, 13498323, 13563801, 13629504, 13694679, 13760295, 13825814, 13891685, 13957470, 14023037, 14088514, 14154007, 14219457, 14285267, 14350846, 14416400, 14481607, 14547241, 14612820, 14678713, 14744010, 14809882, 14875567, 14940960, 15006240, 15071913, 15137791, 15203121, 15268904, 15334251, 15400078, 15465759, 15531170, 15596574, 15662091, 15727920, 15793375, 15858806, 15924116, 15989254, 16054933, 16120699, 16186298, 16252364, 16318043, 16383593, 16449522, 16514653, 16580069, 16645216, 16711061, 16777215]
[65831, 131110, 196628, 262335, 327863, 393185, 458105, 523934, 589776, 655432, 721158, 786767, 852301, 917626, 983212, 1049022, 1114678, 1180565, 1245954, 1311132, 1376564, 1442189, 1507894, 1573364, 1638811, 1704577, 1770045, 1835371, 1900623, 1966659, 2032086, 2097564, 2162397, 2228365, 2293638, 2359232, 2425055, 2490250, 2556271, 2621720, 2687073, 2752947, 2818783, 2883983, 2949440, 3015061, 3080424, 3146128, 3211635, 3276555, 3342129, 3407315, 3472946, 3538426, 3603691, 3669181, 3734806, 3800229, 3865986, 3931387, 3996864, 4062606, 4128335, 4193861, 4259296, 4324792, 4390369, 4455762, 4521159, 4586587, 4652095, 4717861, 4783706, 4849638, 4915116, 4980745, 5046560, 5112001, 5177891, 5242972, 5308462, 5374253, 5439848, 5505187, 5570821, 5636735, 5702137, 5767655, 5833102, 5898771, 5963804, 6029094, 6094443, 6160149, 6225802, 6290793, 6356673, 6422346, 6487913, 6553838, 6619256, 6685237, 6751191, 6816663, 6882305, 6947759, 7013177, 7078718, 7144888, 7210553, 7276116, 7341407, 7407059, 7472770, 7538237, 7603889, 7669442, 7734639, 7800141, 7865599, 7931459, 7996773, 8061968, 8126881, 8192288, 8257867, 8323591, 8388859, 8453977, 8519402, 8584826, 8650228, 8715835, 8781088, 8846664, 8912408, 8977978, 9043617, 9109288, 9174915, 9240505, 9306248, 9371596, 9437082, 9502572, 9567840, 9633503, 9699002, 9764371, 9830139, 9895318, 9961158, 10026729, 10092139, 10157654, 10223277, 10288903, 10354725, 10420307, 10485739, 10551189, 10617288, 10683086, 10748683, 10813934, 10879863, 10945602, 11011426, 11077047, 11142179, 11207916, 11273088, 11338672, 11404387, 11470125, 11535602, 11601229, 11666745, 11732280, 11797322, 11863109, 11928655, 11993810, 12059005, 12124068, 12189899, 12255159, 12320832, 12386160, 12451747, 12517235, 12582886, 12648476, 12713498, 12778746, 12844362, 12910009, 12975447, 13041058, 13106561, 13172307, 13237706, 13303211, 13368263, 13433652, 13499337, 13564843, 13630512, 13695786, 13761815, 13827345, 13892814, 13957773, 14023446, 14089088, 14155018, 14220213, 14286229, 14351454, 14417346, 14482771, 14548160, 14614156, 14679750, 14745122, 14810250, 14875789, 14941281, 15006873, 15072900, 15138050, 15204077, 15269956, 15335368, 15400904, 15466155, 15531751, 15596829, 15662464, 15728102, 15793613, 15859175, 15924798, 15990540, 16056173, 16121879, 16187625, 16253241, 16318742, 16384326, 16449562, 16515154, 16580583, 16646075, 16711662, 16777215]
[65529, 131182, 196955, 262734, 328623, 394100, 459670, 524822, 590695, 655762, 721275, 786362, 852445, 918120, 983836, 1049026, 1114540, 1179934, 1245725, 1311142, 1376671, 1442504, 1507616, 1573076, 1638961, 1704272, 1770020, 1835103, 1900670, 1965829, 2031758, 2097211, 2162589, 2228283, 2293832, 2359162, 2425054, 2490570, 2556247, 2622045, 2687373, 2752702, 2817677, 2883276, 2949259, 3014889, 3080258, 3145537, 3210877, 3276148, 3341564, 3407024, 3472411, 3537663, 3603058, 3668864, 3734017, 3799288, 3864785, 3930575, 3996113, 4061513, 4127056, 4192129, 4257769, 4323820, 4389556, 4455563, 4521301, 4586798, 4652135, 4717667, 4782981, 4848216, 4913598, 4979390, 5044887, 5110454, 5175926, 5240780, 5306835, 5372436, 5437564, 5503463, 5569111, 5635150, 5700382, 5765905, 5831573, 5896876, 5962518, 6028135, 6093460, 6158978, 6224411, 6289878, 6355735, 6421184, 6486445, 6552061, 6617461, 6682888, 6748335, 6813970, 6879371, 6944893, 7009874, 7075472, 7140829, 7206829, 7272337, 7337902, 7402734, 7468243, 7534046, 7599415, 7664962, 7730613, 7796348, 7861686, 7927490, 7993387, 8058835, 8124160, 8190014, 8255855, 8321450, 8387081, 8452862, 8518402, 8584604, 8650347, 8716171, 8781914, 8847276, 8912583, 8978048, 9043606, 9108935, 9174295, 9239768, 9305758, 9371375, 9437128, 9502308, 9567811, 9633567, 9698948, 9764765, 9830043, 9895356, 9960989, 10026441, 10091995, 10157399, 10223396, 10288947, 10354520, 10420149, 10485551, 10550830, 10616597, 10681963, 10747154, 10813136, 10878543, 10943987, 11009655, 11075273, 11141033, 11206976, 11272765, 11338666, 11404273, 11469921, 11535788, 11601259, 11666449, 11731894, 11797387, 11862724, 11928305, 11993797, 12059375, 12125151, 12190635, 12256196, 12321746, 12387343, 12452648, 12518102, 12583793, 12649207, 12714436, 12779650, 12845418, 12911177, 12976898, 13042217, 13108197, 13173402, 13238601, 13304181, 13369846, 13435829, 13501256, 13567093, 13632638, 13698205, 13763982, 13829754, 13895179, 13960623, 14025929, 14091508, 14157543, 14223122, 14288768, 14354642, 14420460, 14485754, 14551278, 14616513, 14681531, 14747204, 14812801, 14878646, 14944325, 15010141, 15075450, 15140946, 15205969, 15271055, 15336852, 15402916, 15467949, 15533156, 15598821, 15664249, 15729612, 15795039, 15861000, 15926345, 15991635, 16056939, 16122252, 16188105, 16253452, 16318942, 16384558, 16449815, 16515854, 16581436, 16646611, 16711657, 16777215]
[65507, 130944, 196860, 262558, 327977, 393207, 458612, 524561, 590256, 655653, 721114, 786784, 851939, 917527, 983036, 1048836, 1114668, 1180581, 1246172, 1311417, 1376930, 1443006, 1508645, 1574379, 1640160, 1705217, 1770850, 1836327, 1902176, 1967953, 2032572, 2098057, 2163809, 2228883, 2294236, 2359720, 2425406, 2490827, 2556384, 2622034, 2687479, 2752778, 2818496, 2883807, 2949237, 3014678, 3079880, 3145814, 3211235, 3276186, 3341945, 3406971, 3472331, 3538071, 3603713, 3669003, 3734476, 3799803, 3865144, 3930715, 3995752, 4061625, 4126972, 4192883, 4258246, 4323560, 4388867, 4454535, 4520211, 4585760, 4651242, 4716585, 4782063, 4847293, 4912948, 4978729, 5044535, 5109812, 5175531, 5241485, 5307371, 5373157, 5438904, 5504438, 5569782, 5635763, 5701746, 5767335, 5833032, 5898742, 5964485, 6030109, 6095713, 6161367, 6226854, 6292163, 6358123, 6423737, 6489561, 6555160, 6620913, 6686132, 6751564, 6817296, 6882928, 6948548, 7013964, 7079770, 7145063, 7210441, 7275646, 7341236, 7406642, 7471980, 7537548, 7603374, 7668629, 7734147, 7800397, 7865780, 7930523, 7996085, 8061319, 8126663, 8192252, 8258120, 8323754, 8389377, 8455227, 8521023, 8586426, 8652301, 8717312, 8782701, 8848005, 8913319, 8978605, 9044057, 9109751, 9175167, 9240505, 9305890, 9370803, 9436665, 9502360, 9567128, 9632700, 9698627, 9764175, 9829058, 9894638, 9959779, 10025696, 10091002, 10156862, 10222243, 10287905, 10353414, 10418866, 10484354, 10549714, 10615464, 10680998, 10746296, 10811729, 10877282, 10942722, 11008750, 11074348, 11139881, 11204962, 11270512, 11335894, 11401845, 11467185, 11532808, 11598290, 11664159, 11729954, 11795444, 11861301, 11926623, 11991678, 12057675, 12123452, 12188835, 12253936, 12319779, 12385256, 12450955, 12516623, 12581814, 12647317, 12712902, 12778660, 12844054, 12909836, 12975633, 13041154, 13107146, 13172800, 13238347, 13303919, 13369322, 13434508, 13499951, 13565284, 13630639, 13696366, 13761424, 13826863, 13892863, 13958706, 14024526, 14090118, 14155558, 14221309, 14286581, 14352218, 14417984, 14483920, 14549370, 14614745, 14680316, 14745922, 14811267, 14876592, 14942125, 15007777, 15073320, 15138535, 15204056, 15269622, 15335316, 15401026, 15466386, 15532221, 15597902, 15663203, 15728964, 15794600, 15859947, 15925791, 15991212, 16056276, 16121901, 16187329, 16253306, 16318476, 16383640, 16449176, 16514368, 16580420, 16645697, 16711669, 16777215]
[66144, 132078, 197474, 262583, 327795, 393101, 458463, 523996, 589299, 655181, 720828, 786237, 851904, 917396, 983418, 1049352, 1114413, 1179638, 1244995, 1310501, 1376153, 1441894, 1507451, 1572642, 1638082, 1703928, 1769441, 1835215, 1900885, 1966584, 2032196, 2097540, 2163245, 2228996, 2294457, 2360060, 2425309, 2490494, 2556044, 2621359, 2687048, 2752553, 2817875, 2883080, 2948623, 3014672, 3079935, 3145514, 3210907, 3276539, 3342004, 3408094, 3473741, 3539628, 3605177, 3670708, 3736455, 3802298, 3867881, 3933570, 3998509, 4064023, 4129617, 4195395, 4261051, 4327024, 4392459, 4458082, 4523559, 4589182, 4654435, 4719978, 4785571, 4851350, 4917042, 4982677, 5048326, 5114077, 5179412, 5245147, 5310398, 5376260, 5441528, 5506721, 5572550, 5637759, 5703546, 5769070, 5834964, 5900106, 5965991, 6031599, 6096987, 6162384, 6227603, 6293254, 6358612, 6424911, 6490757, 6556449, 6621668, 6687232, 6752691, 6818118, 6883799, 6949035, 7014842, 7080585, 7146212, 7211621, 7277359, 7342549, 7407842, 7473591, 7539201, 7604686, 7670054, 7736094, 7801471, 7866990, 7932509, 7998006, 8063939, 8129637, 8195139, 8260283, 8325778, 8391077, 8456592, 8521991, 8587633, 8653719, 8719566, 8785606, 8851209, 8916475, 8981886, 9047393, 9112953, 9178310, 9243770, 9309422, 9375244, 9440342, 9505785, 9571383, 9636879, 9702428, 9768014, 9833527, 9899106, 9964554, 10029951, 10095641, 10161219, 10226794, 10292346, 10357440, 10423009, 10488922, 10554537, 10619697, 10685361, 10750824, 10816363, 10882317, 10947884, 11013364, 11078891, 11144232, 11209364, 11274805, 11340043, 11405650, 11471572, 11537299, 11603325, 11668710, 11734358, 11799953, 11865213, 11930280, 11995629, 12060520, 12126405, 12191771, 12257369, 12322807, 12388211, 12453746, 12519103, 12584747, 12650201, 12715695, 12781145, 12846725, 12912321, 12978337, 13043271, 13108917, 13174228, 13239513, 13304860, 13370410, 13435843, 13500930, 13565956, 13631458, 13696755, 13762166, 13827805, 13893246, 13958581, 14024240, 14089894, 14155456, 14221070, 14286718, 14351866, 14417517, 14483277, 14548863, 14614521, 14680007, 14745524, 14811016, 14876413, 14941608, 15007356, 15073009, 15138601, 15203882, 15269625, 15335118, 15400629, 15466473, 15532153, 15597663, 15663437, 15728606, 15793945, 15859885, 15924976, 15990652, 16056481, 16122201, 16187848, 16253344, 16318834, 16384299, 16449713, 16515334, 16580931, 16646394, 16711753, 16777215]
[65413, 131264, 196997, 262455, 328187, 393759, 459293, 524899, 590286, 656108, 721985, 787163, 852654, 917764, 983303, 1048993, 1114719, 1180021, 1245678, 1311221, 1377176, 1442434, 1508269, 1573660, 1639008, 1704787, 1769920, 1835399, 1901190, 1966547, 2032088, 2097414, 2162828, 2227917, 2293452, 2358895, 2424507, 2490196, 2555700, 2621421, 2687178, 2752477, 2818068, 2883979, 2949590, 3015175, 3081245, 3146508, 3211926, 3277653, 3343217, 3408604, 3473562, 3539032, 3604635, 3669913, 3735220, 3801121, 3866645, 3932290, 3997828, 4063363, 4129098, 4194554, 4259997, 4325828, 4391334, 4456652, 4522322, 4588448, 4653937, 4719721, 4785110, 4850823, 4916253, 4981756, 5047013, 5112545, 5178286, 5243583, 5309067, 5374175, 5439734, 5505793, 5571585, 5637003, 5702525, 5768120, 5833438, 5898715, 5964520, 6030106, 6096049, 6161575, 6226843, 6292410, 6357569, 6422622, 6487984, 6553442, 6618657, 6684031, 6749489, 6815014, 6880511, 6945674, 7011403, 7077610, 7143603, 7209033, 7274328, 7339657, 7405743, 7471277, 7536726, 7601911, 7667530, 7732852, 7798417, 7864026, 7929310, 7995068, 8060480, 8126154, 8191381, 8256906, 8322436, 8388101, 8453649, 8519267, 8585010, 8650574, 8715867, 8781222, 8846693, 8912201, 8977879, 9043848, 9109200, 9174491, 9239914, 9305417, 9370620, 9435886, 9501625, 9567261, 9632612, 9698020, 9763467, 9828517, 9893916, 9959232, 10025340, 10091527, 10156704, 10222266, 10288088, 10353777, 10419215, 10484753, 10550421, 10615626, 10680527, 10745902, 10811402, 10876684, 10942139, 11008045, 11073743, 11139582, 11205256, 11271020, 11336497, 11402205, 11468192, 11534175, 11599876, 11665498, 11732019, 11797483, 11862893, 11928084, 11993638, 12059264, 12124957, 12190612, 12256216, 12321338, 12386985, 12452090, 12517139, 12582827, 12648532, 12714361, 12779745, 12845325, 12910971, 12976030, 13041617, 13107606, 13173179, 13239098, 13304468, 13369758, 13435049, 13500922, 13566498, 13632108, 13697686, 13763154, 13828848, 13895013, 13960476, 14026141, 14091579, 14156994, 14222686, 14288003, 14353613, 14418718, 14484367, 14549864, 14615819, 14681216, 14746599, 14812488, 14878050, 14943482, 15008907, 15074449, 15139626, 15204857, 15270293, 15335853, 15401237, 15466305, 15532064, 15597583, 15663359, 15728752, 15794405, 15860179, 15925171, 15990740, 16056226, 16121597, 16187490, 16252736, 16318574, 16384295, 16449926, 16515484, 16580824, 16646572, 16711410, 16777215]
[65793, 131428, 196984, 262550, 327963, 393155, 458528, 523533, 589199, 654845, 720268, 785612, 850819, 915822, 980786, 1046075, 1111667, 1177509, 1243162, 1308464, 1373933, 1439529, 1505231, 1570541, 1636273, 1701332, 1766562, 1832067, 1897843, 1963587, 2029299, 2094809, 2160078, 2225880, 2291523, 2357065, 2423009, 2488841, 2554326, 2619487, 2685511, 2751300, 2816802, 2882617, 2948092, 3013548, 3078926, 3144528, 3209771, 3275620, 3341593, 3407133, 3472775, 3538318, 3603925, 3669268, 3735159, 3800272, 3865821, 3931874, 3997699, 4063459, 4129064, 4194867, 4260355, 4326010, 4391544, 4457645, 4523300, 4588729, 4654044, 4719187, 4784586, 4850421, 4916071, 4981544, 5047022, 5112824, 5178109, 5244228, 5309380, 5374628, 5440122, 5505640, 5570798, 5636137, 5701709, 5767432, 5832996, 5898803, 5964107, 6029733, 6095462, 6161183, 6227088, 6292653, 6357851, 6423520, 6488798, 6554378, 6619477, 6684749, 6750061, 6815472, 6880682, 6946456, 7011822, 7077298, 7142481, 7207842, 7273146, 7338972, 7404387, 7470290, 7535817, 7601708, 7667660, 7733214, 7798915, 7864587, 7930222, 7995566, 8061299, 8126592, 8192033, 8257742, 8323495, 8389057, 8454389, 8520033, 8585351, 8651262, 8716644, 8782159, 8847759, 8913012, 8978319, 9044164, 9109679, 9175231, 9241332, 9306920, 9372372, 9437578, 9502679, 9568281, 9633980, 9699930, 9764799, 9830531, 9896203, 9962321, 10027875, 10093626, 10158823, 10224572, 10289749, 10355573, 10420963, 10486483, 10552053, 10617957, 10683028, 10749001, 10814439, 10879862, 10945445, 11010687, 11076238, 11141767, 11207431, 11272878, 11338476, 11403560, 11469692, 11535260, 11600746, 11666383, 11732169, 11797531, 11863211, 11929248, 11994688, 12060352, 12125888, 12191303, 12256724, 12322294, 12387539, 12452650, 12517491, 12582856, 12648108, 12714055, 12779842, 12845546, 12910937, 12976762, 13042548, 13107843, 13172885, 13238148, 13303912, 13369948, 13435100, 13500214, 13565879, 13631105, 13696325, 13762162, 13827564, 13893048, 13958518, 14024563, 14090107, 14155400, 14220804, 14286526, 14351714, 14417287, 14482674, 14548071, 14613368, 14678683, 14744308, 14810159, 14875916, 14941232, 15006911, 15072338, 15138238, 15204032, 15269682, 15335049, 15400658, 15466446, 15532004, 15597401, 15662960, 15728501, 15794185, 15859829, 15925242, 15990705, 16056177, 16121480, 16186947, 16252533, 16318237, 16384215, 16449680, 16515129, 16580861, 16646050, 16711708, 16777215]
[65938, 131311, 196879, 262848, 328241, 393612, 458768, 524191, 589362, 654746, 720580, 786678, 852328, 917879, 983874, 1049577, 1114553, 1180129, 1245670, 1311253, 1376777, 1442044, 1508090, 1573516, 1639064, 1704534, 1769925, 1835160, 1900573, 1965889, 2031432, 2097164, 2162478, 2227903, 2293310, 2358654, 2424265, 2490388, 2555779, 2621257, 2686470, 2751537, 2817072, 2882644, 2948502, 3013748, 3079107, 3144787, 3210127, 3275439, 3341290, 3406721, 3472253, 3537906, 3603404, 3668921, 3734420, 3800044, 3865085, 3930468, 3996333, 4061683, 4127072, 4192907, 4258861, 4324311, 4389867, 4455207, 4521109, 4586664, 4651896, 4717393, 4782911, 4848578, 4914210, 4979340, 5045023, 5110670, 5176400, 5241946, 5307569, 5373067, 5438439, 5503806, 5569157, 5634504, 5700216, 5765267, 5830815, 5896641, 5962787, 6028336, 6093698, 6159461, 6225177, 6290917, 6356423, 6422103, 6487550, 6553093, 6618225, 6683663, 6749304, 6815115, 6880598, 6946316, 7011976, 7077819, 7142978, 7208943, 7274134, 7339479, 7404967, 7471083, 7536091, 7601844, 7667464, 7733057, 7798928, 7864545, 7930142, 7995680, 8061155, 8126881, 8192678, 8258192, 8323856, 8389067, 8453970, 8520033, 8585716, 8651468, 8716739, 8782697, 8848550, 8914474, 8979740, 9044962, 9110245, 9175323, 9240875, 9306000, 9371231, 9436760, 9502143, 9567747, 9633841, 9699305, 9764985, 9830339, 9895562, 9961079, 10026865, 10092842, 10158117, 10223370, 10289307, 10354151, 10419342, 10485274, 10551125, 10616405, 10681990, 10747710, 10813278, 10879214, 10944635, 11009739, 11075250, 11140582, 11206384, 11271810, 11337052, 11402603, 11468764, 11534288, 11599877, 11665587, 11730935, 11796275, 11862023, 11927617, 11993124, 12058498, 12123609, 12189385, 12255163, 12320398, 12385865, 12451240, 12516974, 12582382, 12647756, 12713618, 12779011, 12844841, 12910482, 12975746, 13041555, 13107190, 13172671, 13238064, 13304076, 13370196, 13435609, 13501562, 13567192, 13632571, 13697937, 13763706, 13829316, 13895172, 13960657, 14026275, 14091688, 14157081, 14222545, 14287973, 14353473, 14419150, 14484470, 14550103, 14615659, 14681223, 14746843, 14812308, 14878102, 14943528, 15009095, 15074853, 15140204, 15205805, 15271474, 15336257, 15401661, 15466638, 15532728, 15597985, 15663973, 15729653, 15795199, 15860496, 15926356, 15992024, 16057661, 16122652, 16187972, 16253205, 16318534, 16383858, 16449310, 16514518, 16580313, 16645860, 16711512, 16777215]
[65414, 130237, 195991, 261393, 326661, 391982, 457519, 522482, 588353, 654201, 719671, 785495, 850664, 916216, 981764, 1047169, 1112883, 1178538, 1244057, 1309375, 1375299, 1440839, 1506245, 1571818, 1637137, 1702726, 1768458, 1834033, 1899335, 1964659, 2030016, 2095140, 2161149, 2226657, 2292758, 2358226, 2423654, 2489227, 2554992, 2620560, 2686056, 2751439, 2817240, 2882497, 2947980, 3013430, 3078655, 3144309, 3209637, 3275408, 3340890, 3406617, 3472069, 3537660, 3603132, 3668576, 3734042, 3799639, 3865159, 3930646, 3996178, 4061769, 4127682, 4193152, 4258900, 4324245, 4389495, 4455336, 4521171, 4586646, 4651955, 4718019, 4783045, 4848506, 4913797, 4979438, 5044884, 5110808, 5176441, 5242328, 5307910, 5373278, 5439010, 5504507, 5569560, 5635054, 5700643, 5766427, 5831838, 5896991, 5962850, 6028289, 6094202, 6160039, 6226004, 6291188, 6356836, 6422660, 6488178, 6553373, 6619179, 6684961, 6750565, 6815707, 6880891, 6946259, 7011782, 7077356, 7143175, 7208704, 7273824, 7339586, 7405429, 7470691, 7536326, 7601387, 7666566, 7732039, 7797606, 7862779, 7928292, 7993851, 8059494, 8125124, 8190314, 8255822, 8321208, 8386399, 8452154, 8517358, 8582561, 8647834, 8713175, 8778758, 8844536, 8910385, 8976003, 9041237, 9106807, 9172454, 9238001, 9303860, 9369561, 9435050, 9500308, 9566214, 9631347, 9696435, 9761968, 9827202, 9893024, 9958363, 10023788, 10089256, 10154847, 10221074, 10286758, 10352321, 10418047, 10483664, 10549436, 10615274, 10680927, 10746904, 10812343, 10877782, 10943662, 11009466, 11075109, 11141271, 11206860, 11272810, 11338602, 11404302, 11469905, 11534831, 11600340, 11665869, 11731748, 11796826, 11862783, 11928180, 11993445, 12058719, 12124071, 12189809, 12255164, 12320756, 12386272, 12451307, 12516718, 12582436, 12647807, 12713481, 12779125, 12844672, 12910241, 12975826, 13041413, 13106753, 13172100, 13237954, 13303628, 13369513, 13434652, 13500279, 13565855, 13631396, 13697004, 13762483, 13828029, 13893540, 13958852, 14024223, 14089989, 14155659, 14221192, 14286561, 14352065, 14417299, 14482764, 14548016, 14613812, 14679738, 14745530, 14811141, 14876642, 14942362, 15008193, 15073915, 15139556, 15205392, 15270697, 15335827, 15401652, 15467244, 15532812, 15598717, 15664111, 15729929, 15795441, 15861059, 15926336, 15991497, 16056844, 16122091, 16187556, 16253003, 16318500, 16384333, 16449745, 16515565, 16580677, 16646158, 16711672, 16777215]
[65306, 130958, 197164, 262744, 328153, 393983, 459337, 524306, 589985, 655316, 721270, 786918, 852356, 917944, 983373, 1049099, 1114699, 1180461, 1246147, 1311989, 1377235, 1442789, 1508230, 1573253, 1638849, 1704614, 1770257, 1836050, 1901756, 1967420, 2033081, 2099201, 2164612, 2230428, 2295631, 2361730, 2427225, 2492781, 2557738, 2623562, 2689334, 2754524, 2819740, 2885755, 2951498, 3017461, 3083159, 3148495, 3213835, 3279510, 3344704, 3409923, 3475550, 3541243, 3606507, 3671726, 3737675, 3802934, 3868086, 3933700, 3999394, 4064847, 4129800, 4195034, 4260499, 4326132, 4391652, 4457479, 4522829, 4588618, 4654206, 4719542, 4785617, 4851448, 4916578, 4982325, 5047780, 5113333, 5178817, 5244501, 5309990, 5375763, 5441592, 5507217, 5573001, 5638805, 5704296, 5769808, 5835437, 5901201, 5966690, 6032324, 6097846, 6163315, 6229313, 6295084, 6360190, 6425579, 6491009, 6556816, 6622305, 6687746, 6753555, 6819097, 6884739, 6950351, 7015811, 7081131, 7146861, 7212399, 7277783, 7343113, 7409020, 7474548, 7540289, 7605595, 7671135, 7736726, 7802518, 7868131, 7934018, 7999043, 8064250, 8129188, 8194499, 8260116, 8325422, 8391121, 8456513, 8522777, 8588141, 8653765, 8719245, 8784832, 8850150, 8915426, 8980726, 9046254, 9111236, 9176482, 9242645, 9307785, 9373327, 9438287, 9503891, 9568971, 9634702, 9700202, 9765816, 9831351, 9896847, 9962166, 10027840, 10093328, 10158336, 10224163, 10289405, 10355222, 10420729, 10486397, 10551917, 10617519, 10683536, 10749305, 10814863, 10880391, 10945754, 11011701, 11077348, 11142702, 11208284, 11273958, 11339561, 11404805, 11470438, 11535855, 11601425, 11667031, 11732213, 11797462, 11863134, 11929094, 11994627, 12059942, 12125389, 12191176, 12256933, 12322815, 12388529, 12454187, 12519432, 12585170, 12650879, 12716452, 12781786, 12847209, 12912824, 12978471, 13043708, 13109188, 13174562, 13239667, 13305433, 13371139, 13436278, 13501943, 13567471, 13633354, 13698662, 13763940, 13829280, 13894694, 13960131, 14025659, 14091013, 14156866, 14222803, 14288267, 14353582, 14418735, 14484238, 14549924, 14615534, 14680951, 14746328, 14811422, 14877536, 14943220, 15008893, 15074243, 15140094, 15205604, 15271317, 15336482, 15401710, 15467118, 15532837, 15598512, 15664107, 15729689, 15794994, 15860507, 15925912, 15991558, 16056923, 16122731, 16188011, 16253572, 16318969, 16384454, 16449537, 16515015, 16580564, 16646104, 16711549, 16777215]
[65395, 130824, 196248, 262006, 327630, 393565, 459025, 524830, 590489, 656118, 721483, 786858, 852411, 917656, 983267, 1049073, 1114609, 1180536, 1246048, 1311500, 1377410, 1442965, 1508336, 1574220, 1639782, 1705680, 1771375, 1836387, 1901684, 1966758, 2032267, 2098058, 2163744, 2229035, 2294523, 2359531, 2424799, 2490065, 2555206, 2620400, 2686313, 2752282, 2817711, 2883337, 2948449, 3014242, 3079397, 3144879, 3210596, 3275969, 3341580, 3407024, 3472722, 3538270, 3604196, 3669588, 3735417, 3800930, 3866690, 3932095, 3997379, 4062635, 4127273, 4192357, 4258030, 4323887, 4389296, 4455067, 4520359, 4585666, 4651207, 4716836, 4782308, 4847941, 4913317, 4979244, 5044684, 5110221, 5175601, 5241114, 5306454, 5371729, 5437161, 5502634, 5568055, 5633645, 5698511, 5763994, 5829749, 5895186, 5960958, 6026113, 6091598, 6157365, 6223176, 6289084, 6354720, 6420803, 6486567, 6551848, 6617018, 6682545, 6748074, 6813739, 6878874, 6944596, 7010300, 7075727, 7140912, 7206619, 7272359, 7337909, 7403495, 7468975, 7534471, 7600359, 7665903, 7731112, 7796517, 7862060, 7927504, 7992926, 8058241, 8123855, 8189267, 8254606, 8320219, 8385974, 8451501, 8517059, 8582608, 8648043, 8713854, 8779237, 8844078, 8909649, 8975123, 9040448, 9106310, 9172057, 9237656, 9303502, 9369061, 9434447, 9499796, 9565304, 9630680, 9696088, 9761667, 9827056, 9892592, 9958144, 10024018, 10089606, 10155010, 10220921, 10286524, 10352154, 10417767, 10482805, 10548437, 10613958, 10679562, 10745519, 10811023, 10876603, 10942036, 11007347, 11073100, 11138996, 11204181, 11269506, 11334438, 11399912, 11465392, 11531394, 11597419, 11662696, 11728445, 11793671, 11859050, 11924480, 11989622, 12055749, 12121212, 12186867, 12252437, 12317896, 12383502, 12449036, 12514681, 12580189, 12645524, 12710982, 12776899, 12842404, 12908174, 12974169, 13039802, 13105428, 13170825, 13236469, 13301973, 13367794, 13433308, 13499043, 13564420, 13630018, 13695583, 13761613, 13827243, 13892541, 13958699, 14023817, 14089387, 14155224, 14220847, 14286810, 14352211, 14417386, 14482766, 14548444, 14614162, 14679390, 14744932, 14810694, 14875943, 14941127, 15006711, 15071797, 15136978, 15202779, 15268234, 15333547, 15399217, 15465110, 15530564, 15596286, 15661737, 15727660, 15793443, 15859064, 15924123, 15989966, 16055149, 16120890, 16186311, 16252292, 16317884, 16383583, 16449010, 16514950, 16580724, 16646363, 16711915, 16777215]
[65420, 130456, 196232, 262113, 327676, 393514, 458505, 524027, 589387, 655095, 720695, 786239, 851595, 917404, 982937, 1048232, 1113751, 1179347, 1244856, 1310530, 1375782, 1441263, 1507029, 1572587, 1637900, 1703255, 1768940, 1834424, 1899793, 1965496, 2030855, 2096079, 2161505, 2226884, 2292405, 2357798, 2423190, 2488523, 2554264, 2619337, 2684739, 2749998, 2815720, 2881472, 2947092, 3012746, 3077967, 3143120, 3208422, 3273743, 3339225, 3404632, 3470639, 3535990, 3601281, 3666891, 3732956, 3798724, 3864509, 3930334, 3995896, 4061723, 4127389, 4193196, 4258790, 4324189, 4390184, 4455838, 4521425, 4586826, 4651935, 4716957, 4782647, 4848267, 4914418, 4980123, 5045373, 5110823, 5176627, 5242358, 5308185, 5374039, 5439510, 5505186, 5570355, 5635975, 5701707, 5767414, 5832943, 5898493, 5964132, 6030264, 6095195, 6160518, 6226107, 6291228, 6356876, 6422357, 6488086, 6553725, 6619412, 6684682, 6750147, 6815914, 6881510, 6947038, 7012662, 7078825, 7144755, 7210510, 7276420, 7342158, 7407818, 7473443, 7538657, 7604251, 7669740, 7735395, 7801071, 7866942, 7932537, 7998134, 8063879, 8129458, 8194797, 8260648, 8325932, 8391271, 8456670, 8522256, 8587877, 8653470, 8718770, 8783897, 8849115, 8915101, 8980192, 9045177, 9110477, 9176027, 9241770, 9307342, 9372741, 9438327, 9503819, 9569583, 9635026, 9700800, 9766575, 9832442, 9898431, 9963991, 10029624, 10095174, 10160232, 10225479, 10291055, 10356174, 10421765, 10487305, 10553095, 10618639, 10684147, 10749840, 10814977, 10880206, 10945966, 11011518, 11077156, 11142339, 11208080, 11273704, 11338928, 11404295, 11469523, 11534593, 11600053, 11665094, 11730688, 11796344, 11861658, 11927048, 11992780, 12058016, 12123697, 12188749, 12254304, 12319831, 12385497, 12451127, 12516567, 12582333, 12647859, 12713697, 12779876, 12845482, 12910756, 12976433, 13042125, 13107559, 13172883, 13238017, 13303561, 13368911, 13434674, 13500082, 13565542, 13631445, 13696540, 13762592, 13828065, 13894007, 13959354, 14024759, 14089824, 14155489, 14220358, 14285911, 14351396, 14416675, 14482421, 14548125, 14613817, 14679240, 14744979, 14810404, 14875662, 14941739, 15007105, 15073262, 15138863, 15204694, 15270263, 15335226, 15400790, 15466602, 15532302, 15597931, 15663314, 15729175, 15794705, 15860720, 15926189, 15991686, 16056963, 16122373, 16187815, 16253395, 16319161, 16384890, 16450303, 16515337, 16580619, 16646075, 16711700, 16777215]
[65582, 131304, 196488, 262004, 328189, 394024, 459517, 525603, 591058, 656718, 722539, 787864, 853532, 919559, 985622, 1051430, 1116489, 1182132, 1248086, 1313745, 1379439, 1444357, 1509806, 1575459, 1641093, 1707063, 1772441, 1838098, 1903791, 1968984, 2034641, 2100542, 2165778, 2231451, 2297438, 2362640, 2427820, 2493714, 2559230, 2624223, 2689435, 2754844, 2820077, 2885420, 2950939, 3016308, 3081999, 3147651, 3212769, 3278125, 3343860, 3408976, 3473985, 3539032, 3604686, 3670337, 3735755, 3800860, 3866432, 3931890, 3997443, 4062934, 4128631, 4194173, 4259607, 4325663, 4391313, 4457145, 4522417, 4587343, 4652874, 4718573, 4783927, 4849800, 4915162, 4981060, 5046474, 5112032, 5177666, 5243557, 5308585, 5374212, 5439280, 5504402, 5569999, 5635133, 5700790, 5766619, 5832535, 5898011, 5963474, 6029233, 6095159, 6160910, 6226744, 6292016, 6357498, 6422570, 6488353, 6553655, 6618992, 6684856, 6750145, 6815580, 6881376, 6946798, 7012351, 7077829, 7143215, 7208766, 7274206, 7339881, 7405930, 7471324, 7537140, 7602737, 7668318, 7733577, 7799187, 7865054, 7931033, 7996797, 8061760, 8126852, 8192803, 8258533, 8323792, 8389671, 8455318, 8520343, 8585866, 8651307, 8716632, 8782200, 8847764, 8913035, 8978598, 9044327, 9110152, 9175990, 9241114, 9306490, 9371912, 9437353, 9502885, 9568567, 9634133, 9699748, 9764924, 9830649, 9896111, 9961771, 10027199, 10092895, 10158684, 10224132, 10289144, 10354970, 10420211, 10485965, 10551555, 10616991, 10682837, 10748009, 10813828, 10879251, 10944994, 11010767, 11076003, 11141040, 11206779, 11272582, 11337834, 11403311, 11468743, 11533633, 11599498, 11664877, 11729621, 11794993, 11860575, 11926022, 11991593, 12057581, 12123036, 12188495, 12253962, 12319792, 12385384, 12450843, 12516247, 12581743, 12647541, 12713194, 12778559, 12844554, 12909642, 12975182, 13040500, 13105857, 13171348, 13237019, 13302623, 13367495, 13432678, 13498537, 13564062, 13629587, 13695136, 13760597, 13826474, 13891764, 13957476, 14022808, 14088381, 14154151, 14219853, 14285298, 14350982, 14416427, 14481900, 14547475, 14613034, 14678821, 14744256, 14809978, 14875349, 14940744, 15006491, 15072035, 15137839, 15202941, 15268739, 15334379, 15399534, 15465584, 15531263, 15596643, 15662436, 15728020, 15793338, 15858856, 15924339, 15990070, 16055583, 16121517, 16186979, 16252961, 16318529, 16384076, 16449712, 16515368, 16580927, 16646478, 16712150, 16777215]
[65582, 131067, 196889, 262018, 327660, 393552, 458882, 524500, 590601, 655900, 721716, 787356, 852885, 918527, 984238, 1049764, 1115638, 1180789, 1246112, 1311603, 1377226, 1442601, 1508509, 1574367, 1639521, 1705010, 1771315, 1836786, 1902244, 1967445, 2033198, 2098662, 2164339, 2230030, 2295270, 2360896, 2426052, 2491749, 2557532, 2623017, 2688092, 2753942, 2819528, 2884955, 2950430, 3016175, 3081488, 3147209, 3212501, 3278255, 3343484, 3408909, 3474259, 3539875, 3605777, 3671261, 3736362, 3801876, 3867549, 3933137, 3998504, 4063773, 4129421, 4194577, 4260024, 4325288, 4391175, 4456665, 4522398, 4587905, 4653670, 4718980, 4784566, 4850121, 4915161, 4980749, 5046624, 5112681, 5177887, 5243436, 5309049, 5374709, 5440398, 5505631, 5571708, 5637181, 5702703, 5768518, 5833921, 5899695, 5965570, 6031399, 6097174, 6162048, 6227140, 6292202, 6357176, 6422749, 6488400, 6554398, 6619884, 6685529, 6751266, 6817014, 6882614, 6948156, 7013208, 7078971, 7144457, 7209853, 7275021, 7340840, 7405649, 7471733, 7537305, 7602657, 7668287, 7734099, 7799914, 7865537, 7931201, 7996720, 8061492, 8126631, 8192006, 8257283, 8322935, 8388652, 8454580, 8520225, 8585941, 8651005, 8716530, 8781994, 8847222, 8912871, 8978161, 9043909, 9109828, 9175449, 9241191, 9306682, 9371871, 9437429, 9502958, 9568152, 9633495, 9699419, 9765200, 9830520, 9896164, 9961466, 10026857, 10092601, 10158154, 10223605, 10289028, 10354661, 10420586, 10486403, 10552080, 10617869, 10683093, 10748418, 10813864, 10879877, 10945674, 11010824, 11076475, 11142064, 11207749, 11273319, 11339244, 11404833, 11470565, 11536214, 11601268, 11667032, 11732472, 11798009, 11863285, 11928896, 11994605, 12059963, 12126140, 12191556, 12256848, 12322682, 12387959, 12453763, 12519092, 12584809, 12650207, 12715958, 12781195, 12846507, 12912291, 12977288, 13042847, 13108171, 13173767, 13239234, 13304924, 13370729, 13436148, 13501157, 13566070, 13631430, 13697262, 13762578, 13828281, 13894069, 13959863, 14025187, 14090941, 14156365, 14222438, 14288059, 14353635, 14419109, 14484547, 14549904, 14615608, 14680644, 14746292, 14812088, 14877419, 14943582, 15009052, 15074697, 15139711, 15205023, 15270423, 15335760, 15401097, 15466589, 15532042, 15597381, 15662898, 15728054, 15793902, 15859274, 15924401, 15990117, 16055808, 16121529, 16187019, 16252755, 16318316, 16384059, 16449741, 16515388, 16581103, 16646403, 16711788, 16777215]
[65403, 130850, 196421, 261751, 327424, 392927, 458501, 523794, 589194, 654466, 720262, 785853, 851480, 916884, 982511, 1048482, 1113599, 1179220, 1244646, 1310109, 1375392, 1440892, 1506668, 1572440, 1637750, 1703286, 1768402, 1833519, 1899462, 1965183, 2030793, 2096427, 2162086, 2227278, 2292618, 2358395, 2423999, 2489886, 2555400, 2621221, 2686426, 2751798, 2817381, 2882836, 2948336, 3014156, 3079557, 3145162, 3210636, 3276728, 3342214, 3407796, 3473259, 3538455, 3604040, 3669674, 3735555, 3801050, 3866727, 3932270, 3997836, 4063479, 4128869, 4194100, 4259520, 4324944, 4390521, 4456651, 4522117, 4587740, 4653592, 4719230, 4784880, 4850468, 4916299, 4982103, 5047453, 5112699, 5177764, 5243464, 5308848, 5374424, 5439643, 5505254, 5571073, 5636777, 5701648, 5767565, 5832704, 5898397, 5963815, 6029311, 6094836, 6160124, 6225373, 6290599, 6355962, 6422110, 6487752, 6553458, 6618623, 6684175, 6749289, 6814892, 6880514, 6945659, 7011645, 7076804, 7142579, 7208310, 7273772, 7339209, 7404602, 7470032, 7535204, 7600680, 7666311, 7732258, 7798304, 7864080, 7929649, 7994529, 8060183, 8125925, 8191369, 8256641, 8321939, 8387081, 8452393, 8517768, 8583421, 8649117, 8714276, 8779609, 8845220, 8910540, 8976006, 9041961, 9107768, 9173183, 9239064, 9305127, 9370854, 9436595, 9502274, 9567888, 9633140, 9698879, 9764601, 9829894, 9895923, 9961363, 10026805, 10091898, 10157631, 10223174, 10288701, 10354147, 10419793, 10485744, 10551466, 10616976, 10683097, 10749068, 10814143, 10879375, 10945177, 11011034, 11076505, 11141741, 11207208, 11272546, 11337903, 11403428, 11469182, 11535134, 11600451, 11666050, 11731850, 11797505, 11862547, 11928384, 11993823, 12060034, 12125425, 12190847, 12256448, 12322126, 12387761, 12453810, 12519868, 12585405, 12651049, 12716909, 12782124, 12847867, 12912893, 12978510, 13044011, 13109756, 13175303, 13240681, 13306407, 13371780, 13437292, 13502516, 13568018, 13633347, 13698929, 13764663, 13830205, 13895775, 13961007, 14026424, 14091585, 14157156, 14222396, 14288259, 14353888, 14419342, 14484158, 14549740, 14615118, 14680674, 14746154, 14812119, 14877657, 14943343, 15008421, 15074056, 15139437, 15204861, 15270607, 15336232, 15401783, 15466727, 15532096, 15597616, 15663018, 15728816, 15794301, 15860035, 15925746, 15991485, 16056410, 16122288, 16187602, 16253038, 16318429, 16384359, 16449782, 16515225, 16580898, 16645838, 16711503, 16777215]
[65392, 130314, 196243, 262391, 328000, 393181, 459013, 524446, 590150, 655860, 721054, 786775, 852390, 917836, 983008, 1048341, 1113884, 1179688, 1244611, 1309985, 1375697, 1441643, 1507072, 1572243, 1637935, 1703607, 1768691, 1834087, 1900032, 1965842, 2031346, 2096858, 2162109, 2227743, 2293361, 2358961, 2424630, 2489958, 2555609, 2620763, 2686469, 2752002, 2817860, 2883615, 2949325, 3015007, 3080751, 3146463, 3211433, 3276885, 3342695, 3407688, 3472827, 3538056, 3603538, 3668644, 3734019, 3799623, 3865227, 3930968, 3996499, 4061313, 4126856, 4192449, 4257882, 4323404, 4388865, 4454264, 4519987, 4585440, 4650911, 4716292, 4781698, 4847366, 4913399, 4978674, 5043619, 5109252, 5174761, 5240254, 5306278, 5371777, 5437747, 5503779, 5569209, 5634735, 5700138, 5765359, 5831253, 5896764, 5962407, 6028059, 6093349, 6158596, 6224475, 6289888, 6355392, 6420763, 6486057, 6551774, 6617436, 6682815, 6748453, 6814093, 6879932, 6945023, 7011123, 7076716, 7141937, 7207230, 7272704, 7338046, 7403492, 7468786, 7534534, 7599933, 7665496, 7731243, 7796997, 7862454, 7928194, 7994031, 8059354, 8124689, 8190575, 8255735, 8321031, 8386360, 8451795, 8517841, 8583676, 8649408, 8714906, 8780877, 8846785, 8912335, 8978061, 9043402, 9108730, 9174466, 9240391, 9305785, 9371032, 9436522, 9502210, 9568045, 9633796, 9699381, 9764901, 9830685, 9896234, 9961912, 10027462, 10093395, 10159203, 10224811, 10290151, 10355652, 10421192, 10486663, 10551989, 10617709, 10683236, 10748537, 10813990, 10879445, 10945075, 11010891, 11076698, 11142057, 11207451, 11273245, 11338589, 11404273, 11469637, 11535085, 11600415, 11665849, 11731673, 11797031, 11862510, 11927735, 11992704, 12057876, 12123362, 12188823, 12254340, 12320001, 12385383, 12450974, 12516578, 12581945, 12647213, 12713128, 12778329, 12843666, 12908962, 12974673, 13040573, 13106141, 13171711, 13237597, 13303416, 13368332, 13434229, 13499662, 13565198, 13630653, 13696073, 13762248, 13827352, 13892809, 13958475, 14024204, 14089535, 14155115, 14220403, 14286276, 14351743, 14416841, 14482476, 14548335, 14613722, 14679621, 14745153, 14810872, 14876500, 14942180, 15007730, 15073497, 15139081, 15204624, 15269955, 15335430, 15401041, 15466337, 15532020, 15597509, 15662909, 15729010, 15794720, 15860031, 15925491, 15990863, 16056137, 16122043, 16187714, 16253172, 16318745, 16384002, 16449510, 16515304, 16580547, 16646212, 16711831, 16777215]
[65582, 131446, 196603, 261689, 327907, 393096, 458178, 523887, 588942, 654227, 719899, 785487, 850929, 916443, 981969, 1047498, 1113355, 1179258, 1244829, 1310322, 1375658, 1440905, 1506420, 1572499, 1638254, 1703880, 1769499, 1835191, 1900869, 1966516, 2031794, 2097389, 2163212, 2229002, 2294370, 2359953, 2425493, 2491433, 2556757, 2622298, 2687405, 2753276, 2818443, 2883655, 2949483, 3015748, 3081460, 3146985, 3212444, 3278097, 3343486, 3409319, 3475126, 3540440, 3606083, 3671606, 3737119, 3802831, 3868960, 3934667, 4000095, 4065845, 4131350, 4196767, 4262483, 4327973, 4392993, 4458442, 4523915, 4589351, 4654812, 4720120, 4785409, 4850414, 4915689, 4981209, 5046812, 5112436, 5177960, 5243011, 5308884, 5374142, 5439272, 5504715, 5569996, 5635785, 5701982, 5767100, 5832238, 5897972, 5963507, 6028786, 6094410, 6159832, 6224933, 6290312, 6355744, 6420954, 6486964, 6552945, 6618312, 6684234, 6750152, 6815719, 6881456, 6946493, 7011877, 7077901, 7143320, 7208494, 7273809, 7339422, 7405044, 7470799, 7536406, 7601806, 7667164, 7732762, 7798171, 7863307, 7928688, 7994167, 8059819, 8125294, 8190717, 8256632, 8322008, 8387412, 8453281, 8518846, 8584054, 8649618, 8715513, 8780947, 8846797, 8912247, 8977611, 9043656, 9109099, 9174880, 9240519, 9306043, 9371248, 9436795, 9502493, 9567968, 9633151, 9699258, 9764937, 9830594, 9896360, 9962118, 10027535, 10093191, 10158838, 10224187, 10289400, 10355289, 10420657, 10486348, 10552141, 10617964, 10683418, 10748972, 10813976, 10879236, 10945048, 11010715, 11076354, 11142014, 11207578, 11273122, 11338393, 11403970, 11469646, 11535340, 11601438, 11666599, 11732534, 11798205, 11863449, 11929007, 11994484, 12060168, 12125870, 12191486, 12257157, 12322418, 12387765, 12453593, 12519548, 12585068, 12650449, 12716250, 12782138, 12847528, 12913506, 12979017, 13044928, 13109897, 13175423, 13241175, 13306791, 13372409, 13437451, 13503114, 13568832, 13634025, 13699638, 13765284, 13831125, 13896573, 13962128, 14027736, 14093115, 14159185, 14225070, 14290495, 14355725, 14421395, 14487014, 14552047, 14617742, 14683227, 14748677, 14814362, 14879971, 14945198, 15010772, 15076308, 15141733, 15206854, 15272678, 15338582, 15403862, 15469472, 15535198, 15600521, 15665716, 15731343, 15796909, 15862739, 15927723, 15992947, 16058188, 16123842, 16189066, 16254369, 16320131, 16385439, 16450507, 16515911, 16581310, 16646453, 16712024, 16777215]
[65547, 130935, 196154, 261354, 326595, 392105, 457824, 523449, 589063, 654623, 720161, 785787, 851391, 916864, 982636, 1048063, 1113546, 1178960, 1244589, 1310234, 1375900, 1441675, 1506781, 1572023, 1637925, 1703638, 1769197, 1834272, 1899739, 1965387, 2030741, 2096469, 2162101, 2227851, 2293308, 2359456, 2424844, 2491104, 2556227, 2622079, 2687775, 2753421, 2818792, 2883905, 2949564, 3015122, 3080913, 3146463, 3212212, 3277958, 3343623, 3408733, 3474226, 3539421, 3604678, 3670089, 3735375, 3800984, 3866594, 3931825, 3997327, 4062879, 4128416, 4193780, 4259416, 4324650, 4390003, 4455402, 4521225, 4586845, 4652739, 4718720, 4784702, 4850401, 4915971, 4981709, 5047275, 5112687, 5178084, 5243250, 5308749, 5374510, 5440119, 5505897, 5571168, 5636608, 5702164, 5767134, 5832858, 5897997, 5963636, 6029054, 6095054, 6160448, 6226566, 6292103, 6357382, 6422771, 6488171, 6553549, 6619482, 6684793, 6750273, 6816106, 6881155, 6946680, 7011916, 7077946, 7143872, 7209323, 7274814, 7340371, 7406270, 7471582, 7537107, 7602398, 7667966, 7733292, 7798654, 7864247, 7929949, 7995666, 8061473, 8126784, 8192276, 8257713, 8323194, 8389141, 8454325, 8520304, 8585982, 8651288, 8716181, 8781728, 8847359, 8912720, 8978032, 9043251, 9108761, 9174701, 9240207, 9306299, 9371782, 9437565, 9503028, 9568035, 9633736, 9699677, 9765010, 9830524, 9896423, 9962379, 10028112, 10093981, 10159733, 10225351, 10290486, 10356014, 10421516, 10487171, 10552898, 10618333, 10683903, 10749522, 10815144, 10880606, 10946061, 11011296, 11076810, 11142529, 11207789, 11273786, 11339283, 11405056, 11470782, 11536252, 11602058, 11667628, 11733113, 11798235, 11863593, 11929076, 11994870, 12060181, 12125679, 12190688, 12256304, 12321844, 12387336, 12452753, 12518340, 12584022, 12649437, 12715052, 12780551, 12845965, 12911079, 12976681, 13042141, 13107738, 13172940, 13238561, 13303780, 13369317, 13434542, 13499802, 13565537, 13630968, 13696315, 13761982, 13827510, 13893117, 13958529, 14024049, 14089317, 14154670, 14220292, 14285682, 14351026, 14416617, 14482088, 14547893, 14613570, 14679115, 14744590, 14810056, 14875361, 14941428, 15006817, 15072428, 15138141, 15203592, 15268972, 15334342, 15399730, 15465371, 15530994, 15596404, 15661810, 15727333, 15793116, 15858528, 15924539, 15990087, 16055484, 16120780, 16186248, 16251447, 16316807, 16382435, 16448221, 16513930, 16579408, 16645416, 16711327, 16777215]
[65511, 131152, 197034, 262111, 327705, 392919, 458127, 523987, 589484, 654689, 719823, 785314, 850591, 916481, 981997, 1047511, 1113316, 1178901, 1244611, 1310014, 1375469, 1441044, 1506550, 1572151, 1637600, 1703380, 1768960, 1834458, 1900312, 1965811, 2031047, 2096536, 2162430, 2227666, 2293774, 2359514, 2424974, 2490302, 2555700, 2620953, 2686627, 2751776, 2816945, 2882828, 2948622, 3014581, 3079983, 3145405, 3211083, 3276648, 3342151, 3407619, 3472876, 3538170, 3603239, 3668999, 3734294, 3799845, 3865317, 3930625, 3996159, 4061494, 4127035, 4192692, 4257970, 4323071, 4388671, 4454081, 4520370, 4585689, 4651501, 4716778, 4782302, 4847746, 4913310, 4978535, 5044733, 5110081, 5175944, 5241177, 5306854, 5372080, 5437559, 5503029, 5568181, 5633821, 5698817, 5764370, 5830096, 5895201, 5960559, 6026065, 6091211, 6156914, 6222698, 6288124, 6353868, 6419360, 6485199, 6550611, 6615712, 6681133, 6746574, 6811768, 6877041, 6942326, 7007471, 7073178, 7138575, 7203765, 7269054, 7334936, 7400480, 7465823, 7531182, 7596854, 7661670, 7727110, 7792935, 7858293, 7923881, 7989699, 8055430, 8120877, 8186576, 8252144, 8318307, 8383360, 8448584, 8513832, 8579333, 8644586, 8710248, 8775562, 8841131, 8906574, 8972764, 9038659, 9104423, 9169722, 9235390, 9301182, 9367258, 9433247, 9498423, 9564163, 9629314, 9694179, 9760325, 9826090, 9891499, 9957038, 10022535, 10087846, 10153200, 10218811, 10284494, 10350470, 10415846, 10480961, 10546386, 10612060, 10677731, 10742949, 10807993, 10873515, 10939606, 11005223, 11070995, 11136471, 11202145, 11267593, 11333199, 11399127, 11465004, 11531040, 11596578, 11662095, 11727592, 11793351, 11859066, 11924967, 11990694, 12056306, 12121573, 12186903, 12252717, 12318143, 12383632, 12449058, 12515131, 12581185, 12646390, 12711874, 12777181, 12843126, 12908678, 12974209, 13040078, 13105139, 13170428, 13235928, 13301456, 13367129, 13432830, 13497782, 13563371, 13629004, 13694661, 13759494, 13825136, 13890957, 13956356, 14022171, 14087872, 14153265, 14218809, 14284171, 14349594, 14415515, 14481287, 14546635, 14612426, 14677766, 14743560, 14808957, 14874998, 14940911, 15006430, 15071747, 15137331, 15202903, 15268302, 15333799, 15399482, 15464932, 15529938, 15596066, 15661965, 15727319, 15793049, 15858963, 15924473, 15990021, 16055382, 16121377, 16186908, 16252389, 16317590, 16383523, 16449263, 16514910, 16580630, 16645954, 16711550, 16777215]
[65579, 131091, 196380, 261734, 327505, 393211, 458576, 523949, 589832, 655206, 720907, 786709, 852444, 918157, 983268, 1048740, 1114449, 1179497, 1245248, 1311157, 1376831, 1442485, 1508416, 1574402, 1639713, 1705178, 1770609, 1836377, 1901840, 1967210, 2032984, 2098539, 2163757, 2229355, 2294710, 2360278, 2426194, 2491792, 2557193, 2622967, 2688775, 2754263, 2819322, 2884769, 2950410, 3015770, 3081637, 3147345, 3213309, 3278666, 3344218, 3409847, 3475032, 3540767, 3606334, 3671594, 3737417, 3802662, 3868179, 3933812, 3999401, 4065018, 4130483, 4195874, 4261347, 4327274, 4392741, 4458214, 4523551, 4589205, 4654441, 4720227, 4786073, 4852030, 4917092, 4983000, 5048354, 5113962, 5179665, 5245003, 5310774, 5376690, 5441720, 5506947, 5572363, 5637575, 5703309, 5769475, 5834927, 5900638, 5966011, 6031161, 6096821, 6162212, 6227408, 6293287, 6358405, 6423891, 6489193, 6554708, 6620144, 6685831, 6751224, 6816546, 6881870, 6947303, 7012709, 7078502, 7144493, 7210435, 7276031, 7341444, 7406930, 7472488, 7538299, 7603772, 7669807, 7735320, 7800878, 7866446, 7932104, 7997801, 8063501, 8128671, 8194355, 8260056, 8325554, 8391144, 8456420, 8522168, 8587668, 8652918, 8718616, 8784346, 8849677, 8915320, 8980927, 9046373, 9112030, 9177375, 9243058, 9308587, 9374477, 9440243, 9506019, 9571478, 9636727, 9702604, 9767821, 9833475, 9899375, 9964639, 10030170, 10096090, 10161515, 10226902, 10292150, 10358048, 10423074, 10488601, 10554354, 10619872, 10686145, 10751526, 10816937, 10882314, 10947941, 11013770, 11079303, 11144706, 11209708, 11275473, 11340415, 11405682, 11470963, 11536847, 11602550, 11667687, 11733509, 11799038, 11864451, 11929924, 11995672, 12061325, 12126676, 12192188, 12257340, 12322603, 12388181, 12453660, 12518995, 12584417, 12649644, 12715176, 12780294, 12845993, 12911337, 12976516, 13041837, 13107472, 13172759, 13238233, 13304216, 13369320, 13434978, 13500670, 13565455, 13630751, 13696455, 13762013, 13827401, 13892910, 13958706, 14024165, 14089796, 14155268, 14220698, 14286325, 14351324, 14416955, 14482236, 14547636, 14613130, 14678538, 14744300, 14810193, 14875570, 14941309, 15006943, 15072340, 15138032, 15203877, 15269771, 15335359, 15400948, 15466187, 15531711, 15596925, 15662600, 15727949, 15793504, 15859383, 15925350, 15990928, 16055976, 16121136, 16186882, 16253111, 16318790, 16384049, 16449997, 16515570, 16581256, 16646682, 16711822, 16777215]
[65270, 130531, 196359, 262095, 327772, 393585, 458917, 524795, 590489, 656105, 721356, 786885, 852490, 917844, 983577, 1048937, 1114108, 1179763, 1245649, 1311025, 1376577, 1442281, 1507642, 1573500, 1639061, 1704143, 1769689, 1835606, 1901171, 1966684, 2032530, 2098224, 2163934, 2229902, 2295455, 2360818, 2426624, 2492281, 2557800, 2623562, 2689395, 2754881, 2820805, 2886545, 2952337, 3017925, 3083780, 3149535, 3215330, 3280708, 3345578, 3411314, 3476597, 3541776, 3607414, 3672743, 3738348, 3803804, 3869679, 3935240, 4000838, 4066161, 4132051, 4197328, 4262408, 4327942, 4393146, 4458654, 4524695, 4590054, 4655718, 4721174, 4786840, 4852228, 4918044, 4983801, 5049328, 5114776, 5180456, 5245811, 5311582, 5377278, 5442321, 5507812, 5573214, 5639309, 5704962, 5770737, 5835673, 5900616, 5966219, 6031531, 6097076, 6162328, 6227446, 6292997, 6358482, 6424119, 6490074, 6555951, 6621190, 6687023, 6752217, 6817572, 6883156, 6949118, 7014798, 7080560, 7146152, 7211654, 7277432, 7342607, 7408144, 7473445, 7538702, 7603986, 7668993, 7734889, 7800651, 7866330, 7931679, 7997794, 8063582, 8128606, 8193973, 8259479, 8325062, 8390952, 8456699, 8522751, 8588246, 8653164, 8718580, 8784374, 8849812, 8915582, 8980932, 9046356, 9111766, 9177665, 9243330, 9308496, 9374121, 9439498, 9504941, 9570699, 9636572, 9702264, 9767680, 9832985, 9898614, 9964291, 10029869, 10095189, 10160725, 10226387, 10292172, 10357714, 10423363, 10489068, 10554028, 10619531, 10685385, 10750581, 10815857, 10881425, 10947345, 11012490, 11078352, 11143844, 11209204, 11274554, 11340177, 11405703, 11471177, 11536680, 11602146, 11667580, 11733154, 11798436, 11863705, 11929025, 11994011, 12059355, 12125316, 12190983, 12256712, 12322349, 12387916, 12453602, 12518903, 12584169, 12649663, 12715049, 12780446, 12846307, 12911434, 12976981, 13042920, 13108469, 13174084, 13239302, 13304675, 13370634, 13435530, 13501517, 13566871, 13632202, 13697777, 13762795, 13828098, 13894168, 13959692, 14025406, 14091230, 14157675, 14223077, 14288346, 14353652, 14419164, 14484706, 14550518, 14616251, 14681866, 14747345, 14812946, 14878261, 14943473, 15008089, 15073642, 15139566, 15204819, 15270361, 15336222, 15401614, 15467351, 15532922, 15598790, 15664289, 15730078, 15795453, 15861057, 15926454, 15992012, 16057199, 16122827, 16187964, 16253580, 16318915, 16384603, 16449862, 16515074, 16580628, 16646355, 16711907, 16777215]
[65627, 131308, 196917, 262298, 327803, 393730, 459300, 524368, 590171, 655829, 721616, 786894, 852390, 917998, 983523, 1048658, 1114245, 1179761, 1244816, 1310406, 1375334, 1440792, 1506264, 1571831, 1637341, 1703169, 1768529, 1833984, 1899406, 1964969, 2030305, 2095393, 2160647, 2226252, 2291809, 2357426, 2423013, 2488589, 2554204, 2620002, 2685565, 2751163, 2816620, 2882195, 2947953, 3013529, 3078762, 3144270, 3209808, 3275487, 3340615, 3405839, 3471234, 3536637, 3602279, 3667910, 3733237, 3799009, 3864308, 3929777, 3995528, 4061304, 4127306, 4192966, 4258324, 4323479, 4388955, 4454288, 4519833, 4585072, 4650935, 4716414, 4781573, 4847456, 4913070, 4978204, 5043850, 5109988, 5175381, 5240926, 5306425, 5371858, 5437165, 5502914, 5568515, 5634070, 5699780, 5765360, 5830952, 5896445, 5962492, 6028148, 6093621, 6159010, 6224898, 6290871, 6356647, 6422297, 6487856, 6553786, 6618984, 6684331, 6749559, 6815251, 6880553, 6946091, 7011742, 7077814, 7143327, 7209163, 7274391, 7339999, 7405529, 7471050, 7536443, 7602313, 7667836, 7733989, 7799202, 7864856, 7930067, 7995343, 8060714, 8126132, 8191814, 8257515, 8322892, 8388161, 8453489, 8518654, 8584114, 8649701, 8714827, 8779722, 8844651, 8910601, 8976216, 9042083, 9107593, 9173424, 9239322, 9305355, 9371030, 9436454, 9501970, 9567706, 9633417, 9698879, 9764324, 9829911, 9895442, 9961048, 10026459, 10091889, 10157660, 10222968, 10288681, 10354346, 10419925, 10485427, 10550806, 10615930, 10681537, 10746374, 10811998, 10877422, 10942681, 11008388, 11073800, 11139118, 11204410, 11270638, 11336455, 11402194, 11467511, 11533133, 11598491, 11663843, 11729097, 11794871, 11860546, 11926035, 11991494, 12057085, 12122498, 12188271, 12253792, 12319147, 12384525, 12450410, 12516322, 12582024, 12648004, 12713239, 12778745, 12844183, 12909541, 12975136, 13040036, 13105683, 13171044, 13236297, 13301590, 13367363, 13432676, 13498247, 13564368, 13629910, 13695287, 13760688, 13826409, 13891650, 13957328, 14022935, 14088718, 14154509, 14220091, 14285694, 14351025, 14416221, 14481712, 14546892, 14612779, 14678343, 14743917, 14809132, 14874847, 14940400, 15005986, 15071361, 15136473, 15202178, 15267878, 15333299, 15398543, 15464502, 15530005, 15595365, 15661124, 15726617, 15792485, 15858147, 15923949, 15989311, 16054658, 16120588, 16185990, 16251399, 16317109, 16383232, 16448833, 16514266, 16579965, 16645715, 16711852, 16777215]
[65139, 130370, 195528, 260848, 326293, 391740, 457248, 523123, 588685, 654632, 720219, 784896, 850290, 915899, 981250, 1046686, 1112290, 1177966, 1243576, 1309038, 1374314, 1440186, 1505946, 1571499, 1636746, 1702297, 1768046, 1833649, 1898928, 1964378, 2029599, 2094981, 2160765, 2226414, 2292171, 2357490, 2423051, 2488570, 2553855, 2619633, 2685400, 2750711, 2816420, 2882349, 2948005, 3013699, 3078939, 3144265, 3209384, 3275010, 3340430, 3405890, 3471069, 3536622, 3601758, 3667466, 3733025, 3797981, 3862951, 3928696, 3994111, 4059526, 4125139, 4191089, 4257072, 4322682, 4388017, 4453560, 4518856, 4584324, 4649726, 4715415, 4781022, 4846623, 4912457, 4978167, 5044092, 5109695, 5175716, 5241307, 5306382, 5372221, 5438209, 5503736, 5568972, 5634485, 5699898, 5765526, 5831187, 5897011, 5962466, 6027622, 6093381, 6158663, 6224328, 6290286, 6355827, 6421623, 6487179, 6552951, 6618591, 6684060, 6749118, 6814429, 6879856, 6945082, 7010928, 7076426, 7142104, 7207795, 7272931, 7338252, 7403869, 7469189, 7534931, 7600598, 7665728, 7731270, 7796934, 7862426, 7928257, 7993745, 8058906, 8124300, 8189938, 8255735, 8320878, 8386839, 8452421, 8517995, 8583714, 8649441, 8715076, 8780627, 8845924, 8911522, 8977177, 9042645, 9107798, 9173740, 9239209, 9304886, 9370753, 9436639, 9502090, 9567584, 9632742, 9697968, 9763319, 9828789, 9894216, 9960286, 10025852, 10090651, 10156444, 10221596, 10286731, 10352040, 10417605, 10483041, 10548527, 10613960, 10679977, 10745582, 10811001, 10876331, 10942161, 11008156, 11073882, 11139485, 11204923, 11270379, 11336117, 11401587, 11467472, 11532981, 11598297, 11663898, 11729552, 11795287, 11860667, 11925747, 11991386, 12057290, 12122829, 12188573, 12254002, 12319406, 12385084, 12450609, 12515729, 12581326, 12646991, 12712420, 12777918, 12843116, 12908699, 12974185, 13039882, 13105416, 13170908, 13236582, 13302121, 13367325, 13433000, 13498837, 13564403, 13629733, 13695299, 13760351, 13825728, 13891210, 13956822, 14022647, 14088426, 14153766, 14219455, 14285012, 14350709, 14416523, 14482162, 14547852, 14613321, 14679251, 14744631, 14810473, 14876124, 14941557, 15006867, 15072256, 15138157, 15203919, 15269163, 15334360, 15400048, 15465540, 15531381, 15597189, 15662863, 15728498, 15794083, 15859650, 15924966, 15990409, 16055962, 16121672, 16186945, 16252744, 16318756, 16384495, 16449826, 16515100, 16580681, 16646168, 16711637, 16777215]
[65605, 130921, 196223, 261600, 327093, 392618, 457629, 523370, 589310, 654613, 720278, 785510, 850736, 916094, 981604, 1047033, 1112499, 1178228, 1244204, 1309798, 1375081, 1440693, 1506380, 1572057, 1637746, 1703394, 1769500, 1835384, 1900612, 1966291, 2031638, 2097047, 2162516, 2227761, 2293313, 2359004, 2424204, 2489927, 2555933, 2621440, 2686762, 2751921, 2817773, 2883376, 2949309, 3015134, 3080898, 3146722, 3212461, 3277828, 3343583, 3408711, 3474678, 3540251, 3605883, 3671580, 3736933, 3802710, 3867809, 3933369, 3999040, 4064553, 4130132, 4195475, 4261484, 4327035, 4392421, 4458193, 4524064, 4589954, 4655517, 4720943, 4786304, 4851775, 4917363, 4982540, 5048411, 5113748, 5178737, 5244585, 5310086, 5375982, 5441770, 5507470, 5572824, 5638602, 5704013, 5769847, 5835569, 5900566, 5966189, 6031587, 6097043, 6162695, 6228179, 6293504, 6358865, 6424411, 6490166, 6555540, 6621431, 6687084, 6752785, 6818226, 6883661, 6949413, 7015310, 7080531, 7146015, 7211127, 7276658, 7342253, 7407891, 7473183, 7538781, 7604304, 7669371, 7734751, 7800653, 7866008, 7931294, 7997169, 8062525, 8128148, 8193807, 8259298, 8325192, 8390666, 8456200, 8521835, 8587402, 8653209, 8718709, 8784627, 8849903, 8915102, 8980693, 9046018, 9111672, 9177239, 9242606, 9308389, 9374005, 9439485, 9505082, 9570606, 9635903, 9701308, 9766417, 9831823, 9897882, 9963697, 10028950, 10094658, 10160035, 10225577, 10290853, 10355954, 10421665, 10487065, 10552411, 10617722, 10683192, 10749000, 10814090, 10879672, 10945322, 11011077, 11076811, 11141991, 11207514, 11273232, 11339021, 11404320, 11469330, 11534506, 11600399, 11666213, 11731639, 11797129, 11862326, 11928263, 11994574, 12060055, 12125493, 12191261, 12257016, 12322395, 12387627, 12453142, 12518459, 12583813, 12649415, 12715235, 12780487, 12846297, 12912373, 12977594, 13042500, 13108155, 13173648, 13239212, 13304631, 13369816, 13435129, 13500931, 13566580, 13631936, 13697221, 13763053, 13829019, 13895019, 13960314, 14025615, 14091053, 14156231, 14221613, 14286908, 14352610, 14418441, 14484395, 14549971, 14615368, 14680828, 14746148, 14811606, 14877526, 14943514, 15008982, 15074706, 15139841, 15205191, 15270757, 15336606, 15402010, 15467227, 15532809, 15598824, 15664344, 15729869, 15795830, 15861034, 15926510, 15991742, 16057247, 16122459, 16187821, 16253334, 16318799, 16384343, 16449571, 16514878, 16580240, 16645726, 16711363, 16777215]
[65522, 131173, 196798, 262420, 328030, 393474, 458881, 524431, 590280, 656069, 721521, 786850, 852011, 917178, 982653, 1048062, 1114305, 1179980, 1245596, 1310874, 1376357, 1441815, 1507505, 1572669, 1638384, 1703762, 1769547, 1835309, 1900578, 1966160, 2031603, 2096982, 2162812, 2228700, 2294201, 2359944, 2425421, 2490749, 2556280, 2621901, 2687398, 2753396, 2818891, 2884880, 2950663, 3016535, 3082170, 3147585, 3212913, 3278471, 3343864, 3409036, 3474270, 3539261, 3604985, 3670681, 3736056, 3801533, 3867097, 3932190, 3997693, 4062988, 4128240, 4194091, 4259816, 4325256, 4390710, 4456374, 4521908, 4587564, 4652927, 4718522, 4783964, 4849649, 4915221, 4980522, 5045601, 5111259, 5177053, 5242487, 5308099, 5373931, 5439495, 5504707, 5570363, 5636093, 5701751, 5767338, 5832960, 5898350, 5963696, 6029256, 6094913, 6160619, 6225885, 6291223, 6357137, 6422318, 6487601, 6552829, 6618110, 6683564, 6749148, 6814981, 6880350, 6945547, 7010881, 7076895, 7141744, 7207581, 7273528, 7339351, 7404765, 7470562, 7536121, 7601566, 7666787, 7732205, 7797377, 7862655, 7927939, 7993856, 8059630, 8125120, 8190499, 8255769, 8321237, 8386987, 8452766, 8518383, 8584114, 8649755, 8715289, 8780736, 8846462, 8911804, 8977322, 9042745, 9107728, 9173107, 9238660, 9304163, 9369802, 9435158, 9500855, 9566357, 9631844, 9697869, 9763294, 9828529, 9894287, 9959610, 10024929, 10090343, 10155669, 10221012, 10286778, 10352476, 10418117, 10483511, 10549462, 10615277, 10680732, 10746038, 10811383, 10877097, 10942818, 11008291, 11073767, 11139547, 11204881, 11270498, 11336530, 11402272, 11468196, 11533427, 11599180, 11664812, 11730112, 11795758, 11861078, 11926237, 11991835, 12057541, 12123390, 12188819, 12254138, 12319960, 12385237, 12450489, 12515937, 12581757, 12647198, 12712803, 12778448, 12844128, 12909725, 12975028, 13040501, 13106261, 13172215, 13237768, 13303521, 13368834, 13434265, 13499845, 13565271, 13630803, 13696024, 13761633, 13827177, 13892571, 13958376, 14024097, 14089629, 14155365, 14221126, 14286806, 14352570, 14417748, 14482948, 14548393, 14614264, 14679950, 14745522, 14810919, 14876597, 14942335, 15007586, 15072879, 15138193, 15203687, 15269569, 15335267, 15400932, 15466440, 15532257, 15597818, 15663635, 15729536, 15794669, 15859803, 15925614, 15991131, 16056276, 16121632, 16187399, 16252576, 16318069, 16383474, 16449013, 16514402, 16580006, 16645665, 16711381, 16777215]
[65273, 130729, 196275, 261984, 327923, 393578, 459158, 524447, 589738, 655800, 721224, 787241, 853107, 918596, 984169, 1049673, 1115602, 1181038, 1246655, 1312482, 1378102, 1443243, 1508811, 1574708, 1639899, 1705309, 1770888, 1836345, 1901775, 1967217, 2032769, 2097958, 2163926, 2229640, 2294989, 2360462, 2425700, 2490811, 2556327, 2621861, 2687019, 2752267, 2817694, 2883264, 2948276, 3013889, 3079661, 3144928, 3210757, 3276547, 3341789, 3406969, 3472690, 3538197, 3603440, 3669392, 3735226, 3801091, 3866765, 3932151, 3997904, 4063373, 4128590, 4193847, 4259738, 4325347, 4391188, 4456401, 4521869, 4587452, 4653184, 4719003, 4784498, 4850359, 4915750, 4981050, 5046518, 5111897, 5177420, 5242858, 5307991, 5373785, 5439156, 5505082, 5570234, 5635472, 5701374, 5766783, 5832047, 5898016, 5964087, 6029654, 6095396, 6161154, 6226834, 6292322, 6357513, 6422900, 6488265, 6554175, 6619845, 6685443, 6750959, 6816405, 6882027, 6947813, 7013358, 7078960, 7144278, 7209770, 7275235, 7340826, 7406573, 7472120, 7537772, 7603199, 7668540, 7734149, 7799944, 7865529, 7931209, 7996683, 8062043, 8127616, 8193004, 8258751, 8324430, 8389968, 8455567, 8520897, 8586679, 8652606, 8717761, 8783695, 8849607, 8915010, 8980366, 9045956, 9111463, 9177188, 9242627, 9308124, 9374200, 9439848, 9505618, 9571729, 9637657, 9702878, 9768381, 9833436, 9899336, 9964471, 10030283, 10095782, 10161887, 10227086, 10292802, 10358440, 10423720, 10489245, 10554863, 10620563, 10685877, 10750914, 10816508, 10882054, 10947319, 11013055, 11078730, 11144542, 11210031, 11275612, 11341216, 11406925, 11472077, 11537708, 11603568, 11669277, 11734767, 11800238, 11865733, 11931644, 11997052, 12062759, 12128164, 12193677, 12259005, 12324631, 12390194, 12456230, 12521986, 12587386, 12652501, 12717949, 12783668, 12849716, 12915066, 12980769, 13046277, 13111221, 13176596, 13241960, 13307710, 13373248, 13439060, 13504420, 13569759, 13635000, 13700450, 13765810, 13831096, 13896648, 13961837, 14027616, 14092772, 14158255, 14223646, 14289001, 14353780, 14419255, 14484457, 14549866, 14615320, 14680677, 14746399, 14811805, 14877248, 14942449, 15007736, 15073276, 15138841, 15204351, 15270034, 15335548, 15401390, 15467377, 15533044, 15598016, 15663055, 15728501, 15793887, 15859256, 15924512, 15990233, 16055763, 16121234, 16186895, 16252466, 16318207, 16383604, 16449419, 16515170, 16580415, 16645710, 16711636, 16777215]
[65869, 132082, 197650, 263582, 329180, 395177, 461005, 526764, 592085, 657752, 723609, 789055, 854111, 919191, 984787, 1049972, 1115374, 1181357, 1247492, 1312847, 1378008, 1443469, 1508945, 1574761, 1640402, 1705603, 1771284, 1836920, 1902147, 1967902, 2033164, 2098876, 2163852, 2229365, 2294992, 2360948, 2426611, 2492117, 2557935, 2623498, 2689343, 2755045, 2820424, 2886001, 2951975, 3017305, 3082929, 3148751, 3214271, 3279732, 3344679, 3410373, 3475597, 3541155, 3606990, 3672768, 3738209, 3804309, 3869984, 3935642, 4001331, 4067143, 4132715, 4198243, 4263306, 4329278, 4394808, 4460427, 4525581, 4590787, 4656105, 4721160, 4786429, 4851940, 4917190, 4983307, 5049241, 5115154, 5179941, 5245833, 5311270, 5377086, 5442949, 5508334, 5573964, 5639645, 5704947, 5770823, 5836634, 5901956, 5967823, 6033107, 6098267, 6163949, 6229149, 6294239, 6359921, 6425084, 6490752, 6556116, 6621008, 6686755, 6752215, 6817943, 6883364, 6949110, 7015030, 7080606, 7146521, 7211748, 7277136, 7342432, 7407948, 7473147, 7538315, 7603919, 7669362, 7735049, 7800564, 7866472, 7931888, 7997130, 8062746, 8128796, 8194368, 8259858, 8325666, 8391039, 8456841, 8522076, 8587379, 8653161, 8719114, 8784776, 8850445, 8916198, 8981844, 9047825, 9112989, 9178794, 9243968, 9309213, 9374656, 9440376, 9505920, 9571696, 9637103, 9702747, 9768424, 9834041, 9898818, 9964677, 10030270, 10095649, 10161305, 10226565, 10291835, 10357059, 10422839, 10488217, 10554052, 10619524, 10685067, 10750805, 10816410, 10881962, 10947580, 11012994, 11078764, 11144167, 11209218, 11274980, 11340194, 11405881, 11471643, 11537308, 11602895, 11668321, 11734007, 11799605, 11864872, 11930327, 11995614, 12060640, 12126546, 12192401, 12257806, 12323128, 12388651, 12454098, 12519364, 12584741, 12650120, 12715638, 12780855, 12845934, 12911321, 12976859, 13042379, 13108109, 13173472, 13239813, 13305240, 13370935, 13436854, 13502658, 13568140, 13633213, 13698455, 13763889, 13829496, 13895107, 13960509, 14025302, 14090667, 14156074, 14221550, 14287113, 14352778, 14418195, 14484074, 14549656, 14614729, 14680603, 14746879, 14811974, 14877782, 14943084, 15008529, 15074524, 15140503, 15205704, 15270754, 15336258, 15401938, 15467322, 15532854, 15598149, 15663041, 15728345, 15793709, 15859730, 15924795, 15990421, 16055878, 16121150, 16186919, 16252501, 16318450, 16384174, 16449745, 16514865, 16580136, 16645669, 16711484, 16777215]
[65166, 130662, 196241, 261704, 327440, 392541, 458462, 524080, 589136, 654524, 720167, 785990, 851451, 917152, 983070, 1048444, 1114090, 1179854, 1245471, 1310746, 1376316, 1441591, 1506727, 1572338, 1637823, 1703200, 1769308, 1834830, 1900391, 1965714, 2030656, 2095882, 2161606, 2227160, 2292269, 2357837, 2423422, 2489121, 2554265, 2619874, 2685693, 2751507, 2817205, 2883208, 2948923, 3014444, 3080337, 3145646, 3211281, 3276622, 3342069, 3407902, 3473464, 3539097, 3604491, 3669844, 3736104, 3801701, 3866931, 3932432, 3997617, 4063097, 4128985, 4194595, 4259936, 4325846, 4391414, 4456957, 4522573, 4588273, 4654144, 4720089, 4786018, 4852269, 4917604, 4983193, 5048543, 5113759, 5178887, 5244847, 5310197, 5375935, 5441708, 5507370, 5572993, 5638649, 5704424, 5769523, 5835427, 5900699, 5966289, 6031839, 6097318, 6162868, 6228055, 6293852, 6359547, 6425239, 6490450, 6555628, 6621087, 6686419, 6751956, 6817566, 6883104, 6948207, 7013578, 7079576, 7144771, 7210210, 7276031, 7341541, 7407001, 7472299, 7537979, 7603771, 7669427, 7734659, 7800145, 7865606, 7931284, 7996284, 8061839, 8127288, 8192484, 8257854, 8323259, 8389048, 8454289, 8520341, 8585931, 8651967, 8717638, 8783292, 8848845, 8914124, 8979136, 9044625, 9110438, 9175934, 9241316, 9306973, 9372162, 9437606, 9503556, 9568975, 9634506, 9700282, 9765756, 9831105, 9896737, 9962631, 10028358, 10093526, 10159063, 10224635, 10290117, 10355769, 10421602, 10487680, 10553558, 10619225, 10684805, 10749882, 10815415, 10880584, 10945907, 11010871, 11076168, 11141924, 11207080, 11272833, 11338525, 11403888, 11469596, 11535172, 11600312, 11665535, 11730759, 11796676, 11862402, 11927613, 11992878, 12058698, 12124211, 12189658, 12255175, 12320324, 12385560, 12451108, 12516880, 12582929, 12648287, 12713949, 12779818, 12845105, 12910961, 12976633, 13041964, 13107583, 13173325, 13239074, 13304981, 13370454, 13436028, 13501747, 13567067, 13632770, 13698598, 13764126, 13829625, 13895117, 13960577, 14025858, 14091357, 14156442, 14222353, 14287557, 14353637, 14419251, 14484945, 14550277, 14615612, 14681091, 14746896, 14812194, 14877552, 14942998, 15008565, 15073907, 15139154, 15204596, 15270229, 15335741, 15401015, 15467176, 15532964, 15598563, 15663821, 15729362, 15794565, 15860256, 15926123, 15991888, 16057425, 16122697, 16188173, 16253777, 16319369, 16384338, 16449999, 16515293, 16580730, 16645947, 16711983, 16777215]
[65452, 130634, 196477, 261497, 326801, 392473, 457770, 523513, 589082, 654945, 720631, 785936, 851449, 916911, 982531, 1048589, 1114267, 1179631, 1245058, 1310177, 1375652, 1440959, 1506173, 1571484, 1637040, 1703201, 1768360, 1833873, 1899530, 1965140, 2030888, 2096209, 2161316, 2226853, 2292485, 2357906, 2422727, 2488107, 2553815, 2619483, 2684869, 2750432, 2815755, 2881003, 2946051, 3011965, 3077329, 3143313, 3208633, 3274383, 3340265, 3405960, 3471277, 3537053, 3602827, 3668279, 3733710, 3799123, 3864219, 3929970, 3995707, 4061187, 4126154, 4191501, 4256925, 4322700, 4388236, 4453542, 4519287, 4584990, 4650642, 4715991, 4781593, 4846935, 4912882, 4978657, 5044053, 5109532, 5174988, 5240531, 5306226, 5372320, 5437911, 5503552, 5568947, 5634904, 5700177, 5765681, 5831234, 5896621, 5962038, 6027629, 6092858, 6158364, 6223971, 6289357, 6355056, 6420897, 6486381, 6551809, 6617383, 6683132, 6748410, 6814400, 6879939, 6945483, 7011140, 7076952, 7142270, 7207628, 7273095, 7338882, 7404295, 7469569, 7535441, 7601129, 7666752, 7732290, 7798218, 7863578, 7928910, 7994570, 8060199, 8125443, 8191359, 8256552, 8321737, 8387296, 8453036, 8518664, 8584433, 8649584, 8715090, 8780965, 8847071, 8912126, 8977510, 9043017, 9108288, 9174084, 9239449, 9305514, 9370803, 9436289, 9502005, 9567567, 9632978, 9698512, 9763890, 9829239, 9895075, 9960938, 10026978, 10092712, 10158433, 10223826, 10288833, 10353975, 10419668, 10484905, 10551009, 10616567, 10681991, 10747571, 10813183, 10878634, 10943995, 11009333, 11075063, 11140089, 11205915, 11271549, 11337152, 11402563, 11468089, 11533564, 11599247, 11664746, 11729926, 11794993, 11860747, 11925885, 11991514, 12056886, 12122781, 12188363, 12254041, 12319360, 12384453, 12449831, 12515329, 12581012, 12646519, 12712251, 12777993, 12843702, 12908929, 12974334, 13039974, 13105350, 13171013, 13236884, 13302387, 13367652, 13433260, 13498624, 13563891, 13629626, 13695117, 13760620, 13826467, 13891857, 13957527, 14023646, 14089281, 14155002, 14220419, 14286025, 14351042, 14416772, 14482129, 14548025, 14613955, 14679765, 14745109, 14810778, 14876622, 14941971, 15007738, 15073345, 15138799, 15204099, 15269507, 15334967, 15400851, 15466226, 15531242, 15596853, 15662386, 15727858, 15793401, 15859192, 15924393, 15990107, 16055380, 16121638, 16186934, 16252757, 16318190, 16383863, 16449643, 16515131, 16580997, 16646248, 16712074, 16777215]
[65976, 131474, 197028, 262685, 327983, 393541, 459318, 524819, 590447, 656102, 721784, 786598, 852369, 918009, 983118, 1048604, 1114216, 1180337, 1245653, 1311030, 1376943, 1442638, 1507800, 1573416, 1639055, 1705028, 1770793, 1835946, 1901764, 1967120, 2032635, 2098306, 2163710, 2229057, 2294307, 2359775, 2425412, 2491141, 2556338, 2621630, 2687418, 2752806, 2818484, 2884148, 2949536, 3014657, 3080147, 3145542, 3211230, 3276976, 3342673, 3408307, 3473832, 3538926, 3604467, 3670387, 3736387, 3801835, 3867077, 3932947, 3998339, 4064068, 4129370, 4194856, 4260859, 4326181, 4391509, 4457057, 4522868, 4588722, 4654343, 4719540, 4784730, 4850722, 4916683, 4982374, 5048050, 5113431, 5178679, 5244300, 5309516, 5374709, 5440186, 5505616, 5571132, 5636824, 5702238, 5767833, 5833638, 5898991, 5964329, 6030131, 6095422, 6160997, 6226321, 6291990, 6357544, 6423070, 6488446, 6553765, 6619074, 6684689, 6750220, 6815811, 6881307, 6946594, 7012212, 7078222, 7143551, 7209108, 7274079, 7339716, 7405307, 7470683, 7535989, 7601394, 7666889, 7732442, 7798042, 7863717, 7929342, 7994872, 8060617, 8126415, 8191823, 8257224, 8322943, 8388768, 8453889, 8519620, 8585002, 8650580, 8715866, 8781571, 8846866, 8912794, 8978087, 9043896, 9109330, 9174934, 9240516, 9306032, 9371513, 9437168, 9502488, 9568062, 9633402, 9698868, 9764363, 9829691, 9894853, 9960456, 10026021, 10091789, 10157218, 10222597, 10288388, 10353989, 10419569, 10484891, 10550561, 10616385, 10682190, 10747761, 10813598, 10879174, 10944631, 11010578, 11076279, 11141318, 11207350, 11273063, 11338541, 11404239, 11470060, 11535365, 11600516, 11666145, 11731458, 11796955, 11862324, 11927448, 11992842, 12058332, 12123824, 12189368, 12254548, 12319826, 12385695, 12450875, 12516714, 12582461, 12647555, 12712804, 12778315, 12844048, 12909480, 12975207, 13041117, 13106812, 13171882, 13237446, 13303247, 13368890, 13434639, 13500573, 13565857, 13631615, 13696847, 13762273, 13827264, 13892873, 13958082, 14024161, 14090098, 14155449, 14220602, 14285882, 14351482, 14416402, 14481864, 14547214, 14612637, 14678248, 14743209, 14808610, 14874002, 14939776, 15004993, 15070487, 15135675, 15201716, 15267336, 15332808, 15398367, 15463811, 15529239, 15594907, 15661106, 15727258, 15792571, 15858361, 15924125, 15989406, 16054451, 16120332, 16186156, 16251255, 16316820, 16382771, 16448557, 16513874, 16579977, 16645414, 16711507, 16777215]
[65796, 131482, 196864, 261694, 327359, 392454, 457886, 523846, 589769, 655823, 721826, 787266, 852732, 918502, 983851, 1049504, 1115054, 1180775, 1246521, 1312097, 1377500, 1442974, 1508745, 1574412, 1640046, 1705885, 1771165, 1836511, 1902351, 1967833, 2034043, 2099580, 2165039, 2230462, 2296104, 2361270, 2427130, 2492966, 2558681, 2624042, 2689846, 2755246, 2820176, 2885876, 2951305, 3017138, 3082679, 3148927, 3214433, 3280156, 3345424, 3410789, 3476078, 3541721, 3606910, 3672752, 3737808, 3803570, 3868646, 3934369, 3999752, 4065236, 4130559, 4196466, 4262077, 4327327, 4393223, 4458997, 4524552, 4589726, 4655129, 4721029, 4786389, 4852214, 4917588, 4982819, 5047962, 5113377, 5179044, 5244324, 5310040, 5375153, 5440600, 5506270, 5571575, 5637409, 5702802, 5768339, 5833628, 5899399, 5964980, 6030370, 6095875, 6161697, 6227426, 6292652, 6358695, 6423899, 6489752, 6555332, 6620795, 6686141, 6751500, 6817176, 6882887, 6948580, 7014408, 7079702, 7145385, 7210631, 7276101, 7341447, 7406844, 7472661, 7538222, 7603727, 7669042, 7734558, 7800087, 7865624, 7931198, 7996238, 8061926, 8127550, 8193568, 8259086, 8324573, 8389489, 8455411, 8521111, 8586814, 8652197, 8718064, 8783852, 8849819, 8915470, 8980944, 9046376, 9112202, 9177994, 9243933, 9309315, 9374933, 9440556, 9506387, 9572222, 9637253, 9702416, 9767766, 9833185, 9898753, 9964507, 10029667, 10095130, 10160676, 10225958, 10291193, 10356432, 10421776, 10487044, 10552035, 10617549, 10683175, 10748440, 10813876, 10879186, 10944841, 11010514, 11075915, 11141154, 11207190, 11272730, 11337983, 11403637, 11469185, 11534433, 11599880, 11665811, 11731226, 11796746, 11862360, 11927962, 11993821, 12059216, 12124829, 12190441, 12255861, 12321374, 12387166, 12452615, 12518150, 12583634, 12649347, 12715471, 12780892, 12846228, 12911313, 12977131, 13042712, 13108405, 13174120, 13239550, 13305082, 13370231, 13435905, 13501215, 13566667, 13632227, 13698345, 13763962, 13829225, 13895133, 13960457, 14026498, 14092220, 14157754, 14223652, 14289048, 14354231, 14419630, 14484816, 14550430, 14616145, 14681335, 14746427, 14811842, 14877114, 14942958, 15008647, 15074673, 15140630, 15206260, 15271569, 15337304, 15402921, 15468119, 15533945, 15599379, 15664624, 15729993, 15795354, 15860817, 15925889, 15990953, 16056426, 16121803, 16186896, 16252915, 16318333, 16383759, 16449375, 16514755, 16580272, 16645949, 16711511, 16777215]
[64479, 129709, 194750, 260878, 325917, 391723, 457341, 523233, 589180, 654993, 720553, 785918, 851523, 917027, 982497, 1048064, 1113311, 1178914, 1244378, 1310010, 1375111, 1440185, 1505917, 1571679, 1636921, 1702925, 1768604, 1834272, 1900355, 1966135, 2031460, 2097316, 2162874, 2228062, 2293568, 2359613, 2425399, 2491116, 2556793, 2622420, 2687804, 2753632, 2819145, 2884768, 2950842, 3016359, 3081986, 3147962, 3213897, 3279245, 3344620, 3410549, 3476010, 3541701, 3607031, 3672544, 3737798, 3803459, 3868700, 3934102, 3999859, 4065458, 4131109, 4196111, 4261445, 4326790, 4392222, 4457661, 4523433, 4589480, 4655166, 4720878, 4786482, 4852203, 4918060, 4983635, 5049427, 5115220, 5180755, 5246550, 5312038, 5377964, 5443429, 5509031, 5574211, 5639837, 5705491, 5771147, 5836654, 5902181, 5967512, 6032783, 6098409, 6164175, 6229895, 6295737, 6361268, 6426502, 6492081, 6557409, 6622468, 6688130, 6754076, 6819574, 6884865, 6950797, 7016133, 7081434, 7147051, 7212390, 7277568, 7343289, 7408985, 7474474, 7539804, 7605034, 7670129, 7735936, 7801194, 7867442, 7932747, 7998157, 8063584, 8129300, 8194697, 8260401, 8325848, 8391540, 8457360, 8522621, 8588204, 8653965, 8719655, 8785698, 8851009, 8916451, 8982015, 9047321, 9113024, 9178214, 9243458, 9308938, 9374236, 9439452, 9504888, 9570064, 9635476, 9701028, 9766223, 9831791, 9897171, 9962758, 10028154, 10093463, 10158982, 10224297, 10290341, 10355674, 10421545, 10487125, 10552844, 10618539, 10684013, 10749728, 10815294, 10880430, 10946049, 11011540, 11077089, 11142944, 11208487, 11273960, 11339600, 11404862, 11470617, 11535743, 11601486, 11667074, 11732096, 11798092, 11863677, 11929184, 11994222, 12059646, 12125097, 12190641, 12255927, 12321301, 12386667, 12451905, 12517368, 12582942, 12648569, 12713839, 12779434, 12844563, 12910257, 12976105, 13041806, 13107536, 13173077, 13238649, 13304500, 13370166, 13435747, 13501363, 13566708, 13632248, 13697789, 13763465, 13828884, 13895014, 13960134, 14025940, 14091169, 14156669, 14222030, 14287821, 14353003, 14418324, 14483597, 14549267, 14614838, 14680855, 14746596, 14812128, 14877575, 14943106, 15008700, 15074170, 15139828, 15204932, 15270356, 15336082, 15401384, 15466715, 15532202, 15597835, 15663366, 15729127, 15794567, 15860446, 15925588, 15991283, 16056881, 16122223, 16187680, 16253107, 16318848, 16384246, 16449137, 16514796, 16580407, 16645815, 16711219, 16777215]
[65900, 131225, 197114, 262622, 327985, 393572, 459179, 524769, 590339, 656082, 721682, 787390, 853358, 919302, 984749, 1050259, 1115720, 1181475, 1246860, 1312438, 1377470, 1442811, 1508579, 1574234, 1640191, 1705747, 1771355, 1836609, 1902243, 1968065, 2033642, 2099102, 2164542, 2230160, 2296116, 2361539, 2426947, 2492260, 2557522, 2623287, 2688773, 2754451, 2819949, 2885206, 2950569, 3015878, 3081157, 3146953, 3212674, 3277991, 3342761, 3408519, 3474168, 3539569, 3605272, 3670948, 3736211, 3801868, 3867378, 3932827, 3998013, 4063566, 4129546, 4195263, 4260977, 4326428, 4392301, 4458439, 4524133, 4589308, 4654900, 4720092, 4785257, 4850738, 4915628, 4981248, 5046389, 5111693, 5177342, 5242934, 5308146, 5373551, 5439450, 5505023, 5570716, 5636499, 5701802, 5767589, 5833323, 5898535, 5964263, 6029722, 6095336, 6161368, 6226712, 6292430, 6358295, 6424547, 6489458, 6555102, 6620908, 6685966, 6751404, 6816928, 6882472, 6948074, 7013434, 7078904, 7144242, 7209818, 7275320, 7341270, 7406893, 7472390, 7537775, 7603314, 7668325, 7733901, 7799331, 7864724, 7930048, 7995661, 8061173, 8126947, 8192501, 8258158, 8323462, 8388852, 8454368, 8520123, 8586108, 8651383, 8717038, 8782366, 8847945, 8913505, 8978976, 9044864, 9110327, 9175923, 9241304, 9306803, 9372641, 9438229, 9504005, 9569740, 9635548, 9700936, 9766456, 9831773, 9897505, 9962260, 10027511, 10093031, 10158433, 10224342, 10289661, 10354940, 10420210, 10485747, 10551192, 10617185, 10683140, 10748211, 10813683, 10878942, 10944310, 11010306, 11075801, 11141995, 11207706, 11272940, 11338887, 11404492, 11469623, 11534853, 11600833, 11666764, 11732110, 11797211, 11862947, 11928580, 11994145, 12059643, 12124477, 12189544, 12255337, 12321086, 12386258, 12451849, 12517957, 12583300, 12649195, 12714808, 12780803, 12845986, 12911818, 12977780, 13043107, 13108287, 13173620, 13239314, 13304903, 13370488, 13435799, 13501547, 13567551, 13633267, 13698839, 13764394, 13830079, 13895778, 13961089, 14026648, 14092278, 14157547, 14223170, 14288810, 14354062, 14419740, 14485203, 14550744, 14616498, 14681850, 14747324, 14812820, 14878365, 14943662, 15009234, 15074745, 15140233, 15205463, 15270874, 15335928, 15401486, 15467224, 15532917, 15598466, 15663865, 15729409, 15794566, 15860340, 15925715, 15991071, 16056592, 16122296, 16188356, 16253878, 16319524, 16384830, 16450415, 16515975, 16581594, 16646811, 16712213, 16777215]
[64991, 130470, 195825, 261350, 327237, 392810, 458531, 523868, 589601, 655271, 720904, 786396, 852240, 917105, 982746, 1048445, 1113775, 1179072, 1244205, 1309503, 1374908, 1440382, 1505995, 1571393, 1636678, 1701967, 1767855, 1833969, 1899390, 1964984, 2030679, 2096225, 2161355, 2226559, 2291924, 2356941, 2422633, 2487903, 2553329, 2619000, 2684540, 2749859, 2815239, 2880726, 2946776, 3012781, 3078493, 3144659, 3209873, 3274958, 3340594, 3406120, 3471879, 3537541, 3603147, 3668619, 3734534, 3800358, 3866358, 3931774, 3997343, 4062946, 4128689, 4194364, 4259951, 4325406, 4390536, 4455764, 4521248, 4586768, 4652753, 4718070, 4783735, 4849413, 4915205, 4980322, 5045784, 5111208, 5176455, 5242141, 5307809, 5373476, 5439054, 5504527, 5570184, 5635920, 5701644, 5767166, 5832927, 5898736, 5964000, 6029970, 6095730, 6161678, 6226861, 6292283, 6357965, 6423128, 6488841, 6554387, 6620016, 6685839, 6751427, 6817014, 6882696, 6948310, 7013561, 7078968, 7144711, 7210147, 7275292, 7341217, 7406849, 7472755, 7538303, 7603747, 7669168, 7734585, 7800281, 7865912, 7931130, 7996283, 8061659, 8127183, 8192491, 8258233, 8324230, 8389952, 8455727, 8521236, 8587230, 8652918, 8718228, 8783672, 8849170, 8914506, 8979926, 9045133, 9110987, 9176583, 9242130, 9307670, 9373391, 9439195, 9504907, 9570156, 9635545, 9701114, 9766691, 9832291, 9897311, 9963017, 10028514, 10094359, 10159794, 10225097, 10290685, 10356113, 10421663, 10487746, 10553734, 10619057, 10684829, 10750160, 10815439, 10880831, 10946412, 11011842, 11077342, 11143259, 11208999, 11274829, 11340106, 11405902, 11471220, 11536553, 11601757, 11667637, 11732805, 11798314, 11863748, 11929168, 11994270, 12060170, 12126049, 12191676, 12257466, 12322597, 12388088, 12454165, 12519420, 12584725, 12649920, 12714992, 12780679, 12846119, 12911591, 12977185, 13042651, 13107986, 13173310, 13238732, 13304235, 13369759, 13435075, 13500642, 13566217, 13631991, 13697376, 13762825, 13828727, 13894074, 13959606, 14025189, 14090552, 14156630, 14222158, 14287502, 14353406, 14419031, 14484702, 14550279, 14615856, 14681831, 14747382, 14812702, 14877795, 14943192, 15008879, 15074079, 15139150, 15204933, 15270440, 15336220, 15402022, 15467651, 15533069, 15599066, 15664484, 15730196, 15796026, 15861060, 15926740, 15992212, 16057804, 16123501, 16189167, 16254334, 16319944, 16385014, 16450337, 16515672, 16581084, 16646651, 16711623, 16777215]
[65284, 131239, 196913, 261973, 327523, 393228, 458677, 524016, 589263, 654664, 720283, 785860, 851391, 916698, 982017, 1047099, 1112374, 1178126, 1243772, 1309568, 1375127, 1440655, 1506273, 1571630, 1636989, 1702584, 1767778, 1833060, 1898594, 1964225, 2029866, 2095570, 2160852, 2226582, 2291947, 2357481, 2422835, 2488072, 2553581, 2619272, 2684408, 2750207, 2815604, 2881007, 2946683, 3011729, 3076832, 3142525, 3208224, 3273933, 3339626, 3405326, 3471232, 3536315, 3602076, 3667666, 3732994, 3798372, 3863755, 3929086, 3994050, 4059372, 4125033, 4190174, 4255995, 4321691, 4387340, 4452617, 4518414, 4584055, 4649975, 4715621, 4781013, 4846538, 4911871, 4977336, 5043170, 5108886, 5174499, 5239803, 5305304, 5370625, 5436189, 5501710, 5567420, 5633184, 5698781, 5763999, 5829240, 5894717, 5960125, 6025358, 6090679, 6156254, 6221451, 6287681, 6353186, 6418856, 6484610, 6550719, 6616194, 6682195, 6747638, 6812956, 6878617, 6944223, 7010135, 7075295, 7140642, 7206241, 7271888, 7337245, 7403011, 7468069, 7533470, 7598983, 7664536, 7730354, 7796058, 7861835, 7927444, 7992901, 8058713, 8124044, 8189312, 8254937, 8320421, 8385782, 8451382, 8516726, 8583333, 8648844, 8714737, 8780505, 8845130, 8910511, 8976223, 9041736, 9107253, 9172464, 9237657, 9302752, 9368085, 9433497, 9499593, 9565100, 9630697, 9696116, 9761475, 9827022, 9892777, 9958361, 10023804, 10089259, 10154338, 10219667, 10285244, 10351211, 10416430, 10482041, 10547793, 10613188, 10678492, 10743811, 10809484, 10875312, 10940868, 11006691, 11072222, 11138029, 11203536, 11269118, 11334668, 11400088, 11465581, 11531273, 11596852, 11662284, 11728013, 11793909, 11859023, 11924587, 11989839, 12055611, 12120963, 12186518, 12251453, 12316706, 12382409, 12447623, 12513133, 12578675, 12643959, 12709246, 12775124, 12841085, 12907219, 12972421, 13037877, 13103757, 13169334, 13234478, 13299936, 13365730, 13431255, 13497034, 13563015, 13628611, 13694055, 13759800, 13826183, 13891831, 13957253, 14022770, 14088416, 14153957, 14219761, 14285317, 14350549, 14415871, 14481682, 14547084, 14612860, 14678715, 14744321, 14809991, 14875482, 14941203, 15006867, 15071948, 15137204, 15203129, 15268630, 15334347, 15400075, 15465315, 15530695, 15596486, 15661784, 15727369, 15793004, 15858798, 15924263, 15989917, 16055373, 16120982, 16186430, 16251986, 16317316, 16382777, 16448704, 16514494, 16580198, 16645891, 16711464, 16777215]
[65136, 130431, 196020, 261799, 327625, 393075, 458056, 523688, 588953, 654541, 719766, 785264, 850356, 915628, 980882, 1046590, 1111957, 1177413, 1243415, 1309135, 1374798, 1440537, 1506168, 1571495, 1636990, 1702391, 1767982, 1833474, 1899003, 1964648, 2029792, 2094799, 2159938, 2225694, 2290976, 2356567, 2422181, 2487761, 2553400, 2618998, 2684704, 2750292, 2815664, 2881196, 2946520, 3012112, 3077253, 3142516, 3208379, 3274068, 3339742, 3405444, 3470618, 3536214, 3601803, 3667372, 3733290, 3798784, 3864200, 3929906, 3995070, 4060413, 4125785, 4191057, 4256769, 4322206, 4387733, 4453642, 4519053, 4584582, 4650189, 4715886, 4781072, 4846955, 4912435, 4978310, 5043394, 5109149, 5174949, 5241066, 5306658, 5372071, 5437507, 5503013, 5568514, 5634383, 5700060, 5765569, 5830686, 5896165, 5961437, 6027168, 6092508, 6158197, 6223815, 6289323, 6355089, 6420584, 6486123, 6551858, 6617477, 6683201, 6749178, 6814689, 6880145, 6946002, 7011968, 7077932, 7143012, 7208419, 7274068, 7339882, 7405624, 7471111, 7536695, 7602254, 7668236, 7733414, 7798956, 7864564, 7930051, 7995974, 8061606, 8127052, 8192987, 8258183, 8323805, 8389464, 8454927, 8520404, 8585409, 8651037, 8716752, 8782428, 8847988, 8913734, 8979458, 9044507, 9109675, 9175553, 9240727, 9306578, 9372159, 9437706, 9503367, 9568669, 9634338, 9699956, 9765022, 9830439, 9895954, 9961773, 10027432, 10093023, 10158601, 10224071, 10289327, 10355115, 10420599, 10486232, 10551872, 10617158, 10682716, 10748170, 10813660, 10879053, 10944972, 11010856, 11075807, 11140984, 11206239, 11271106, 11336651, 11402222, 11467626, 11533171, 11599072, 11664676, 11730436, 11795696, 11861308, 11926598, 11992764, 12058266, 12123584, 12189594, 12255652, 12321196, 12386363, 12451566, 12516973, 12582459, 12647778, 12713310, 12778863, 12844072, 12909868, 12975355, 13040900, 13106410, 13171761, 13237373, 13303319, 13368927, 13434605, 13500050, 13565820, 13631950, 13697386, 13762894, 13828365, 13893712, 13959491, 14025071, 14090559, 14155697, 14221355, 14287081, 14352642, 14418157, 14483640, 14548580, 14614378, 14679819, 14745739, 14811391, 14876642, 14942399, 15007708, 15073461, 15138592, 15204419, 15270247, 15335782, 15401120, 15466460, 15531791, 15597122, 15662833, 15728347, 15794219, 15859997, 15925546, 15990740, 16056154, 16121765, 16187547, 16252901, 16318355, 16383860, 16449133, 16515030, 16580854, 16646310, 16711820, 16777215]
[65338, 131127, 196393, 262043, 327625, 393173, 458461, 524257, 589688, 655057, 720663, 786560, 852056, 917718, 982935, 1048285, 1114111, 1179288, 1244635, 1310273, 1375874, 1441522, 1506825, 1572907, 1638085, 1703523, 1768995, 1834578, 1900207, 1965957, 2031003, 2096437, 2162170, 2227465, 2292963, 2358666, 2424157, 2489800, 2554975, 2620494, 2686085, 2751365, 2816564, 2882135, 2948077, 3013682, 3079482, 3145312, 3210939, 3276058, 3341167, 3406616, 3472654, 3537961, 3603005, 3668487, 3733467, 3799449, 3865126, 3930636, 3996461, 4062065, 4127747, 4192901, 4258325, 4324249, 4389865, 4455318, 4520744, 4586265, 4651607, 4716926, 4782550, 4848121, 4913752, 4979706, 5045003, 5110823, 5175970, 5241807, 5307605, 5372918, 5438943, 5504768, 5570577, 5635847, 5700781, 5766309, 5831780, 5897125, 5962509, 6028027, 6093827, 6158846, 6224045, 6289690, 6355017, 6421042, 6486474, 6552195, 6617335, 6683056, 6748883, 6814540, 6880475, 6946150, 7011277, 7076889, 7142657, 7207592, 7273578, 7339595, 7405377, 7471040, 7536088, 7601652, 7667395, 7732789, 7798624, 7864374, 7929888, 7995259, 8060866, 8126452, 8192098, 8257567, 8323303, 8388986, 8454773, 8520837, 8586672, 8652483, 8717403, 8782776, 8848232, 8913422, 8978841, 9044315, 9109875, 9175682, 9241115, 9306735, 9372379, 9437926, 9503375, 9568893, 9634223, 9700330, 9765986, 9831856, 9897589, 9963224, 10028649, 10094312, 10159475, 10224683, 10290533, 10355948, 10421536, 10487148, 10552847, 10618493, 10683863, 10749581, 10815035, 10880400, 10945713, 11011352, 11077354, 11142646, 11208338, 11274114, 11339601, 11404827, 11470300, 11535433, 11600756, 11666482, 11732406, 11797786, 11863158, 11928240, 11994048, 12059645, 12125050, 12190135, 12255298, 12320725, 12386137, 12451707, 12517517, 12583301, 12649058, 12714792, 12780036, 12845438, 12911148, 12976190, 13042123, 13107281, 13172725, 13238501, 13304080, 13369798, 13435605, 13500851, 13565834, 13631536, 13697009, 13762367, 13827687, 13892950, 13958643, 14024333, 14089579, 14155072, 14220710, 14286404, 14352166, 14418058, 14483877, 14549255, 14615070, 14680818, 14746139, 14811354, 14877324, 14942827, 15008699, 15074329, 15140113, 15205790, 15271258, 15336734, 15402334, 15467638, 15532979, 15598189, 15663899, 15729296, 15794852, 15860503, 15926278, 15991780, 16057249, 16122389, 16188111, 16253122, 16318693, 16384263, 16449838, 16515560, 16581189, 16646442, 16711820, 16777215]
[65559, 131272, 196757, 262349, 327699, 392902, 458698, 524160, 589654, 655302, 720879, 786299, 852044, 917140, 982440, 1048080, 1113441, 1179228, 1245005, 1310442, 1375842, 1441714, 1507799, 1573271, 1638687, 1704385, 1769734, 1835173, 1900310, 1966015, 2031460, 2096865, 2162549, 2227817, 2293504, 2358716, 2423934, 2489420, 2554989, 2620214, 2685656, 2751334, 2817156, 2882960, 2948535, 3013823, 3080001, 3145875, 3211661, 3276841, 3342336, 3407797, 3473741, 3539562, 3604884, 3670343, 3735604, 3801217, 3866904, 3932036, 3997294, 4062724, 4128671, 4194373, 4259894, 4325243, 4390433, 4456065, 4521288, 4586248, 4651491, 4717024, 4782641, 4848089, 4913417, 4978953, 5044086, 5109577, 5175053, 5240725, 5306009, 5371764, 5437520, 5502978, 5568015, 5633507, 5699112, 5765184, 5830375, 5895617, 5960797, 6026431, 6091741, 6157098, 6222941, 6288564, 6354270, 6420055, 6485638, 6551229, 6616318, 6681810, 6747312, 6813134, 6878815, 6944475, 7010081, 7075358, 7140545, 7206001, 7271702, 7337282, 7403092, 7468530, 7534159, 7599772, 7665684, 7731236, 7796663, 7862223, 7927343, 7992894, 8058210, 8123712, 8189437, 8254976, 8320285, 8385907, 8451452, 8516716, 8582131, 8648251, 8713789, 8779239, 8844635, 8910268, 8975727, 9041359, 9107045, 9172536, 9237928, 9303424, 9368949, 9434439, 9500541, 9565855, 9631328, 9696475, 9761947, 9827457, 9892720, 9958369, 10023912, 10089327, 10155166, 10220217, 10285764, 10351369, 10416845, 10482027, 10547567, 10612956, 10678108, 10743242, 10808893, 10874238, 10940035, 11005910, 11071361, 11136563, 11201806, 11267655, 11333498, 11399055, 11464876, 11530694, 11595868, 11661537, 11726999, 11792565, 11857908, 11923947, 11989555, 12055189, 12120348, 12186051, 12251236, 12316634, 12382598, 12448316, 12514229, 12579523, 12645461, 12711242, 12776908, 12842557, 12908367, 12973955, 13039265, 13105064, 13170810, 13236768, 13302397, 13367684, 13433398, 13498779, 13564598, 13630129, 13695618, 13761207, 13826755, 13892435, 13958090, 14023673, 14089808, 14155247, 14220810, 14286064, 14351534, 14417240, 14482805, 14548640, 14614338, 14679707, 14745040, 14810570, 14876296, 14941876, 15007669, 15073287, 15138876, 15204170, 15269795, 15335516, 15400701, 15466176, 15531196, 15596687, 15662139, 15727678, 15793508, 15859395, 15924739, 15990724, 16056667, 16122183, 16188054, 16253988, 16319386, 16384557, 16450314, 16515420, 16580969, 16646269, 16711910, 16777215]
[65253, 130899, 196211, 261764, 327656, 393023, 458853, 524241, 589600, 654821, 720025, 786067, 851765, 917412, 982589, 1048308, 1113534, 1178811, 1244624, 1310072, 1375547, 1440927, 1506037, 1571342, 1637186, 1703245, 1768323, 1833961, 1899433, 1964991, 2030258, 2095917, 2161594, 2226872, 2292566, 2357850, 2423438, 2489100, 2554669, 2620523, 2686119, 2751984, 2817905, 2883130, 2949003, 3014683, 3079912, 3145261, 3210863, 3276532, 3342187, 3407986, 3473177, 3538771, 3604263, 3670163, 3735672, 3801350, 3866808, 3932395, 3997759, 4063384, 4128885, 4194099, 4259859, 4325458, 4390922, 4456635, 4522120, 4587583, 4652857, 4718654, 4784192, 4849886, 4915518, 4981172, 5046720, 5111756, 5177445, 5243092, 5308057, 5373808, 5439134, 5504835, 5570734, 5636059, 5701261, 5767128, 5832786, 5898686, 5963652, 6029237, 6094742, 6160340, 6225683, 6290581, 6355814, 6421247, 6486835, 6552499, 6618243, 6683739, 6749285, 6814583, 6879995, 6945459, 7010891, 7076537, 7142157, 7207256, 7272579, 7337827, 7403486, 7469098, 7534384, 7599914, 7665684, 7731412, 7797332, 7863155, 7928855, 7994272, 8060468, 8125862, 8191695, 8257521, 8322974, 8387697, 8453774, 8519603, 8585019, 8650139, 8715946, 8781741, 8847281, 8912748, 8977767, 9042788, 9107926, 9173572, 9238842, 9304384, 9370223, 9436020, 9501515, 9567219, 9632446, 9697974, 9764002, 9829478, 9895279, 9960631, 10026579, 10091761, 10156936, 10222569, 10288255, 10353942, 10419603, 10484556, 10550138, 10615621, 10681127, 10747225, 10812715, 10878157, 10943700, 11009343, 11074815, 11140214, 11205768, 11271422, 11337203, 11403113, 11468511, 11533686, 11599435, 11665186, 11730688, 11796054, 11861488, 11926663, 11992273, 12057898, 12123770, 12189551, 12255171, 12320938, 12386520, 12452007, 12517738, 12583191, 12648861, 12714793, 12780649, 12845921, 12911304, 12976178, 13042107, 13107593, 13173327, 13238401, 13303705, 13369334, 13434713, 13500286, 13565981, 13631318, 13697035, 13762530, 13828167, 13893732, 13959259, 14025078, 14090606, 14156072, 14221565, 14286689, 14352502, 14417814, 14483440, 14548976, 14614372, 14679938, 14745661, 14810666, 14876107, 14941455, 15006926, 15072539, 15138299, 15203914, 15269816, 15335236, 15400815, 15466633, 15532169, 15597704, 15663385, 15728873, 15793867, 15859593, 15925404, 15990668, 16056323, 16121763, 16186787, 16252493, 16318188, 16383621, 16448892, 16514733, 16580314, 16645884, 16711325, 16777215]
[65250, 131163, 196627, 262251, 327518, 392853, 458348, 523660, 588987, 654417, 719812, 785516, 850930, 916412, 982056, 1047881, 1113822, 1179331, 1244955, 1310739, 1376215, 1441795, 1507405, 1572677, 1637995, 1703412, 1768628, 1834623, 1899694, 1965354, 2030290, 2096214, 2161880, 2227384, 2292312, 2357764, 2423045, 2488582, 2554336, 2620047, 2685651, 2751340, 2817526, 2883257, 2948922, 3014290, 3080043, 3145416, 3210561, 3275984, 3341696, 3406755, 3472228, 3537752, 3603539, 3669000, 3735211, 3800638, 3865875, 3931849, 3997534, 4062866, 4128603, 4193714, 4259124, 4324375, 4390049, 4455493, 4521449, 4587064, 4652469, 4718136, 4783144, 4848498, 4913876, 4979439, 5044918, 5110199, 5175773, 5241751, 5306922, 5372354, 5437848, 5503309, 5568653, 5634028, 5699572, 5765324, 5830555, 5896075, 5961184, 6026696, 6092532, 6157927, 6223607, 6289210, 6354798, 6420791, 6486400, 6552259, 6617782, 6682852, 6748413, 6814305, 6879345, 6945227, 7010618, 7075979, 7141506, 7207339, 7272972, 7338378, 7404118, 7469681, 7535155, 7600692, 7666436, 7731500, 7796899, 7862196, 7927096, 7993136, 8058467, 8123921, 8189141, 8255029, 8320753, 8386448, 8452013, 8517497, 8582934, 8648557, 8714553, 8780921, 8846347, 8912142, 8977907, 9043356, 9108419, 9174253, 9239724, 9305212, 9370855, 9436159, 9502158, 9567708, 9633530, 9698802, 9764325, 9830056, 9895209, 9960882, 10026566, 10092229, 10157748, 10223392, 10288748, 10354417, 10419608, 10485357, 10550462, 10615777, 10681186, 10746825, 10812779, 10878348, 10943594, 11009417, 11075056, 11140973, 11206506, 11272258, 11337541, 11403437, 11469450, 11534908, 11600760, 11666219, 11731760, 11797434, 11862754, 11928293, 11994524, 12060034, 12125481, 12191068, 12256687, 12322174, 12387919, 12453766, 12519540, 12584965, 12650424, 12715920, 12781492, 12847061, 12912687, 12978055, 13043696, 13109343, 13174952, 13240207, 13305868, 13371307, 13436704, 13502085, 13567329, 13632880, 13698515, 13764036, 13829504, 13895047, 13960636, 14026668, 14092223, 14157869, 14223301, 14289576, 14354914, 14420015, 14485596, 14551163, 14616433, 14681733, 14746973, 14812434, 14877874, 14943565, 15009261, 15074317, 15140083, 15205174, 15271138, 15336453, 15402069, 15467498, 15533122, 15598622, 15664420, 15730051, 15795619, 15861427, 15926802, 15991941, 16057310, 16122859, 16187950, 16253168, 16318859, 16384149, 16449864, 16515315, 16580632, 16646138, 16711793, 16777215]
[65677, 131622, 197268, 262757, 328272, 393658, 458726, 524350, 590449, 656166, 721427, 787313, 852684, 918571, 984208, 1050031, 1115734, 1181453, 1246491, 1312338, 1377893, 1443619, 1509124, 1574413, 1639622, 1704852, 1770361, 1835665, 1901284, 1966471, 2032218, 2097213, 2162478, 2228160, 2293308, 2358780, 2424256, 2489855, 2554991, 2620427, 2685531, 2750780, 2816640, 2882414, 2947938, 3013724, 3079333, 3144977, 3210527, 3276042, 3341886, 3407402, 3472461, 3538354, 3603935, 3669727, 3735316, 3800732, 3866552, 3931853, 3997602, 4063083, 4128278, 4193933, 4259320, 4325107, 4390568, 4455731, 4521200, 4586335, 4652144, 4717753, 4783260, 4848613, 4914148, 4979941, 5045709, 5111767, 5176963, 5242454, 5308435, 5373305, 5439307, 5504737, 5570347, 5635693, 5701394, 5767124, 5832567, 5898289, 5964055, 6029408, 6094955, 6160377, 6225445, 6290967, 6356487, 6422245, 6487873, 6553216, 6618814, 6683919, 6749492, 6814723, 6880001, 6945975, 7011367, 7076948, 7142590, 7208030, 7273451, 7339124, 7404541, 7470225, 7536165, 7601897, 7667578, 7733123, 7798498, 7864162, 7930009, 7995498, 8061186, 8126507, 8192313, 8258012, 8323490, 8389123, 8454634, 8520664, 8586249, 8651734, 8717056, 8782669, 8848473, 8913956, 8979389, 9044830, 9110147, 9175590, 9241204, 9307136, 9372322, 9437784, 9503359, 9569196, 9634568, 9700454, 9765907, 9831256, 9896631, 9961973, 10027787, 10092933, 10158534, 10224428, 10290205, 10355889, 10421416, 10487304, 10553035, 10618465, 10684005, 10749192, 10814621, 10880148, 10945940, 11010988, 11076256, 11141194, 11206543, 11272139, 11337356, 11402823, 11468387, 11533915, 11599531, 11665252, 11731144, 11797018, 11862667, 11928482, 11993880, 12059252, 12124882, 12190380, 12256412, 12322286, 12387893, 12453466, 12518462, 12584463, 12650202, 12716169, 12781582, 12847010, 12912574, 12977800, 13042845, 13108565, 13174746, 13240458, 13305639, 13371018, 13436243, 13501711, 13567249, 13632904, 13698329, 13764016, 13829565, 13894847, 13960049, 14025557, 14091558, 14157285, 14222887, 14288025, 14353335, 14419136, 14484646, 14550084, 14615316, 14681084, 14746390, 14812107, 14877552, 14943030, 15008629, 15074332, 15140131, 15206113, 15271867, 15337511, 15402750, 15468391, 15534227, 15600286, 15665513, 15731105, 15796381, 15861586, 15927129, 15992045, 16058282, 16123827, 16188770, 16253759, 16319444, 16384753, 16450432, 16515895, 16581082, 16646474, 16711992, 16777215]
[65294, 130628, 196199, 261768, 327522, 393045, 458755, 524239, 590236, 655756, 721039, 786378, 852254, 917384, 983263, 1048762, 1113886, 1179471, 1245216, 1310977, 1376328, 1441871, 1507290, 1573037, 1638239, 1703784, 1769215, 1835262, 1901125, 1966433, 2031755, 2097228, 2162920, 2228057, 2293646, 2359099, 2424918, 2490335, 2555990, 2621681, 2687060, 2752678, 2818509, 2884099, 2949141, 3014736, 3080128, 3145319, 3210773, 3276316, 3341710, 3407282, 3472813, 3538737, 3604048, 3669357, 3734959, 3800487, 3865618, 3930848, 3996131, 4061706, 4127280, 4192889, 4258527, 4324183, 4390181, 4455220, 4520824, 4586363, 4652243, 4717616, 4783403, 4848850, 4914419, 4979827, 5045277, 5110763, 5176193, 5241883, 5307360, 5372933, 5437815, 5503153, 5568470, 5634154, 5699687, 5765428, 5831121, 5896985, 5963100, 6028695, 6094479, 6160591, 6226411, 6292155, 6357777, 6423789, 6488593, 6553568, 6619190, 6684425, 6750133, 6815631, 6881371, 6946815, 7012500, 7077938, 7143277, 7208939, 7274335, 7340291, 7406110, 7471650, 7537103, 7602444, 7667712, 7733189, 7798257, 7863874, 7929503, 7994749, 8059867, 8125313, 8190929, 8256592, 8321845, 8387555, 8453061, 8518802, 8584021, 8649510, 8714609, 8780628, 8845753, 8911266, 8976793, 9042382, 9107911, 9173309, 9239217, 9304773, 9370366, 9436334, 9502043, 9567795, 9633684, 9699635, 9764886, 9830444, 9895950, 9961747, 10027084, 10092710, 10158271, 10223782, 10289491, 10354949, 10420846, 10486632, 10551983, 10617384, 10682965, 10748379, 10813242, 10878694, 10944308, 11009892, 11075888, 11141342, 11206890, 11272308, 11337808, 11403494, 11468710, 11534111, 11599643, 11665425, 11730882, 11796436, 11861931, 11927121, 11992465, 12057888, 12123004, 12188474, 12254746, 12320208, 12385461, 12451202, 12516620, 12582144, 12647520, 12712963, 12778769, 12844192, 12910015, 12975447, 13040393, 13105928, 13171677, 13237277, 13302674, 13367988, 13433750, 13498919, 13564039, 13629435, 13695377, 13761172, 13826702, 13892272, 13957982, 14023402, 14088627, 14154245, 14219651, 14285168, 14351018, 14416559, 14482390, 14547605, 14613431, 14679258, 14745065, 14810815, 14877109, 14942509, 15008089, 15073944, 15139381, 15205002, 15270672, 15336271, 15401833, 15467380, 15532904, 15598423, 15663301, 15728804, 15794880, 15860184, 15925607, 15991316, 16056474, 16121711, 16187293, 16252490, 16318459, 16383684, 16449377, 16515122, 16580701, 16646392, 16711663, 16777215]
[65494, 130573, 195867, 261462, 327069, 392614, 458146, 523504, 589153, 654417, 719517, 785051, 850364, 916210, 980895, 1046763, 1112101, 1177507, 1242899, 1308235, 1373754, 1439030, 1504611, 1570128, 1635783, 1701621, 1766860, 1832567, 1897973, 1963896, 2029355, 2094954, 2160558, 2225532, 2291059, 2357053, 2422324, 2488159, 2553643, 2619140, 2684966, 2750801, 2816070, 2881670, 2947313, 3012654, 3078459, 3143772, 3209200, 3275126, 3340594, 3405909, 3471538, 3536624, 3602098, 3667412, 3732845, 3798524, 3864100, 3929239, 3995246, 4060703, 4126371, 4191952, 4257791, 4323554, 4388499, 4454400, 4520022, 4585555, 4650806, 4716488, 4781893, 4847569, 4913496, 4978988, 5044834, 5109988, 5175151, 5240558, 5306083, 5371620, 5437049, 5503016, 5568734, 5634168, 5699994, 5765893, 5831204, 5896567, 5962118, 6027604, 6092711, 6158432, 6223975, 6289436, 6354898, 6420441, 6486127, 6551139, 6616908, 6682217, 6747857, 6813577, 6879241, 6945095, 7010536, 7076018, 7141653, 7207388, 7272594, 7338481, 7404107, 7469606, 7535199, 7601213, 7666936, 7732734, 7798213, 7863860, 7929942, 7994574, 8059875, 8125014, 8190454, 8256681, 8321945, 8387375, 8453356, 8519248, 8585114, 8650697, 8716340, 8782095, 8847411, 8912968, 8978576, 9043870, 9109228, 9174991, 9240360, 9305942, 9371450, 9436604, 9502320, 9568008, 9633600, 9699208, 9764923, 9830593, 9896249, 9962184, 10027679, 10093331, 10158756, 10223975, 10289287, 10354725, 10419984, 10485525, 10550943, 10616715, 10681791, 10747449, 10813108, 10878641, 10943857, 11008778, 11074443, 11139664, 11205179, 11270889, 11336103, 11401759, 11467286, 11532382, 11598003, 11663345, 11728660, 11794403, 11860564, 11926371, 11992337, 12058098, 12123144, 12188813, 12254526, 12319825, 12385838, 12451377, 12517730, 12583133, 12648373, 12713760, 12779242, 12844906, 12910114, 12975750, 13041515, 13107227, 13172379, 13237663, 13303302, 13368554, 13433788, 13500073, 13565806, 13631207, 13696879, 13762711, 13827857, 13893725, 13959372, 14025185, 14090395, 14156160, 14221543, 14286863, 14352610, 14417752, 14483306, 14548761, 14614153, 14679685, 14745431, 14810372, 14876281, 14941580, 15007361, 15073122, 15139191, 15204592, 15270474, 15335559, 15400497, 15466084, 15531340, 15596830, 15662293, 15727936, 15793684, 15859040, 15924861, 15990624, 16056115, 16121429, 16187332, 16252988, 16318507, 16383963, 16449399, 16514740, 16580267, 16646118, 16711675, 16777215]
[65327, 130748, 196087, 261230, 326789, 392222, 458051, 523627, 589163, 655078, 720630, 786367, 852037, 917058, 982540, 1047665, 1113007, 1178858, 1244275, 1309667, 1374846, 1440145, 1505414, 1570975, 1636635, 1702343, 1767635, 1833254, 1898754, 1964055, 2029352, 2094956, 2160835, 2226783, 2292520, 2358711, 2424275, 2490263, 2555893, 2621131, 2686280, 2751827, 2817399, 2882909, 2948400, 3014421, 3080410, 3145268, 3211119, 3276889, 3342025, 3407546, 3472714, 3537599, 3602941, 3668314, 3734080, 3799637, 3864571, 3930290, 3996399, 4062113, 4128162, 4194151, 4259905, 4325410, 4390694, 4456257, 4521598, 4587270, 4652860, 4718571, 4784113, 4849768, 4915397, 4981079, 5047039, 5112265, 5177642, 5243104, 5308145, 5373464, 5438500, 5503917, 5568988, 5634544, 5700015, 5765528, 5830325, 5895728, 5961754, 6027153, 6092720, 6157718, 6223110, 6288553, 6354168, 6420033, 6485161, 6550285, 6615701, 6681005, 6746485, 6811999, 6877437, 6943302, 7008685, 7074607, 7140059, 7205604, 7271288, 7337446, 7402987, 7468685, 7534550, 7600385, 7665750, 7731297, 7796582, 7861927, 7927506, 7993220, 8058748, 8124197, 8189317, 8255433, 8320711, 8386277, 8451956, 8517648, 8583063, 8648898, 8714696, 8780668, 8846173, 8911710, 8977763, 9043533, 9109452, 9174651, 9240107, 9305626, 9370810, 9436231, 9502046, 9567643, 9633171, 9698797, 9763704, 9829193, 9894447, 9960392, 10025901, 10091503, 10156950, 10222980, 10288712, 10354366, 10419887, 10485434, 10550194, 10615721, 10681589, 10747254, 10812256, 10877934, 10943422, 11009296, 11075139, 11140920, 11206716, 11272515, 11338072, 11403695, 11469308, 11535025, 11600347, 11665931, 11731058, 11796676, 11861876, 11926841, 11992824, 12058171, 12123781, 12189091, 12254657, 12320138, 12386037, 12451344, 12517097, 12582044, 12647344, 12713214, 12778748, 12844321, 12910305, 12975921, 13041173, 13106419, 13171782, 13236996, 13302404, 13368138, 13433416, 13499064, 13565042, 13630422, 13695847, 13761329, 13826663, 13892343, 13958156, 14024100, 14089560, 14154918, 14220113, 14285451, 14350687, 14415793, 14481539, 14547218, 14612540, 14678147, 14744119, 14810324, 14875753, 14941119, 15006752, 15072257, 15137716, 15203060, 15268495, 15334293, 15399971, 15466339, 15531662, 15597368, 15663210, 15728375, 15793875, 15859532, 15925088, 15991176, 16056440, 16121845, 16187941, 16253421, 16318501, 16384306, 16449724, 16515301, 16580482, 16646141, 16711823, 16777215]
[65345, 130849, 195673, 261688, 327285, 392232, 457834, 523530, 589057, 654893, 720498, 786070, 851522, 917184, 982618, 1047954, 1113546, 1179196, 1244837, 1310222, 1375642, 1441480, 1506937, 1572487, 1637977, 1703596, 1769150, 1835074, 1900544, 1966279, 2031596, 2097158, 2162849, 2228707, 2294279, 2359959, 2425795, 2491346, 2556814, 2621979, 2687878, 2753509, 2818906, 2884750, 2950359, 3015922, 3081874, 3147231, 3212594, 3277862, 3343310, 3408835, 3474576, 3540115, 3605583, 3671123, 3736392, 3802256, 3867529, 3932944, 3998710, 4064133, 4130001, 4195460, 4260655, 4325764, 4391589, 4457436, 4523304, 4589272, 4654994, 4720799, 4786426, 4851588, 4917186, 4982332, 5047648, 5113165, 5178903, 5244390, 5309890, 5375486, 5441294, 5506944, 5572759, 5638377, 5704263, 5769816, 5835094, 5900984, 5966097, 6031617, 6097361, 6163202, 6228881, 6294875, 6359877, 6425592, 6490976, 6556876, 6622692, 6688113, 6753500, 6819208, 6884924, 6950485, 7015574, 7081288, 7146963, 7212686, 7277907, 7343569, 7409675, 7475226, 7540586, 7606299, 7671839, 7737573, 7803069, 7868350, 7933361, 7998410, 8063572, 8129515, 8195341, 8260844, 8326311, 8391680, 8457402, 8522835, 8588594, 8654160, 8719634, 8785037, 8850423, 8915932, 8981650, 9046888, 9112602, 9178619, 9243837, 9309428, 9375132, 9440975, 9506856, 9572302, 9637746, 9703511, 9769079, 9834252, 9899743, 9965263, 10030720, 10095925, 10161762, 10227086, 10292714, 10358116, 10423526, 10489087, 10554267, 10619837, 10685165, 10750321, 10815329, 10881035, 10946896, 11011974, 11077484, 11142941, 11208609, 11274493, 11339794, 11405136, 11470414, 11535907, 11601575, 11667264, 11732604, 11798294, 11863843, 11929395, 11994893, 12060514, 12125677, 12190891, 12256837, 12322145, 12386914, 12452483, 12517769, 12583314, 12648513, 12714254, 12779605, 12844864, 12910535, 12975904, 13041515, 13106775, 13172234, 13238040, 13303405, 13368583, 13434327, 13499602, 13564973, 13630588, 13695608, 13760968, 13826777, 13892691, 13958285, 14023675, 14089339, 14154972, 14220291, 14285620, 14351186, 14417124, 14482924, 14548581, 14614285, 14679681, 14745415, 14811143, 14876535, 14942573, 15008590, 15073613, 15139080, 15205029, 15270478, 15336373, 15402309, 15467893, 15533242, 15598522, 15664193, 15729845, 15795370, 15860466, 15925878, 15991464, 16056981, 16122295, 16187373, 16252671, 16318762, 16384112, 16449612, 16515443, 16580806, 16646316, 16711701, 16777215]
[65594, 130965, 196500, 262214, 327883, 393138, 458535, 524015, 589819, 655315, 720958, 786420, 851934, 917572, 983149, 1048876, 1114269, 1179803, 1245729, 1311472, 1377216, 1442664, 1508127, 1573226, 1638946, 1704962, 1770499, 1835968, 1902439, 1968456, 2033948, 2099542, 2164856, 2230570, 2296307, 2362037, 2427374, 2492835, 2558431, 2624218, 2689503, 2755044, 2820953, 2886517, 2952102, 3017552, 3082876, 3148030, 3213750, 3279337, 3344896, 3410488, 3476384, 3542126, 3607711, 3673262, 3738898, 3804592, 3869724, 3935191, 4000327, 4065745, 4131193, 4196359, 4261829, 4327707, 4393007, 4458555, 4524216, 4589820, 4655448, 4721105, 4786776, 4852077, 4917145, 4982686, 5048887, 5114442, 5179684, 5245836, 5311419, 5376966, 5442653, 5508052, 5573482, 5639033, 5704445, 5769622, 5834681, 5899732, 5965205, 6030714, 6096146, 6161801, 6227622, 6293500, 6358807, 6424744, 6489574, 6555625, 6621552, 6687223, 6752792, 6818299, 6883494, 6949165, 7014798, 7079967, 7145133, 7210600, 7276021, 7341527, 7406546, 7471927, 7537575, 7602968, 7668365, 7734318, 7799872, 7865188, 7930937, 7996704, 8062260, 8127994, 8193284, 8258534, 8324198, 8389555, 8454793, 8520192, 8586111, 8651560, 8716758, 8781787, 8847719, 8913163, 8978500, 9043979, 9109766, 9175375, 9240903, 9306473, 9372077, 9438094, 9503943, 9569565, 9635412, 9701152, 9766238, 9832074, 9897635, 9963187, 10029100, 10094829, 10160255, 10225309, 10291052, 10356852, 10422342, 10488056, 10553057, 10618509, 10684238, 10749608, 10814998, 10880240, 10945471, 11010470, 11076408, 11141986, 11207647, 11273398, 11338927, 11404535, 11470141, 11536369, 11602249, 11667768, 11733226, 11798497, 11864198, 11930028, 11995773, 12061301, 12126826, 12192294, 12257972, 12323695, 12389228, 12454113, 12519384, 12584505, 12650078, 12715671, 12781331, 12846927, 12912469, 12977469, 13043178, 13108701, 13174035, 13239336, 13304927, 13369941, 13435214, 13500582, 13566150, 13631687, 13697696, 13763167, 13828616, 13894214, 13959762, 14025414, 14091082, 14156529, 14222782, 14288166, 14353057, 14418483, 14483696, 14549186, 14614644, 14680387, 14745931, 14811241, 14876725, 14941924, 15007441, 15072998, 15138847, 15204637, 15270369, 15335956, 15401366, 15467215, 15532884, 15598176, 15663891, 15729056, 15795012, 15860713, 15926199, 15991669, 16056747, 16122269, 16188044, 16253450, 16318630, 16384532, 16449698, 16515567, 16580828, 16645910, 16711361, 16777215]
[65965, 131714, 197541, 262952, 328741, 394017, 459791, 525909, 591760, 657783, 723667, 789301, 854794, 920352, 985861, 1051273, 1116415, 1181537, 1247090, 1312509, 1378019, 1444041, 1509494, 1574944, 1640765, 1706108, 1772154, 1837736, 1903640, 1969073, 2034482, 2099906, 2165347, 2230676, 2296181, 2361552, 2426860, 2492362, 2558059, 2623462, 2688813, 2754165, 2819628, 2885305, 2950788, 3016509, 3081903, 3147417, 3213285, 3278510, 3344282, 3409759, 3475150, 3540791, 3606487, 3672083, 3737634, 3803197, 3868497, 3933829, 3999373, 4065063, 4130744, 4196849, 4262561, 4328226, 4394250, 4459965, 4525451, 4590686, 4656108, 4721129, 4786513, 4852018, 4917515, 4983122, 5048407, 5113989, 5179699, 5245074, 5310842, 5376431, 5441356, 5506802, 5572638, 5638436, 5704045, 5769998, 5835315, 5900761, 5966132, 6031843, 6097249, 6162545, 6228020, 6293504, 6358838, 6424211, 6489627, 6555534, 6621277, 6686817, 6752500, 6817779, 6883106, 6948857, 7014621, 7080055, 7145672, 7210830, 7276611, 7341954, 7407294, 7472743, 7538571, 7604326, 7669907, 7735669, 7801527, 7866902, 7932112, 7997439, 8063304, 8128773, 8194254, 8259857, 8325030, 8390810, 8456466, 8522630, 8588168, 8653734, 8719576, 8785003, 8850365, 8916534, 8982117, 9047768, 9113126, 9178533, 9244090, 9309656, 9375229, 9441262, 9506473, 9571909, 9637965, 9703317, 9768823, 9834331, 9900176, 9966061, 10031490, 10097156, 10162283, 10227949, 10293219, 10358521, 10423890, 10489450, 10554869, 10620188, 10685927, 10751650, 10817534, 10883226, 10948418, 11014302, 11079760, 11145626, 11210790, 11275960, 11341717, 11407122, 11472324, 11537650, 11602988, 11668672, 11734256, 11799754, 11864927, 11930224, 11995737, 12061393, 12126957, 12192630, 12257699, 12323119, 12388808, 12454163, 12519564, 12584743, 12649921, 12715130, 12780580, 12845767, 12911348, 12977043, 13042615, 13108728, 13174598, 13239568, 13304933, 13370477, 13436200, 13501688, 13567358, 13632653, 13698525, 13764173, 13829701, 13895700, 13961422, 14026779, 14092094, 14157523, 14223453, 14288723, 14354135, 14419616, 14484810, 14550419, 14616133, 14681899, 14747226, 14812590, 14877997, 14943353, 15008686, 15074225, 15139807, 15205328, 15270949, 15336428, 15401780, 15467214, 15532818, 15598015, 15663454, 15728664, 15794483, 15859801, 15925552, 15990969, 16056612, 16122208, 16187601, 16253014, 16318617, 16383954, 16449419, 16515147, 16580779, 16645810, 16711539, 16777215]
[65336, 130774, 196795, 262104, 327968, 393998, 459672, 525180, 591101, 656370, 722296, 787656, 853446, 918369, 984284, 1050079, 1115314, 1181128, 1246557, 1311955, 1377554, 1443335, 1508950, 1575029, 1640514, 1706048, 1771867, 1837497, 1903162, 1968807, 2034331, 2099393, 2164916, 2230130, 2295685, 2361381, 2426718, 2492222, 2557668, 2623208, 2688549, 2753983, 2819336, 2884780, 2950386, 3015389, 3080802, 3146418, 3211969, 3278029, 3343487, 3408885, 3474168, 3538927, 3604849, 3670121, 3735682, 3801249, 3866636, 3932012, 3997950, 4063113, 4128798, 4194003, 4259440, 4325070, 4390752, 4456258, 4522180, 4587475, 4653306, 4719177, 4784664, 4850249, 4915898, 4981717, 5047355, 5112630, 5178018, 5243743, 5309490, 5375080, 5440540, 5506002, 5571530, 5636898, 5702532, 5768250, 5834080, 5899167, 5964758, 6029838, 6095436, 6161434, 6226922, 6292377, 6358009, 6423680, 6488815, 6554375, 6620422, 6685731, 6751489, 6816509, 6882472, 6948082, 7013329, 7078722, 7144260, 7209416, 7275166, 7340628, 7405975, 7471410, 7537308, 7602475, 7667733, 7733101, 7798488, 7863339, 7928324, 7993698, 8058927, 8124349, 8190155, 8255795, 8321412, 8386748, 8452109, 8518012, 8583521, 8649331, 8715077, 8780635, 8846137, 8911792, 8977384, 9042706, 9108460, 9173985, 9239448, 9304955, 9370579, 9436216, 9501474, 9567152, 9633136, 9698849, 9764889, 9830288, 9895777, 9961542, 10026785, 10092398, 10158226, 10223684, 10289671, 10355401, 10420776, 10486332, 10551377, 10617230, 10682469, 10748143, 10813810, 10879618, 10945207, 11010253, 11076083, 11141293, 11206841, 11272380, 11337978, 11403561, 11469347, 11534879, 11600532, 11665984, 11731851, 11797028, 11862604, 11928413, 11993728, 12058832, 12124433, 12189976, 12255492, 12320979, 12386869, 12452103, 12517671, 12583255, 12648997, 12714631, 12780664, 12846053, 12911315, 12976699, 13042129, 13107691, 13173098, 13238743, 13304144, 13369788, 13435161, 13500422, 13566192, 13632104, 13697282, 13762512, 13827787, 13893264, 13958850, 14024408, 14090438, 14156144, 14221686, 14287188, 14352894, 14418106, 14483815, 14549517, 14615142, 14681043, 14746709, 14811835, 14877527, 14943158, 15008636, 15073962, 15140249, 15205679, 15271292, 15336930, 15402809, 15468568, 15534598, 15600245, 15665544, 15730836, 15796268, 15861910, 15927270, 15992508, 16057956, 16122906, 16188260, 16253650, 16319352, 16385295, 16450822, 16516035, 16581357, 16646613, 16711718, 16777215]
[65514, 131061, 196494, 262069, 328124, 393296, 458742, 524544, 590134, 655422, 721045, 786352, 852135, 917994, 983044, 1048900, 1115062, 1180786, 1246584, 1311560, 1376889, 1442470, 1507703, 1573165, 1638779, 1704697, 1770444, 1836265, 1901692, 1967033, 2033013, 2098454, 2163832, 2229563, 2294556, 2360058, 2425731, 2491248, 2556843, 2622677, 2688438, 2754140, 2819624, 2885237, 2950928, 3016102, 3081525, 3147089, 3212460, 3278190, 3343455, 3408684, 3473760, 3539636, 3604971, 3670158, 3735863, 3801502, 3867152, 3932362, 3997127, 4062636, 4127620, 4192925, 4258085, 4323221, 4388758, 4454347, 4519468, 4585293, 4650753, 4716492, 4782106, 4847484, 4913247, 4978851, 5044445, 5109528, 5175191, 5240839, 5306083, 5371516, 5437239, 5503008, 5568155, 5633695, 5699239, 5764624, 5830229, 5895308, 5960790, 6026094, 6091777, 6157337, 6222987, 6288177, 6353734, 6419302, 6485429, 6551023, 6616988, 6682379, 6748059, 6813461, 6879323, 6944873, 7010445, 7075962, 7141225, 7206750, 7272352, 7337743, 7402961, 7468344, 7533642, 7598966, 7664790, 7730348, 7795900, 7861168, 7926447, 7992262, 8057980, 8123220, 8188796, 8254518, 8319871, 8385206, 8451047, 8516759, 8582362, 8647942, 8713649, 8778500, 8843763, 8908845, 8974409, 9039497, 9104960, 9170551, 9236239, 9301645, 9367158, 9432763, 9498157, 9563276, 9628641, 9694377, 9759968, 9825534, 9890945, 9956709, 10022867, 10088269, 10153962, 10219817, 10285586, 10351013, 10416529, 10482320, 10548366, 10613810, 10679547, 10745082, 10810962, 10876650, 10942044, 11007465, 11073115, 11138770, 11204639, 11269932, 11335084, 11400023, 11465466, 11531220, 11596677, 11662427, 11727581, 11793346, 11858590, 11924300, 11990241, 12055876, 12121382, 12187219, 12252871, 12318244, 12384025, 12449535, 12514984, 12580535, 12645845, 12711362, 12777207, 12842351, 12907955, 12973460, 13039139, 13105097, 13170511, 13236074, 13301314, 13366923, 13432830, 13498007, 13563289, 13628788, 13694665, 13760171, 13825812, 13891579, 13957295, 14023098, 14088932, 14154664, 14220477, 14286469, 14352297, 14418112, 14483788, 14549770, 14615670, 14681178, 14746871, 14812169, 14877975, 14943414, 15009045, 15073941, 15139241, 15204474, 15269669, 15335593, 15401449, 15466673, 15532162, 15598143, 15663384, 15728706, 15793979, 15859598, 15925118, 15990278, 16056338, 16121667, 16187109, 16252585, 16318597, 16383878, 16449466, 16515006, 16580520, 16646199, 16711559, 16777215]
[65540, 130728, 196364, 261694, 327397, 392918, 458614, 523832, 589436, 654767, 720823, 786037, 851696, 917469, 982890, 1048764, 1114669, 1180664, 1246435, 1311928, 1377269, 1442919, 1508349, 1573671, 1639287, 1704611, 1769968, 1835171, 1900847, 1966395, 2032253, 2097607, 2162888, 2228179, 2293759, 2359466, 2424583, 2489882, 2556094, 2621845, 2687359, 2752515, 2817787, 2882690, 2948223, 3013638, 3079306, 3144528, 3209938, 3275974, 3341601, 3407043, 3472662, 3538123, 3603856, 3669615, 3735348, 3800846, 3866326, 3932102, 3997617, 4063236, 4128846, 4194415, 4259944, 4325546, 4391101, 4457315, 4522987, 4588290, 4653768, 4719566, 4785045, 4850688, 4916416, 4981916, 5047712, 5113217, 5178680, 5244221, 5309924, 5375523, 5440734, 5506296, 5571340, 5636716, 5702682, 5768294, 5833819, 5899431, 5964985, 6030550, 6096067, 6161393, 6227007, 6292651, 6358254, 6423831, 6489453, 6555200, 6620100, 6685312, 6750913, 6816469, 6881659, 6946910, 7012183, 7077420, 7143147, 7208840, 7274149, 7340192, 7406130, 7471772, 7537097, 7602761, 7668305, 7733645, 7799154, 7865093, 7929913, 7995268, 8060837, 8126329, 8191524, 8257063, 8322757, 8388465, 8453884, 8519474, 8585372, 8651143, 8716446, 8782223, 8847877, 8913411, 8979020, 9044160, 9109440, 9174871, 9240113, 9305638, 9371113, 9436515, 9501709, 9567112, 9632296, 9698086, 9763805, 9829460, 9895057, 9960665, 10026551, 10092306, 10158191, 10223780, 10289205, 10354620, 10419990, 10485413, 10551341, 10616781, 10682807, 10748234, 10813784, 10879333, 10944563, 11010214, 11075603, 11140839, 11206239, 11272176, 11337927, 11403004, 11468543, 11534115, 11599880, 11665625, 11731344, 11796794, 11862058, 11927975, 11993258, 12058532, 12123993, 12189587, 12255175, 12320781, 12386153, 12451686, 12516851, 12582158, 12647765, 12713520, 12779233, 12844745, 12910444, 12976004, 13041341, 13107110, 13172674, 13238217, 13304112, 13369737, 13434816, 13500599, 13566654, 13632362, 13697831, 13763717, 13828641, 13894338, 13960053, 14025656, 14091387, 14157016, 14222951, 14288480, 14353932, 14419073, 14484630, 14549930, 14615801, 14680910, 14746406, 14812174, 14877404, 14942690, 15008039, 15073621, 15138847, 15204466, 15270202, 15335256, 15400920, 15466172, 15531661, 15597523, 15662623, 15727906, 15793806, 15859714, 15925193, 15991143, 16056690, 16122105, 16187644, 16253415, 16319201, 16384636, 16450141, 16515611, 16581393, 16646321, 16711633, 16777215]
[65483, 131155, 196567, 262006, 327364, 393013, 458446, 523985, 589956, 656001, 721130, 786795, 851836, 917281, 982596, 1048551, 1113881, 1179152, 1244622, 1309981, 1375568, 1441298, 1506750, 1572531, 1638059, 1703905, 1769873, 1835941, 1901417, 1966651, 2031895, 2097543, 2163315, 2228902, 2294312, 2359948, 2425704, 2491075, 2556419, 2621996, 2687621, 2753103, 2818760, 2884612, 2950035, 3015715, 3080758, 3146249, 3212302, 3277648, 3342991, 3408378, 3473840, 3539358, 3604658, 3670086, 3735776, 3801171, 3866409, 3932066, 3997476, 4063668, 4129045, 4194470, 4259955, 4325281, 4390773, 4456357, 4521507, 4587199, 4652506, 4718104, 4783682, 4849028, 4914746, 4980094, 5045666, 5111480, 5177070, 5242455, 5307925, 5373838, 5439747, 5505278, 5570549, 5635912, 5701716, 5767505, 5832993, 5898726, 5964299, 6029971, 6095654, 6161444, 6226671, 6292316, 6357785, 6422853, 6488054, 6553652, 6619326, 6684912, 6750499, 6816005, 6881168, 6946888, 7012346, 7077967, 7143740, 7209616, 7275144, 7340887, 7406692, 7472424, 7538110, 7603390, 7668675, 7733781, 7798881, 7864483, 7930084, 7996121, 8061439, 8127151, 8192512, 8258136, 8323757, 8389118, 8454678, 8520244, 8585847, 8651359, 8716734, 8782088, 8847617, 8913221, 8978840, 9044452, 9109614, 9175135, 9240787, 9306464, 9371478, 9436656, 9501785, 9567757, 9633486, 9698901, 9764584, 9829794, 9895406, 9960978, 10026176, 10091509, 10157077, 10222733, 10288331, 10354279, 10419591, 10485038, 10550365, 10615849, 10681623, 10747548, 10812815, 10878298, 10943869, 11009245, 11074661, 11139969, 11205461, 11270972, 11336522, 11401960, 11467328, 11532724, 11598071, 11663821, 11728942, 11794484, 11860484, 11925833, 11991184, 12056688, 12121826, 12187472, 12252925, 12318443, 12383541, 12448932, 12514326, 12580042, 12645962, 12711543, 12777313, 12842971, 12908655, 12974066, 13039310, 13104985, 13170908, 13236682, 13302098, 13367784, 13433491, 13498821, 13564292, 13630409, 13696317, 13761462, 13826923, 13892057, 13958101, 14023658, 14089469, 14155399, 14221379, 14287192, 14352611, 14418185, 14483649, 14549323, 14615190, 14680648, 14745453, 14810963, 14876033, 14941376, 15006919, 15072441, 15138130, 15203639, 15269357, 15334750, 15400589, 15466171, 15531845, 15597625, 15663087, 15728225, 15794037, 15859376, 15925320, 15991221, 16056334, 16121670, 16187116, 16253258, 16318578, 16383739, 16449103, 16515162, 16580514, 16646285, 16711882, 16777215]
[65330, 130870, 196340, 261935, 327015, 392737, 458438, 523960, 589587, 655123, 720135, 785411, 851027, 916419, 981941, 1047242, 1112726, 1178357, 1243802, 1309579, 1374987, 1440486, 1506222, 1571683, 1636951, 1702644, 1767910, 1833542, 1899346, 1965256, 2031272, 2097186, 2162633, 2227731, 2293269, 2359250, 2424908, 2490374, 2555805, 2621297, 2686831, 2752130, 2817959, 2883540, 2949354, 3014870, 3080177, 3146050, 3211465, 3276783, 3342236, 3408047, 3473712, 3539955, 3605619, 3671456, 3736591, 3801994, 3867756, 3933165, 3998823, 4064179, 4129830, 4195568, 4260743, 4325961, 4390997, 4456370, 4521987, 4587636, 4653234, 4719106, 4784776, 4849874, 4915270, 4980995, 5046183, 5111377, 5177432, 5242719, 5308335, 5373962, 5439700, 5505368, 5570919, 5636137, 5701533, 5767343, 5833024, 5898469, 5963915, 6029305, 6095128, 6160867, 6226735, 6292012, 6357826, 6423497, 6488800, 6554400, 6619540, 6684794, 6750907, 6815978, 6881757, 6947244, 7012846, 7078142, 7143633, 7208866, 7274413, 7340105, 7405914, 7471399, 7536806, 7602422, 7667960, 7733610, 7799091, 7864496, 7930131, 7995916, 8061421, 8127259, 8192968, 8258733, 8323893, 8389650, 8455092, 8520422, 8585981, 8651931, 8717378, 8782810, 8848493, 8913926, 8979179, 9044887, 9110705, 9176299, 9241600, 9307499, 9372832, 9438295, 9503701, 9569717, 9635081, 9700668, 9765916, 9831566, 9897161, 9962364, 10027758, 10093251, 10158771, 10223587, 10289156, 10355029, 10420410, 10485766, 10551864, 10617265, 10682805, 10748591, 10813877, 10879158, 10944422, 11010386, 11076006, 11141918, 11207366, 11272815, 11338278, 11403784, 11469358, 11534991, 11600794, 11666333, 11731573, 11796882, 11862786, 11928143, 11993147, 12058060, 12123684, 12188717, 12254035, 12319151, 12384779, 12450702, 12516282, 12581950, 12647955, 12713247, 12779244, 12844991, 12911005, 12976526, 13042205, 13107807, 13173973, 13239677, 13305167, 13370831, 13436531, 13501914, 13567334, 13633252, 13698908, 13764228, 13829769, 13895393, 13960822, 14026439, 14092396, 14157981, 14223710, 14289015, 14354927, 14420235, 14486028, 14551377, 14617471, 14682987, 14748136, 14814172, 14879296, 14945058, 15010416, 15075792, 15141432, 15206923, 15272415, 15337638, 15403119, 15468438, 15534002, 15599699, 15665331, 15730767, 15796457, 15862045, 15927788, 15993519, 16058412, 16123911, 16189225, 16254605, 16319940, 16385269, 16450762, 16516294, 16581375, 16646776, 16711849, 16777215]
[65791, 131530, 197041, 263038, 328279, 394097, 459613, 524963, 590365, 655809, 721078, 786416, 851891, 917575, 983574, 1049129, 1114826, 1180437, 1245895, 1311538, 1377241, 1443254, 1508942, 1574157, 1639654, 1705108, 1770822, 1836158, 1901466, 1966763, 2032132, 2097189, 2163099, 2228505, 2294526, 2359753, 2425418, 2490789, 2556303, 2621894, 2686918, 2752436, 2818032, 2884099, 2950164, 3015543, 3080796, 3146821, 3212229, 3277842, 3343571, 3409224, 3474885, 3540518, 3605867, 3671630, 3737144, 3802798, 3868273, 3934128, 3999671, 4065685, 4130796, 4195988, 4261511, 4326757, 4392175, 4457880, 4523715, 4589240, 4654525, 4719974, 4785681, 4850944, 4916275, 4981579, 5046792, 5112623, 5177824, 5243066, 5308517, 5373643, 5439120, 5504357, 5570027, 5635658, 5701162, 5766588, 5831864, 5897701, 5963128, 6028345, 6093693, 6159036, 6224800, 6290083, 6355699, 6420993, 6487172, 6552414, 6617840, 6683062, 6748945, 6814609, 6879836, 6945596, 7011092, 7076783, 7142301, 7207913, 7273250, 7338556, 7404350, 7470280, 7535886, 7601521, 7666996, 7732119, 7797465, 7863095, 7928423, 7994041, 8059920, 8125602, 8190431, 8256068, 8321815, 8387327, 8452853, 8518611, 8584159, 8649425, 8714844, 8780274, 8845447, 8910980, 8976240, 9042010, 9107418, 9172811, 9238443, 9304324, 9369729, 9435210, 9501103, 9566820, 9632175, 9697627, 9763224, 9828951, 9894533, 9960031, 10025700, 10091124, 10156816, 10222478, 10288316, 10353896, 10419700, 10485073, 10550459, 10615793, 10681815, 10747301, 10812714, 10878245, 10943887, 11009443, 11074974, 11140512, 11206362, 11272041, 11337708, 11403355, 11468845, 11534468, 11600095, 11665504, 11730959, 11796168, 11861831, 11927217, 11992651, 12058336, 12124310, 12189723, 12255193, 12320796, 12386266, 12452236, 12517593, 12583782, 12649225, 12714806, 12780375, 12846293, 12911918, 12977426, 13043181, 13108888, 13174636, 13240251, 13305957, 13371676, 13437357, 13502752, 13568131, 13634001, 13699467, 13765093, 13830171, 13895760, 13961494, 14027146, 14092433, 14157811, 14223524, 14288707, 14354165, 14419667, 14485689, 14551510, 14617015, 14682694, 14748155, 14813419, 14879227, 14944824, 15010155, 15075489, 15140922, 15206621, 15272123, 15337662, 15402826, 15468226, 15533613, 15599014, 15664865, 15730358, 15795344, 15860349, 15926149, 15991396, 16057147, 16122050, 16187840, 16253491, 16318691, 16384357, 16450023, 16515752, 16580843, 16646382, 16711892, 16777215]
[65376, 130538, 196218, 261810, 326841, 392520, 457805, 523213, 588901, 654537, 720097, 785920, 851220, 916582, 981829, 1047384, 1113588, 1179510, 1245396, 1310702, 1376133, 1441864, 1507561, 1573445, 1639073, 1704096, 1769633, 1834703, 1900394, 1966019, 2031725, 2097560, 2162839, 2228567, 2293831, 2359602, 2425080, 2491012, 2556198, 2621569, 2686712, 2752496, 2817801, 2883365, 2949037, 3014434, 3079720, 3145304, 3211163, 3276028, 3341321, 3406642, 3472567, 3538129, 3603701, 3668624, 3734027, 3799566, 3865371, 3930630, 3996049, 4061745, 4126912, 4192407, 4258038, 4323515, 4388632, 4454277, 4519471, 4584870, 4650126, 4715168, 4780404, 4845897, 4911212, 4976708, 5042099, 5107381, 5173036, 5238336, 5303895, 5369228, 5434903, 5500452, 5565680, 5631110, 5697215, 5762958, 5827968, 5893931, 5959593, 6024737, 6090341, 6155686, 6221322, 6286617, 6352598, 6418402, 6483782, 6549169, 6614788, 6679990, 6745419, 6810881, 6877037, 6942477, 7007860, 7073850, 7139216, 7204737, 7269984, 7335516, 7401068, 7466633, 7531644, 7597327, 7663247, 7729238, 7794804, 7860279, 7925592, 7991314, 8057182, 8122901, 8188445, 8254546, 8319834, 8385505, 8450672, 8516158, 8581685, 8647257, 8713118, 8778797, 8844777, 8909921, 8975415, 9041029, 9106682, 9172155, 9237799, 9303307, 9368461, 9433680, 9499458, 9565064, 9630603, 9696133, 9761691, 9827721, 9893304, 9958784, 10024054, 10089508, 10155387, 10220952, 10286590, 10352016, 10417667, 10483202, 10548801, 10614097, 10679659, 10745014, 10810738, 10876816, 10942606, 11007971, 11073292, 11138571, 11204044, 11269537, 11334868, 11400554, 11465973, 11531428, 11596999, 11662476, 11728133, 11793897, 11859455, 11924924, 11990488, 12055735, 12121343, 12186341, 12251883, 12317284, 12382913, 12448188, 12513685, 12578934, 12644373, 12709857, 12775193, 12840734, 12906525, 12972004, 13037761, 13103580, 13168819, 13234459, 13300307, 13365986, 13431556, 13496985, 13562464, 13628043, 13693859, 13759505, 13825667, 13891625, 13957421, 14022698, 14088096, 14153478, 14219080, 14284662, 14350491, 14416292, 14481974, 14547322, 14612991, 14678393, 14744366, 14809777, 14875645, 14940991, 15006401, 15071651, 15137615, 15203291, 15268415, 15334259, 15399833, 15465768, 15531351, 15597034, 15662397, 15727943, 15793341, 15859080, 15924636, 15990326, 16056576, 16121971, 16187242, 16252901, 16318253, 16383661, 16449423, 16514617, 16580075, 16645898, 16711581, 16777215]
[65553, 131011, 196474, 261712, 327306, 392758, 458594, 524593, 590559, 656038, 721470, 787269, 852600, 918341, 983705, 1049564, 1115223, 1181134, 1246653, 1311945, 1377883, 1443523, 1509370, 1575118, 1641198, 1706464, 1771805, 1836932, 1902473, 1967870, 2032706, 2098187, 2163900, 2229444, 2294838, 2360614, 2426563, 2491883, 2557643, 2623379, 2688705, 2754245, 2819733, 2885184, 2950667, 3015891, 3081388, 3146710, 3212247, 3277608, 3342872, 3407893, 3473394, 3538798, 3604575, 3670496, 3735951, 3802020, 3867680, 3933129, 3998830, 4063851, 4129521, 4195434, 4261078, 4326533, 4391487, 4457191, 4522408, 4587807, 4653433, 4719186, 4784833, 4850317, 4915390, 4980893, 5046665, 5112550, 5178003, 5243679, 5309007, 5374406, 5440082, 5505424, 5570769, 5636635, 5701902, 5767361, 5832599, 5898102, 5963590, 6029139, 6094802, 6160067, 6226133, 6291214, 6356599, 6422090, 6487422, 6553249, 6619075, 6684368, 6749473, 6815123, 6880522, 6945834, 7011294, 7076728, 7141993, 7207586, 7273510, 7339388, 7405125, 7470934, 7536313, 7602360, 7667938, 7733122, 7798625, 7864135, 7930299, 7996398, 8061729, 8127133, 8192481, 8257513, 8323015, 8388569, 8453720, 8519366, 8584985, 8650655, 8716328, 8781572, 8846949, 8912374, 8978096, 9043417, 9108639, 9174115, 9239597, 9304947, 9370474, 9436270, 9501730, 9567456, 9633339, 9698784, 9765123, 9830909, 9896555, 9961472, 10026952, 10092752, 10158678, 10224061, 10289605, 10355571, 10421290, 10486974, 10552482, 10617701, 10682989, 10749076, 10814677, 10880105, 10945498, 11010729, 11075638, 11141410, 11206673, 11272530, 11338312, 11404015, 11469379, 11534575, 11600644, 11665702, 11731717, 11797471, 11863347, 11928912, 11994101, 12059600, 12125092, 12190650, 12256213, 12321902, 12387354, 12452626, 12518205, 12583824, 12649424, 12714957, 12780181, 12845559, 12910625, 12976134, 13041175, 13106754, 13172662, 13238376, 13304307, 13369819, 13435165, 13500605, 13566224, 13631995, 13697442, 13763105, 13828506, 13894339, 13959639, 14025379, 14090826, 14156397, 14221781, 14287127, 14352516, 14418134, 14483385, 14548539, 14614208, 14679914, 14745661, 14811043, 14876843, 14942212, 15007658, 15072959, 15138653, 15204430, 15270312, 15335548, 15400972, 15466286, 15531707, 15597246, 15663314, 15728832, 15794493, 15859919, 15925338, 15990747, 16056452, 16122040, 16187232, 16252820, 16317917, 16383416, 16448777, 16514209, 16579727, 16645648, 16711199, 16777215]
[64947, 130493, 196281, 261139, 326378, 391822, 457239, 522883, 588047, 653665, 719741, 785427, 850920, 916312, 981708, 1047002, 1112651, 1178266, 1243717, 1309324, 1374793, 1440594, 1506371, 1572135, 1637975, 1703606, 1769175, 1834809, 1900416, 1966318, 2031725, 2097510, 2162356, 2227912, 2293755, 2358889, 2425013, 2490564, 2556888, 2622439, 2688059, 2753663, 2819393, 2885157, 2950799, 3016634, 3082142, 3147507, 3212913, 3278598, 3344271, 3409579, 3475130, 3541078, 3606744, 3672216, 3737537, 3803193, 3868927, 3934664, 4000093, 4065651, 4131304, 4196648, 4261977, 4327227, 4392728, 4458358, 4523890, 4588997, 4654737, 4719715, 4785259, 4850851, 4916370, 4981523, 5046767, 5112725, 5177945, 5243792, 5309139, 5374892, 5439754, 5505218, 5571162, 5636561, 5701937, 5767180, 5832720, 5898238, 5963905, 6029632, 6095211, 6160452, 6225934, 6291260, 6356923, 6422751, 6488338, 6554072, 6619339, 6685158, 6750753, 6816641, 6882550, 6947957, 7013830, 7079159, 7144820, 7210596, 7276452, 7341700, 7406969, 7472656, 7538164, 7603620, 7668807, 7734509, 7799784, 7865443, 7930784, 7996189, 8061436, 8127200, 8192783, 8258187, 8323390, 8388995, 8454494, 8520160, 8585469, 8651433, 8717075, 8782386, 8847871, 8913392, 8979132, 9044793, 9110175, 9175756, 9241614, 9307007, 9372319, 9438353, 9503955, 9569497, 9635363, 9700708, 9766227, 9831993, 9897736, 9963543, 10029241, 10094966, 10160140, 10225147, 10291124, 10356524, 10422322, 10488198, 10553889, 10619481, 10685345, 10750696, 10815799, 10881519, 10947261, 11012456, 11077896, 11143190, 11208770, 11273957, 11339259, 11404464, 11469803, 11535690, 11601289, 11666903, 11732475, 11797968, 11863446, 11929115, 11995110, 12060428, 12125873, 12191344, 12256665, 12322017, 12387352, 12452538, 12518073, 12583738, 12649591, 12715054, 12780273, 12845640, 12910822, 12976640, 13041487, 13107126, 13172103, 13237624, 13303492, 13369523, 13435146, 13500955, 13566486, 13632466, 13698379, 13763775, 13829353, 13894976, 13959866, 14025885, 14091946, 14157276, 14222697, 14288697, 14354561, 14420119, 14485765, 14551114, 14616655, 14682469, 14747855, 14813646, 14879392, 14944479, 15009940, 15075602, 15140913, 15206359, 15271726, 15337038, 15402306, 15467424, 15532861, 15598335, 15663846, 15729179, 15794635, 15860210, 15926199, 15991410, 16056864, 16122270, 16187870, 16252998, 16318616, 16383967, 16449520, 16515277, 16580743, 16646312, 16711857, 16777215]
[65517, 130855, 196371, 261709, 327002, 392491, 458060, 523957, 589331, 654723, 720028, 785588, 851159, 916697, 982273, 1047905, 1113501, 1178740, 1244408, 1309798, 1375781, 1441163, 1506712, 1572479, 1638113, 1703897, 1769054, 1835044, 1900497, 1965910, 2031471, 2097193, 2163163, 2228457, 2294116, 2359583, 2424984, 2491224, 2556521, 2621703, 2687341, 2752992, 2818456, 2883698, 2948970, 3014341, 3080182, 3145786, 3211670, 3277199, 3342898, 3408332, 3474047, 3539418, 3604727, 3670142, 3735707, 3801516, 3867126, 3932547, 3997750, 4062981, 4128755, 4194520, 4260220, 4325707, 4391122, 4456779, 4522223, 4588008, 4653659, 4719223, 4784925, 4850572, 4916322, 4982196, 5048051, 5113715, 5179521, 5245296, 5310749, 5376115, 5442199, 5507783, 5573358, 5639074, 5704854, 5769898, 5835532, 5901062, 5966614, 6031927, 6098113, 6163485, 6229316, 6295101, 6360576, 6426339, 6491676, 6557036, 6622116, 6687720, 6753214, 6818686, 6883954, 6949674, 7015059, 7080946, 7146487, 7212195, 7278269, 7343776, 7409847, 7474764, 7540598, 7606467, 7672320, 7738053, 7803670, 7869287, 7934474, 7999740, 8065082, 8130656, 8195873, 8261391, 8326712, 8392739, 8457890, 8523301, 8588553, 8653894, 8719451, 8784869, 8849515, 8914649, 8979814, 9045466, 9111040, 9176829, 9242567, 9308221, 9373722, 9439126, 9504469, 9569884, 9635791, 9701449, 9766655, 9832543, 9898195, 9963660, 10029336, 10094555, 10159970, 10225358, 10291378, 10356381, 10422613, 10488568, 10554083, 10619523, 10684828, 10750025, 10815809, 10881313, 10946953, 11011941, 11077213, 11142786, 11208633, 11274110, 11339747, 11405015, 11470230, 11535526, 11601394, 11667036, 11732214, 11797711, 11863100, 11928758, 11994315, 12059312, 12124745, 12190466, 12255955, 12320837, 12385952, 12451280, 12516234, 12582083, 12647910, 12713102, 12778645, 12844117, 12909541, 12975238, 13040827, 13106401, 13172052, 13237293, 13302850, 13368306, 13434157, 13499845, 13565525, 13630837, 13696531, 13762182, 13827850, 13893719, 13959319, 14024555, 14089541, 14155437, 14220796, 14286039, 14351242, 14416777, 14482268, 14548221, 14613845, 14679030, 14744549, 14810610, 14876191, 14941944, 15007777, 15073046, 15138573, 15204417, 15270154, 15335625, 15400803, 15466520, 15531859, 15597393, 15663103, 15728783, 15794356, 15859635, 15925522, 15991096, 16056638, 16121861, 16187549, 16253342, 16318651, 16384257, 16449570, 16515333, 16580616, 16646286, 16711636, 16777215]
[65185, 130871, 196703, 262223, 328100, 393365, 458718, 524203, 589170, 655068, 720674, 786011, 851743, 917250, 982628, 1047500, 1112891, 1178257, 1243374, 1309193, 1374372, 1439715, 1505231, 1570781, 1636099, 1701298, 1767000, 1832312, 1897890, 1963336, 2028803, 2094329, 2159921, 2225610, 2290593, 2355856, 2421022, 2486750, 2552456, 2617835, 2683562, 2749173, 2814883, 2880406, 2946003, 3011539, 3076664, 3142393, 3207459, 3273039, 3338561, 3404299, 3469656, 3535240, 3600997, 3666192, 3731339, 3796945, 3862516, 3928297, 3993785, 4058697, 4123973, 4189690, 4255132, 4320932, 4386616, 4452669, 4517947, 4583710, 4649447, 4715037, 4781012, 4845895, 4911545, 4977086, 5042841, 5108489, 5173976, 5239547, 5304803, 5369870, 5435703, 5500793, 5566410, 5632262, 5697663, 5763511, 5828929, 5894252, 5960052, 6025811, 6091397, 6156821, 6222981, 6288908, 6354378, 6420306, 6485942, 6551849, 6617369, 6683008, 6748159, 6814143, 6879688, 6945333, 7010982, 7076194, 7142024, 7207588, 7272809, 7338622, 7404408, 7470229, 7535356, 7600865, 7666499, 7732175, 7797825, 7863574, 7929073, 7994514, 8060023, 8125614, 8190546, 8255942, 8321631, 8386733, 8452336, 8517531, 8583339, 8648656, 8714198, 8779884, 8845375, 8910544, 8975944, 9041499, 9107210, 9172475, 9238226, 9303603, 9368974, 9433896, 9499398, 9565300, 9630948, 9696367, 9762001, 9827185, 9892818, 9958263, 10024062, 10089662, 10155653, 10221428, 10286939, 10352538, 10418364, 10484047, 10549734, 10615738, 10681302, 10746565, 10812269, 10878057, 10944102, 11009087, 11074765, 11140214, 11205851, 11271425, 11336987, 11402235, 11467930, 11534034, 11599406, 11664710, 11730596, 11795863, 11861357, 11926906, 11992839, 12058300, 12123898, 12189081, 12254434, 12319488, 12385035, 12450604, 12515806, 12581206, 12646687, 12712443, 12778066, 12843960, 12908851, 12973906, 13039434, 13104796, 13170357, 13235751, 13301145, 13366654, 13431993, 13497515, 13563126, 13629198, 13694625, 13760368, 13825732, 13890991, 13956446, 14022138, 14087696, 14153680, 14218850, 14284499, 14350059, 14415591, 14480948, 14546802, 14612261, 14678409, 14744528, 14810089, 14875799, 14941930, 15007489, 15072798, 15138586, 15204123, 15269705, 15335246, 15400798, 15466490, 15532090, 15597886, 15663349, 15728696, 15794007, 15859991, 15925565, 15991054, 16056691, 16122538, 16187823, 16253231, 16318720, 16383999, 16449527, 16515001, 16580842, 16646411, 16712126, 16777215]
[65361, 130812, 196175, 261709, 327178, 392793, 457988, 523636, 589500, 655528, 721383, 787023, 852005, 917746, 983419, 1049008, 1114085, 1179275, 1244677, 1310293, 1376147, 1441828, 1507434, 1573005, 1638734, 1704321, 1769761, 1835358, 1900786, 1966211, 2031625, 2097576, 2163836, 2229104, 2294821, 2359950, 2425184, 2490618, 2556436, 2622364, 2687620, 2752510, 2817754, 2883120, 2948791, 3014686, 3079764, 3145241, 3210661, 3276404, 3342421, 3407356, 3472642, 3538107, 3603808, 3668829, 3734549, 3800501, 3866511, 3932287, 3998117, 4063871, 4129215, 4195023, 4260938, 4326450, 4391924, 4457696, 4523065, 4588630, 4654073, 4719794, 4785380, 4850832, 4916469, 4982227, 5047850, 5113426, 5178662, 5244363, 5309843, 5375089, 5440878, 5506280, 5571502, 5637208, 5702704, 5768427, 5833994, 5899319, 5964873, 6030422, 6095592, 6161257, 6227213, 6292653, 6358101, 6423499, 6488705, 6553896, 6619361, 6684841, 6749676, 6815104, 6880702, 6946049, 7011455, 7077332, 7143167, 7208966, 7274534, 7340210, 7405670, 7471235, 7536662, 7601989, 7667993, 7733518, 7798569, 7864004, 7929442, 7995183, 8060634, 8126131, 8191613, 8257114, 8322715, 8388409, 8454255, 8520092, 8585609, 8650916, 8716102, 8782123, 8847795, 8913199, 8978907, 9044254, 9109513, 9175073, 9240482, 9305576, 9371540, 9437456, 9502667, 9568489, 9633912, 9699308, 9764347, 9829977, 9895444, 9961244, 10026899, 10092662, 10158254, 10223403, 10289316, 10354854, 10420128, 10485760, 10551386, 10616591, 10682254, 10747699, 10812843, 10878498, 10943640, 11009727, 11075541, 11141110, 11206556, 11272007, 11337619, 11403193, 11468828, 11534681, 11600081, 11665808, 11731673, 11797516, 11863296, 11928742, 11994261, 12060030, 12125606, 12191066, 12256445, 12322290, 12387687, 12453227, 12518769, 12584156, 12649824, 12715642, 12781226, 12846576, 12912163, 12977528, 13043164, 13108584, 13174213, 13239696, 13305138, 13370626, 13436308, 13501840, 13567302, 13633249, 13698763, 13764585, 13830189, 13895685, 13960752, 14026142, 14091562, 14156975, 14222505, 14288075, 14353027, 14418441, 14483759, 14549441, 14614786, 14680026, 14745814, 14811389, 14876898, 14942584, 15008199, 15074015, 15139398, 15204795, 15270363, 15335710, 15401024, 15466400, 15531963, 15598074, 15663416, 15728922, 15794854, 15860854, 15926103, 15992006, 16057780, 16123397, 16188999, 16254009, 16319340, 16384759, 16450298, 16515894, 16581445, 16646727, 16711973, 16777215]
[65391, 130859, 196321, 261909, 327326, 392930, 458451, 524036, 589514, 654966, 720682, 786505, 852321, 917621, 983004, 1048576, 1113952, 1179368, 1245008, 1310784, 1376278, 1441623, 1506918, 1572456, 1638197, 1704061, 1769789, 1835359, 1900797, 1965701, 2031207, 2096775, 2162175, 2227872, 2293661, 2359200, 2425127, 2490328, 2555633, 2620781, 2686635, 2752143, 2817601, 2883265, 2948908, 3014695, 3080138, 3145683, 3211251, 3276907, 3342141, 3407685, 3472626, 3538265, 3603814, 3669330, 3734734, 3800402, 3865733, 3931233, 3996491, 4062079, 4127642, 4193740, 4259407, 4325015, 4390570, 4455472, 4521018, 4586930, 4652352, 4717919, 4783459, 4848855, 4914482, 4980155, 5045910, 5110831, 5176314, 5241424, 5307188, 5372599, 5438073, 5503504, 5568899, 5634827, 5700226, 5765538, 5831471, 5897120, 5962883, 6028521, 6093769, 6159108, 6225116, 6290541, 6356249, 6421561, 6487337, 6552937, 6618479, 6683907, 6749668, 6815186, 6880658, 6946133, 7011639, 7076952, 7142360, 7208146, 7273657, 7339172, 7404951, 7470523, 7536337, 7602015, 7667560, 7733008, 7798346, 7863671, 7929392, 7994507, 8060023, 8125440, 8190866, 8256508, 8322260, 8387614, 8453167, 8518705, 8584460, 8649983, 8715743, 8781140, 8846598, 8912234, 8977928, 9043592, 9109301, 9174931, 9240450, 9306507, 9372178, 9437300, 9502695, 9568562, 9633684, 9699410, 9764812, 9829747, 9895367, 9960636, 10026125, 10091832, 10157230, 10223274, 10288794, 10354424, 10419784, 10485650, 10551022, 10616476, 10682028, 10747477, 10812458, 10878292, 10943967, 11009191, 11074864, 11140326, 11205596, 11270814, 11336514, 11401980, 11467748, 11533232, 11598618, 11664168, 11729632, 11795104, 11859893, 11925006, 11991101, 12056433, 12121783, 12187803, 12253150, 12318702, 12384118, 12449633, 12515477, 12581003, 12646319, 12711622, 12777507, 12843347, 12909288, 12975258, 13040411, 13105558, 13171241, 13236625, 13302425, 13367807, 13433337, 13499050, 13564066, 13629510, 13694966, 13760687, 13826365, 13892018, 13957229, 14022636, 14087923, 14153567, 14219900, 14285157, 14350900, 14416932, 14482796, 14548404, 14613924, 14679126, 14744663, 14810052, 14875503, 14940882, 15006473, 15072093, 15137417, 15202907, 15268622, 15334364, 15400406, 15465800, 15531131, 15596077, 15661901, 15727280, 15793026, 15859161, 15924098, 15989732, 16055154, 16120693, 16185790, 16251493, 16316648, 16382539, 16448184, 16514251, 16580055, 16645668, 16711553, 16777215]
[65612, 130381, 195473, 260969, 326137, 391403, 457281, 522501, 588075, 653762, 719267, 785004, 850351, 915630, 981255, 1046799, 1112320, 1177871, 1243115, 1308769, 1374142, 1439458, 1505148, 1570132, 1635202, 1700996, 1766638, 1832329, 1898225, 1963819, 2029540, 2094733, 2160655, 2225911, 2291373, 2356547, 2422327, 2487789, 2553672, 2619147, 2684294, 2749562, 2815071, 2880746, 2946089, 3011979, 3077449, 3143288, 3208578, 3274326, 3339868, 3405578, 3471586, 3537591, 3603886, 3669272, 3734359, 3799541, 3865507, 3931037, 3997038, 4062935, 4128702, 4194493, 4260014, 4325821, 4391615, 4457401, 4522917, 4588401, 4653764, 4719003, 4784774, 4849828, 4915648, 4981322, 5046557, 5112335, 5178044, 5243854, 5309556, 5375003, 5440290, 5506046, 5571538, 5637077, 5702755, 5768177, 5834110, 5899466, 5964682, 6030323, 6095777, 6161449, 6226959, 6292580, 6357966, 6423929, 6489396, 6554730, 6620237, 6685759, 6751077, 6816571, 6882373, 6947663, 7012741, 7078465, 7143526, 7208565, 7274494, 7339887, 7405484, 7471042, 7536922, 7602497, 7667873, 7733235, 7798992, 7864714, 7930192, 7995545, 8061019, 8125945, 8191286, 8257196, 8322911, 8388328, 8453878, 8519353, 8585079, 8650527, 8715966, 8781311, 8846983, 8912335, 8977802, 9043100, 9108309, 9173907, 9239349, 9304628, 9370129, 9435431, 9500701, 9565919, 9631788, 9697536, 9763067, 9828535, 9894094, 9959722, 10025282, 10090929, 10156862, 10222304, 10288032, 10353215, 10419014, 10484352, 10550166, 10615886, 10681677, 10747265, 10812685, 10878236, 10944291, 11009870, 11075514, 11140966, 11205953, 11271662, 11337157, 11402682, 11468585, 11534078, 11599954, 11665679, 11731041, 11796699, 11862201, 11927347, 11992849, 12057766, 12122981, 12187918, 12253255, 12318756, 12384532, 12450121, 12516117, 12581721, 12646744, 12712298, 12778261, 12844159, 12909988, 12975594, 13041065, 13106448, 13172088, 13237253, 13302562, 13368038, 13433825, 13499559, 13564778, 13630568, 13696250, 13761760, 13827316, 13893216, 13958682, 14024674, 14090225, 14155649, 14221085, 14286703, 14352027, 14417781, 14483112, 14548836, 14614046, 14679550, 14745481, 14811443, 14877235, 14942522, 15007962, 15073462, 15138832, 15204266, 15269880, 15335992, 15402148, 15467648, 15533486, 15599129, 15664684, 15730279, 15796034, 15861112, 15926527, 15992008, 16057499, 16123282, 16188597, 16253965, 16319081, 16384268, 16449889, 16515433, 16580857, 16646143, 16711811, 16777215]
[65404, 130797, 196627, 262366, 328099, 393474, 458873, 524249, 589354, 654727, 720094, 785770, 851036, 916579, 981700, 1047487, 1113202, 1178958, 1244263, 1309949, 1375198, 1440529, 1506392, 1571478, 1637159, 1702478, 1768008, 1834124, 1899512, 1965261, 2030945, 2096576, 2162300, 2227810, 2293620, 2358972, 2424617, 2490264, 2555457, 2620871, 2686504, 2752365, 2818412, 2884350, 2950046, 3015669, 3081314, 3146783, 3212412, 3278167, 3343415, 3408979, 3474538, 3539777, 3605071, 3670381, 3735851, 3801394, 3867159, 3932584, 3998260, 4063809, 4129264, 4194498, 4259915, 4325171, 4390553, 4456279, 4521380, 4587121, 4652450, 4717928, 4783077, 4848811, 4914161, 4980002, 5045853, 5111756, 5177327, 5242952, 5308710, 5374087, 5439683, 5505266, 5570789, 5636285, 5701650, 5766856, 5832114, 5897392, 5963093, 6028629, 6094555, 6160096, 6226042, 6291734, 6357306, 6422646, 6488146, 6553089, 6618919, 6685265, 6751082, 6816992, 6882724, 6948793, 7014212, 7079602, 7144887, 7210264, 7275409, 7340882, 7406691, 7471996, 7537014, 7602663, 7668214, 7733669, 7799265, 7864590, 7929673, 7995216, 8060643, 8125960, 8191296, 8256827, 8322119, 8387699, 8453466, 8519127, 8584587, 8649898, 8715517, 8781258, 8846740, 8912268, 8978118, 9043300, 9109029, 9174429, 9240232, 9305925, 9371504, 9437118, 9502800, 9568484, 9634139, 9699912, 9765454, 9831003, 9896139, 9961112, 10026681, 10092432, 10158216, 10223843, 10289574, 10355464, 10420816, 10486334, 10551959, 10617215, 10682474, 10748085, 10813865, 10879537, 10945254, 11011062, 11076457, 11141927, 11207380, 11273460, 11338960, 11404407, 11470369, 11535954, 11601757, 11667355, 11732857, 11797954, 11863365, 11928550, 11994296, 12059857, 12125458, 12190885, 12256426, 12321683, 12386874, 12452481, 12518217, 12583692, 12649523, 12715235, 12780546, 12845682, 12911461, 12977155, 13042587, 13108182, 13173663, 13239790, 13305286, 13370581, 13435892, 13501414, 13567074, 13632778, 13698688, 13764318, 13829963, 13895884, 13961328, 14026593, 14092622, 14158047, 14223254, 14288498, 14353968, 14419156, 14484749, 14549828, 14615550, 14680570, 14746007, 14810863, 14876140, 14941739, 15007245, 15073329, 15138393, 15204053, 15270010, 15335707, 15400924, 15466441, 15531651, 15597044, 15662780, 15728745, 15794354, 15859746, 15925529, 15991211, 16056729, 16121971, 16187137, 16252716, 16318649, 16384140, 16449170, 16514737, 16580186, 16646221, 16711423, 16777215]
[65494, 130565, 195842, 261583, 327264, 392713, 458703, 524533, 590296, 655644, 720825, 786283, 851417, 917059, 982942, 1048450, 1113560, 1178962, 1244624, 1310480, 1376302, 1442100, 1507242, 1572878, 1638329, 1703992, 1768877, 1834111, 1899646, 1964705, 2030201, 2095882, 2161500, 2227099, 2292859, 2358084, 2424101, 2489645, 2554949, 2620566, 2686069, 2751510, 2817151, 2882885, 2948344, 3013546, 3078996, 3144687, 3210264, 3275831, 3341606, 3406810, 3472519, 3537348, 3603196, 3668304, 3733516, 3798846, 3864648, 3930385, 3995656, 4061293, 4126613, 4192199, 4257233, 4322893, 4388212, 4453583, 4519242, 4584413, 4649720, 4715239, 4780698, 4846361, 4911945, 4977688, 5043169, 5108950, 5174404, 5240213, 5305879, 5371248, 5436734, 5501931, 5567472, 5632739, 5698263, 5763725, 5829105, 5894699, 5960353, 6025596, 6091289, 6157282, 6222954, 6288401, 6354013, 6419877, 6485357, 6551217, 6616445, 6682010, 6747749, 6813331, 6878489, 6943573, 7009326, 7075497, 7141233, 7206412, 7272007, 7337214, 7402692, 7468209, 7533973, 7599725, 7665125, 7730564, 7796235, 7861928, 7927239, 7993267, 8058889, 8124192, 8190016, 8255772, 8321252, 8386982, 8452812, 8518383, 8583814, 8649166, 8714972, 8780307, 8845896, 8911208, 8976519, 9042010, 9107666, 9173481, 9238915, 9304442, 9369950, 9435800, 9501639, 9567193, 9632634, 9697771, 9763466, 9829015, 9894677, 9960310, 10025543, 10091011, 10155918, 10221379, 10286749, 10351757, 10417307, 10483196, 10549155, 10614637, 10679947, 10746113, 10811419, 10877196, 10943082, 11008758, 11074539, 11140337, 11205950, 11271505, 11336934, 11402659, 11467956, 11534075, 11599682, 11665007, 11730658, 11796027, 11861697, 11927261, 11992933, 12058260, 12123962, 12189894, 12255298, 12320877, 12386225, 12451560, 12516865, 12582557, 12648004, 12713231, 12778761, 12844667, 12910400, 12976239, 13041541, 13106960, 13172379, 13237731, 13303638, 13369189, 13435206, 13500571, 13566199, 13631858, 13697347, 13762501, 13827913, 13893729, 13959546, 14024877, 14090150, 14155489, 14221412, 14287241, 14352460, 14417350, 14482409, 14547929, 14613518, 14679119, 14744820, 14810279, 14875649, 14941063, 15006729, 15072441, 15137761, 15203207, 15268499, 15334047, 15399511, 15464910, 15530583, 15596310, 15662375, 15728257, 15794081, 15859951, 15925127, 15990781, 16056473, 16122260, 16187860, 16253373, 16318939, 16384702, 16449999, 16515434, 16580521, 16646104, 16711472, 16777215]
[65729, 131565, 197015, 262396, 327923, 393556, 459315, 525246, 590819, 656025, 721630, 787321, 853117, 919166, 984720, 1049923, 1115825, 1181181, 1246488, 1312172, 1377904, 1443062, 1508973, 1574480, 1639983, 1705251, 1770825, 1836469, 1901799, 1967459, 2033246, 2098772, 2164078, 2229556, 2294900, 2360536, 2426277, 2491667, 2557431, 2623141, 2688871, 2754557, 2820258, 2885369, 2950990, 3016702, 3082027, 3147794, 3213314, 3278677, 3344300, 3410147, 3475535, 3541114, 3606548, 3672050, 3737797, 3803283, 3868602, 3934330, 3999808, 4065303, 4130922, 4197075, 4262297, 4327802, 4393151, 4458747, 4523862, 4588990, 4654894, 4720153, 4785742, 4850847, 4916598, 4982106, 5047743, 5113138, 5178787, 5244640, 5309956, 5375483, 5441157, 5506360, 5572002, 5637232, 5702462, 5767820, 5833617, 5899163, 5964429, 6030093, 6095872, 6161672, 6227327, 6292264, 6357453, 6422757, 6488410, 6554263, 6619587, 6684784, 6750372, 6816177, 6881375, 6947082, 7012500, 7078105, 7143268, 7208709, 7274420, 7339801, 7405332, 7471093, 7537037, 7602817, 7668652, 7734426, 7800046, 7865352, 7931354, 7996833, 8062528, 8128149, 8193876, 8259993, 8325284, 8391127, 8456737, 8522372, 8587743, 8653287, 8718831, 8784054, 8849009, 8914693, 8980070, 9044790, 9110336, 9175600, 9241096, 9306722, 9372137, 9437927, 9503146, 9568851, 9633988, 9699408, 9765129, 9830777, 9896333, 9962287, 10027645, 10093575, 10159190, 10224753, 10290615, 10356122, 10421353, 10487032, 10552399, 10617685, 10683385, 10749100, 10814421, 10880021, 10945847, 11011353, 11076806, 11142251, 11208096, 11273382, 11338940, 11404327, 11470171, 11535882, 11601582, 11667012, 11732803, 11798140, 11863377, 11928824, 11994231, 12060153, 12125497, 12190707, 12256251, 12321317, 12387155, 12452665, 12518194, 12583455, 12648755, 12714343, 12779686, 12845246, 12910810, 12976005, 13041216, 13106878, 13172300, 13238139, 13303493, 13369121, 13434416, 13499669, 13565254, 13630943, 13696718, 13762614, 13828348, 13893753, 13959552, 14025017, 14090629, 14156776, 14222263, 14288366, 14353542, 14419121, 14484607, 14550322, 14616424, 14681711, 14747205, 14812331, 14878092, 14943496, 15008950, 15074704, 15140167, 15206279, 15271702, 15337285, 15402959, 15468265, 15533688, 15599045, 15664135, 15729846, 15795493, 15860766, 15926511, 15991848, 16056917, 16122269, 16187189, 16252792, 16317711, 16383468, 16448752, 16513971, 16579890, 16646027, 16711774, 16777215]
[65672, 131203, 196645, 261971, 327568, 393209, 458742, 524134, 589556, 654496, 719998, 785745, 851493, 917126, 982623, 1048101, 1113317, 1178763, 1244319, 1309660, 1375337, 1440950, 1506318, 1571879, 1637177, 1702600, 1768348, 1833784, 1899275, 1964699, 2030581, 2095969, 2161069, 2226306, 2291758, 2357315, 2423398, 2489168, 2554990, 2620835, 2686660, 2752172, 2818027, 2883241, 2949073, 3014475, 3080274, 3145551, 3210774, 3276085, 3341480, 3407248, 3472888, 3538095, 3603945, 3669056, 3734428, 3800062, 3865749, 3930994, 3996536, 4062085, 4128163, 4193890, 4259566, 4325157, 4390505, 4455773, 4521683, 4587435, 4652894, 4718307, 4783546, 4849305, 4914370, 4979383, 5044905, 5110556, 5175966, 5241839, 5307339, 5372630, 5437863, 5503559, 5569119, 5634311, 5699769, 5765154, 5830347, 5895674, 5961484, 6027412, 6092987, 6158614, 6224625, 6290171, 6355842, 6421712, 6487382, 6553031, 6618470, 6683909, 6748947, 6814643, 6880169, 6945686, 7011424, 7077363, 7142976, 7208480, 7274373, 7340135, 7405439, 7471400, 7537019, 7602695, 7667962, 7733504, 7799403, 7865127, 7930461, 7995695, 8061872, 8127138, 8192683, 8258044, 8323354, 8388671, 8454136, 8519624, 8585165, 8650481, 8715719, 8781733, 8847358, 8912698, 8978517, 9044156, 9109288, 9175249, 9240979, 9306257, 9371717, 9437330, 9503057, 9568844, 9634386, 9700122, 9765453, 9830941, 9896696, 9962666, 10027831, 10093046, 10158847, 10224112, 10289805, 10355143, 10420127, 10485799, 10551360, 10616410, 10682540, 10747933, 10813711, 10879004, 10944518, 11009438, 11074778, 11140101, 11205690, 11271376, 11336968, 11402302, 11467193, 11532875, 11598666, 11664025, 11729810, 11795114, 11860374, 11925642, 11990952, 12056508, 12122348, 12187729, 12253427, 12319049, 12384635, 12450356, 12515932, 12581757, 12647594, 12713186, 12778492, 12843842, 12909260, 12974516, 13040025, 13105427, 13170675, 13236230, 13301806, 13367778, 13433567, 13499269, 13564963, 13630347, 13696297, 13761578, 13826791, 13892426, 13957744, 14023227, 14089064, 14154124, 14219600, 14285643, 14351014, 14417008, 14482671, 14548999, 14614226, 14680227, 14745518, 14810809, 14876435, 14942242, 15008631, 15074386, 15140016, 15205415, 15270630, 15335815, 15401431, 15466775, 15532215, 15597941, 15663236, 15728662, 15794185, 15859574, 15925026, 15990641, 16056307, 16121785, 16187306, 16252743, 16318219, 16383902, 16449457, 16515061, 16580382, 16646231, 16712103, 16777215]
[65219, 130549, 196376, 262065, 327514, 392719, 458675, 524496, 590526, 656200, 721437, 787034, 852832, 918310, 983895, 1049565, 1115344, 1180760, 1246409, 1311730, 1377490, 1442360, 1507747, 1573045, 1638677, 1704206, 1769622, 1835287, 1900771, 1966570, 2032549, 2098143, 2163629, 2229571, 2295349, 2361029, 2426619, 2492165, 2557873, 2623530, 2689357, 2754709, 2820249, 2885345, 2951023, 3016407, 3081971, 3147469, 3212929, 3277914, 3343413, 3409150, 3474634, 3539959, 3605337, 3670631, 3735709, 3801138, 3866860, 3932796, 3998334, 4064203, 4129633, 4195545, 4261491, 4326654, 4392192, 4457811, 4523595, 4589458, 4654900, 4720327, 4785767, 4851373, 4916399, 4981457, 5047085, 5112927, 5178383, 5243877, 5309232, 5375467, 5440658, 5506567, 5572064, 5637573, 5702956, 5768561, 5833915, 5899518, 5965144, 6030727, 6096210, 6161961, 6227252, 6292911, 6358329, 6423954, 6489722, 6555652, 6620961, 6686278, 6751482, 6816863, 6882936, 6948258, 7013997, 7079263, 7144725, 7210243, 7275979, 7341538, 7407354, 7472636, 7537923, 7603482, 7668983, 7734333, 7799817, 7865639, 7931524, 7996669, 8062055, 8127596, 8193470, 8259089, 8324302, 8389298, 8454450, 8519698, 8585350, 8650806, 8716596, 8782187, 8847332, 8913072, 8978720, 9044286, 9109685, 9175082, 9240096, 9305633, 9371259, 9436775, 9502277, 9567684, 9633386, 9699093, 9764773, 9829918, 9895242, 9960655, 10026055, 10091602, 10156874, 10222008, 10287206, 10352523, 10418047, 10483691, 10549223, 10614449, 10680139, 10745451, 10810502, 10876493, 10941932, 11007859, 11073433, 11138712, 11204445, 11269653, 11335288, 11400700, 11466489, 11532496, 11598338, 11663730, 11729704, 11795050, 11860922, 11926428, 11992042, 12057870, 12123523, 12189336, 12254631, 12319807, 12385667, 12450893, 12516025, 12581599, 12647081, 12712819, 12778785, 12844674, 12910233, 12975266, 13040657, 13106377, 13171929, 13237546, 13303642, 13369310, 13435312, 13500886, 13566456, 13631709, 13697022, 13762949, 13828574, 13894143, 13959677, 14024986, 14090507, 14156272, 14221878, 14286983, 14352102, 14417932, 14483846, 14549469, 14615251, 14680760, 14746508, 14811986, 14877273, 14942939, 15008715, 15074176, 15139709, 15205254, 15270739, 15336118, 15401753, 15466771, 15532494, 15598284, 15663637, 15729715, 15795382, 15860967, 15926620, 15992232, 16057411, 16123122, 16188711, 16254574, 16319725, 16384863, 16450332, 16516017, 16581274, 16646652, 16711811, 16777215]
[65094, 130934, 196130, 261351, 326575, 392361, 457759, 523348, 588584, 654293, 719401, 784956, 850470, 916392, 981945, 1047781, 1113207, 1178859, 1244620, 1310298, 1375685, 1441501, 1507114, 1572251, 1637137, 1702316, 1768260, 1833759, 1899025, 1964516, 2030107, 2095519, 2160799, 2225601, 2290659, 2356303, 2421642, 2487213, 2552700, 2618183, 2683504, 2749022, 2814970, 2880300, 2945729, 3011289, 3076448, 3141668, 3207455, 3272962, 3338636, 3404707, 3470266, 3535891, 3601671, 3667437, 3732716, 3797728, 3862797, 3928176, 3993901, 4059855, 4125335, 4190764, 4256176, 4322404, 4387769, 4453213, 4518608, 4584649, 4649957, 4715537, 4780945, 4846218, 4911633, 4977587, 5043252, 5108259, 5173941, 5239342, 5304794, 5370798, 5436455, 5502272, 5568151, 5634051, 5699838, 5765158, 5830859, 5896098, 5961967, 6027189, 6093023, 6158236, 6223641, 6288988, 6354336, 6420226, 6485656, 6550947, 6616274, 6681378, 6747101, 6813017, 6878020, 6943974, 7009443, 7074796, 7140458, 7205988, 7271524, 7337298, 7402883, 7468590, 7533979, 7599998, 7665640, 7731514, 7797571, 7863497, 7928954, 7994859, 8060761, 8126751, 8191992, 8257653, 8323499, 8388890, 8454493, 8520191, 8585984, 8651702, 8717231, 8782930, 8848998, 8914469, 8980318, 9045415, 9110823, 9176239, 9241436, 9307096, 9372811, 9438224, 9503972, 9569268, 9634624, 9700022, 9765493, 9831314, 9896856, 9962205, 10027568, 10093147, 10158475, 10223756, 10289373, 10354843, 10420463, 10485775, 10551095, 10617212, 10682709, 10747813, 10813623, 10879486, 10944982, 11010560, 11076441, 11141927, 11207906, 11273505, 11338928, 11404449, 11470136, 11535282, 11600768, 11665971, 11731697, 11797401, 11862578, 11928373, 11994084, 12059802, 12124953, 12190449, 12255651, 12320762, 12386309, 12452148, 12517527, 12582954, 12648146, 12713618, 12779201, 12844717, 12909874, 12975631, 13041268, 13106580, 13172294, 13237772, 13303319, 13368866, 13434184, 13500144, 13565871, 13631673, 13697848, 13763404, 13829175, 13894771, 13960482, 14025952, 14090915, 14156565, 14221803, 14287019, 14352590, 14417842, 14483663, 14549361, 14614553, 14680009, 14745597, 14810955, 14876655, 14942536, 15007629, 15073348, 15138859, 15204127, 15269620, 15334932, 15400545, 15466013, 15531786, 15597488, 15663036, 15728328, 15793461, 15859549, 15924760, 15990187, 16055909, 16121554, 16187228, 16252442, 16317886, 16383438, 16449514, 16515081, 16580185, 16646143, 16711625, 16777215]
[65538, 130902, 196246, 261304, 327116, 392532, 458344, 523486, 588642, 653901, 719334, 785031, 850520, 916017, 981276, 1046657, 1111896, 1177532, 1242827, 1308429, 1374027, 1439496, 1504875, 1570277, 1635748, 1701537, 1766635, 1832200, 1897484, 1962883, 2028619, 2093997, 2159826, 2225391, 2290752, 2356348, 2421417, 2487052, 2552730, 2618355, 2684097, 2750213, 2816171, 2881641, 2947568, 3012919, 3078408, 3143404, 3208720, 3274392, 3340040, 3406090, 3471234, 3536632, 3602717, 3668113, 3733441, 3798945, 3864408, 3929913, 3995470, 4060886, 4126591, 4192667, 4258548, 4323774, 4389145, 4454867, 4520123, 4585807, 4651603, 4717222, 4782776, 4848519, 4913959, 4979597, 5045281, 5110639, 5176494, 5241969, 5307510, 5373025, 5439097, 5504340, 5570026, 5635479, 5701108, 5766614, 5832163, 5897830, 5963212, 6029019, 6094840, 6159958, 6224961, 6290638, 6356019, 6421316, 6487143, 6552904, 6618894, 6684081, 6750074, 6815490, 6881122, 6946906, 7012594, 7078581, 7143858, 7209343, 7274972, 7340575, 7406001, 7472063, 7537655, 7602826, 7668717, 7734053, 7799331, 7864874, 7930404, 7995966, 8061439, 8127169, 8192892, 8258450, 8323643, 8389584, 8455404, 8520896, 8586258, 8651520, 8717167, 8782659, 8847937, 8913743, 8979363, 9045329, 9110554, 9175901, 9241194, 9306528, 9371615, 9437271, 9502678, 9568033, 9633898, 9699796, 9765202, 9830909, 9896757, 9962267, 10027725, 10092877, 10158715, 10224186, 10289553, 10355147, 10420898, 10486204, 10551820, 10616627, 10682117, 10747893, 10813473, 10879217, 10945284, 11010893, 11076348, 11141938, 11207605, 11273275, 11339265, 11404939, 11470577, 11536029, 11601481, 11666507, 11731951, 11797510, 11862687, 11928444, 11994200, 12059625, 12125193, 12190590, 12255787, 12321505, 12386989, 12452662, 12518414, 12584349, 12650254, 12715703, 12781394, 12846643, 12911762, 12977133, 13042528, 13107923, 13173408, 13238563, 13304005, 13369643, 13435162, 13500379, 13566163, 13631799, 13697540, 13762838, 13828130, 13894176, 13959994, 14025633, 14091451, 14157421, 14222749, 14288304, 14354391, 14419853, 14485225, 14550896, 14616283, 14682291, 14747544, 14813008, 14878859, 14943886, 15009300, 15075116, 15140259, 15205763, 15271424, 15337086, 15402381, 15467825, 15533067, 15598420, 15663769, 15729237, 15795223, 15860398, 15925904, 15991328, 16057266, 16122862, 16188524, 16253856, 16319149, 16384526, 16449999, 16515568, 16580968, 16646280, 16711922, 16777215]
[65484, 131231, 196654, 262535, 328021, 393662, 459405, 525246, 590782, 655632, 720765, 786295, 851887, 917540, 983213, 1048570, 1113916, 1179182, 1244313, 1309672, 1375154, 1440979, 1506167, 1571781, 1637290, 1702429, 1767723, 1832876, 1898513, 1963766, 2029570, 2095137, 2160453, 2225867, 2291546, 2356656, 2422235, 2488075, 2553667, 2619518, 2684388, 2749844, 2815283, 2880575, 2946538, 3011937, 3077568, 3143482, 3209359, 3275010, 3340544, 3406104, 3471524, 3536847, 3602227, 3668073, 3733530, 3799085, 3864812, 3930797, 3996121, 4062273, 4127552, 4192857, 4257964, 4323369, 4389412, 4455226, 4521178, 4587045, 4652719, 4718255, 4783398, 4849149, 4914786, 4980483, 5046132, 5111849, 5177280, 5242688, 5307779, 5372945, 5438324, 5504461, 5570190, 5636026, 5700952, 5766156, 5831286, 5897175, 5963186, 6028770, 6094498, 6160080, 6225676, 6291403, 6356569, 6422051, 6487725, 6552914, 6618452, 6683744, 6749300, 6814568, 6879777, 6945833, 7011472, 7076526, 7141996, 7207368, 7272802, 7338104, 7403564, 7468981, 7534448, 7600119, 7665648, 7731603, 7796866, 7862509, 7927981, 7993586, 8059072, 8125011, 8189785, 8254932, 8320361, 8385724, 8451019, 8516310, 8581544, 8647074, 8712739, 8778419, 8843748, 8908628, 8974233, 9039906, 9105275, 9170974, 9236352, 9301590, 9367096, 9432418, 9498021, 9563654, 9629424, 9694937, 9760215, 9825992, 9891747, 9956700, 10021991, 10087288, 10153171, 10218839, 10284286, 10349815, 10415665, 10481109, 10546932, 10612460, 10677997, 10743469, 10809236, 10874886, 10940432, 11006094, 11071609, 11136992, 11203292, 11268858, 11334132, 11399461, 11464668, 11530128, 11595450, 11661262, 11726834, 11792711, 11858191, 11923722, 11989175, 12054960, 12120477, 12186094, 12251909, 12316896, 12382033, 12447691, 12513573, 12578382, 12644236, 12709978, 12776006, 12841816, 12906985, 12972953, 13038718, 13104024, 13169638, 13235270, 13300572, 13366544, 13431818, 13498012, 13563621, 13628980, 13694704, 13759952, 13825589, 13891563, 13957146, 14022427, 14088202, 14153574, 14219636, 14284891, 14350457, 14416094, 14481981, 14547625, 14613671, 14679448, 14745662, 14811012, 14876862, 14942435, 15008344, 15073821, 15139362, 15205005, 15270221, 15335901, 15401617, 15467229, 15533059, 15598440, 15663985, 15729265, 15794624, 15860410, 15926005, 15991389, 16057030, 16122895, 16188185, 16254095, 16319537, 16384606, 16450500, 16515397, 16580531, 16646156, 16711893, 16777215]
[65694, 131590, 196944, 262280, 327961, 393137, 458607, 524376, 589756, 655192, 720926, 787188, 852690, 918409, 983871, 1049350, 1115027, 1180271, 1245561, 1310669, 1376226, 1441765, 1507569, 1572944, 1638601, 1703958, 1768977, 1834496, 1900092, 1966061, 2031889, 2097748, 2162956, 2228273, 2294408, 2360182, 2425422, 2491081, 2556366, 2621122, 2686660, 2752093, 2818073, 2883418, 2948962, 3014534, 3080200, 3145812, 3211440, 3276621, 3342065, 3407449, 3472982, 3538653, 3604258, 3669881, 3735144, 3800878, 3866624, 3932193, 3998014, 4063521, 4129380, 4194842, 4260067, 4326337, 4392169, 4457880, 4523239, 4588898, 4654347, 4720152, 4785739, 4850651, 4916188, 4981685, 5046987, 5112668, 5178359, 5243507, 5309349, 5375042, 5440380, 5506153, 5571575, 5637044, 5702434, 5767912, 5833303, 5898468, 5963978, 6029567, 6094991, 6160138, 6225613, 6290994, 6356517, 6422102, 6487768, 6553130, 6618593, 6684070, 6749894, 6815929, 6881548, 6946932, 7012044, 7077437, 7143030, 7208289, 7274268, 7340076, 7405612, 7470735, 7536244, 7601346, 7666669, 7732025, 7797226, 7862803, 7928072, 7993674, 8059419, 8125054, 8190608, 8256403, 8322002, 8387682, 8453493, 8518998, 8584510, 8649714, 8715358, 8781091, 8846533, 8911789, 8976547, 9041731, 9107432, 9172637, 9238145, 9303531, 9369186, 9434559, 9499944, 9565510, 9631267, 9696501, 9761878, 9827832, 9893084, 9958552, 10024199, 10090034, 10155640, 10221287, 10286728, 10352381, 10418008, 10483338, 10549085, 10614665, 10680475, 10746285, 10811706, 10877253, 10943008, 11008217, 11073287, 11139426, 11205238, 11270783, 11336566, 11402024, 11467525, 11533289, 11598733, 11664254, 11730091, 11795905, 11860998, 11926473, 11992521, 12058085, 12123393, 12188851, 12254423, 12319975, 12385934, 12451460, 12517082, 12582521, 12648148, 12713398, 12778725, 12844012, 12909350, 12974223, 13039658, 13104868, 13170604, 13235705, 13301113, 13366569, 13432064, 13498212, 13563436, 13628761, 13694352, 13759861, 13825418, 13891084, 13956420, 14022190, 14087393, 14152790, 14218087, 14283442, 14349130, 14414652, 14480342, 14546323, 14611787, 14677246, 14742964, 14808430, 14874143, 14939729, 15005469, 15071241, 15137322, 15202661, 15268520, 15334048, 15400035, 15465593, 15531143, 15596581, 15662409, 15727841, 15793077, 15858669, 15924370, 15990034, 16055685, 16121552, 16186924, 16252297, 16317901, 16383402, 16449048, 16514749, 16580334, 16646011, 16711726, 16777215]
[65771, 131615, 197143, 262861, 328759, 394446, 459688, 525249, 590758, 656253, 721894, 787089, 852314, 917862, 983659, 1049509, 1115123, 1180590, 1246150, 1311813, 1377685, 1443021, 1508545, 1574335, 1640249, 1705555, 1770813, 1835997, 1901398, 1966580, 2031766, 2096830, 2162693, 2228407, 2293756, 2358968, 2424566, 2490305, 2555740, 2621229, 2686719, 2752279, 2817835, 2883396, 2948623, 3014235, 3079723, 3145362, 3210976, 3276655, 3342506, 3408138, 3473797, 3539324, 3604624, 3670319, 3735684, 3801313, 3866987, 3932244, 3997612, 4063090, 4128338, 4193732, 4259187, 4324869, 4390960, 4456618, 4522267, 4588001, 4653753, 4719338, 4784874, 4850389, 4916224, 4981481, 5046883, 5112710, 5178430, 5243716, 5309276, 5375148, 5440410, 5506032, 5571701, 5637630, 5703425, 5769042, 5834960, 5900269, 5965423, 6030917, 6096667, 6162068, 6227506, 6292963, 6358588, 6424140, 6489412, 6555334, 6620815, 6686358, 6751711, 6817307, 6882831, 6948431, 7013752, 7079342, 7145400, 7211034, 7276918, 7342186, 7408086, 7473398, 7538970, 7604408, 7669785, 7735475, 7801292, 7866673, 7931739, 7997862, 8064246, 8129470, 8194727, 8260195, 8325743, 8391239, 8456697, 8522319, 8587732, 8653581, 8718846, 8784170, 8849440, 8915740, 8981154, 9046882, 9112435, 9177909, 9242932, 9308431, 9373567, 9439151, 9504720, 9570143, 9635589, 9700669, 9765819, 9831267, 9896775, 9962885, 10028085, 10093455, 10159110, 10224913, 10290328, 10355903, 10421378, 10486753, 10552138, 10617627, 10683076, 10748739, 10814689, 10880552, 10946484, 11011254, 11076501, 11141965, 11207631, 11273229, 11338243, 11404207, 11469981, 11535436, 11601267, 11667200, 11732608, 11798025, 11863549, 11928985, 11994470, 12060071, 12125478, 12191094, 12256736, 12322482, 12387504, 12452646, 12518672, 12584773, 12650132, 12715172, 12780844, 12846277, 12911690, 12977326, 13043002, 13108388, 13173784, 13239557, 13304785, 13370544, 13435997, 13501316, 13567009, 13631999, 13697658, 13762786, 13828100, 13893273, 13958842, 14024293, 14089685, 14154932, 14220194, 14286316, 14351947, 14417984, 14483333, 14548919, 14614883, 14680226, 14745764, 14811494, 14877204, 14943307, 15008949, 15074450, 15139888, 15205171, 15270479, 15336067, 15401640, 15466880, 15532504, 15598018, 15663800, 15729565, 15794871, 15860242, 15925849, 15991514, 16056712, 16121790, 16187456, 16252891, 16318442, 16384024, 16449468, 16514733, 16580095, 16645848, 16711330, 16777215]
[65667, 131006, 196477, 262220, 327874, 392960, 458309, 523965, 589691, 655135, 720283, 785708, 850927, 916460, 982017, 1047231, 1112690, 1178212, 1243609, 1309338, 1375151, 1441073, 1506623, 1571909, 1637550, 1703255, 1768959, 1834740, 1900786, 1967161, 2033002, 2098732, 2163900, 2229533, 2295019, 2360499, 2426436, 2491796, 2557291, 2622757, 2687737, 2753200, 2818485, 2883926, 2949023, 3014578, 3079635, 3145137, 3210517, 3275935, 3341239, 3406901, 3472453, 3538024, 3603748, 3669248, 3734766, 3799872, 3865732, 3931318, 3996920, 4062582, 4127735, 4193507, 4259119, 4324829, 4390152, 4455637, 4521208, 4586432, 4652092, 4716998, 4782559, 4848057, 4913590, 4979844, 5045529, 5111059, 5176715, 5242884, 5308557, 5374254, 5440111, 5505669, 5571075, 5636821, 5701997, 5767611, 5832850, 5898144, 5963673, 6029578, 6094965, 6160391, 6225776, 6291652, 6357108, 6422560, 6488070, 6553722, 6619111, 6684442, 6750074, 6815648, 6881191, 6946428, 7011576, 7077601, 7143537, 7209040, 7274712, 7340259, 7405976, 7471506, 7536920, 7602415, 7668187, 7733404, 7798841, 7864524, 7930297, 7996089, 8061545, 8126821, 8192705, 8258386, 8324149, 8389684, 8454568, 8520302, 8585771, 8651057, 8716302, 8781511, 8846891, 8912741, 8978808, 9044185, 9109123, 9174653, 9240231, 9306034, 9371640, 9437219, 9503163, 9568447, 9633989, 9699868, 9764816, 9830864, 9896343, 9961925, 10027657, 10093398, 10158429, 10223971, 10289579, 10355484, 10421101, 10486706, 10551977, 10617438, 10682449, 10748103, 10813604, 10878881, 10943794, 11008839, 11074071, 11140013, 11205784, 11271194, 11336882, 11402352, 11467599, 11533072, 11598711, 11664580, 11729923, 11795639, 11860977, 11926731, 11992037, 12057155, 12122870, 12187769, 12253054, 12318720, 12384060, 12449441, 12514910, 12580332, 12646017, 12711623, 12777268, 12843027, 12908582, 12974145, 13039695, 13105194, 13170945, 13236750, 13302179, 13367772, 13433135, 13498328, 13564069, 13629669, 13695174, 13761175, 13826253, 13891748, 13957252, 14022607, 14087867, 14153410, 14219148, 14284939, 14350042, 14415173, 14480813, 14546400, 14611886, 14677389, 14743047, 14809089, 14875018, 14940807, 15006129, 15071855, 15137476, 15203134, 15268770, 15334388, 15399721, 15465188, 15530693, 15596243, 15661770, 15727398, 15793413, 15859019, 15924298, 15989843, 16054926, 16120636, 16186486, 16252001, 16317279, 16382631, 16448278, 16514056, 16579803, 16645308, 16711290, 16777215]
[65875, 131270, 196524, 262395, 328389, 393808, 459701, 525173, 591022, 656492, 722368, 787695, 853187, 919021, 984764, 1050176, 1116144, 1181646, 1247437, 1313060, 1379049, 1444939, 1510659, 1576168, 1641740, 1707076, 1773056, 1838780, 1903830, 1969479, 2034786, 2100006, 2165550, 2230975, 2296496, 2361859, 2427011, 2493263, 2559125, 2624708, 2690239, 2755704, 2821004, 2886657, 2952278, 3017834, 3083350, 3148840, 3214288, 3279675, 3344890, 3410183, 3475986, 3541042, 3606393, 3671569, 3737110, 3802479, 3867957, 3933425, 3998697, 4064177, 4129772, 4194649, 4260533, 4326066, 4391736, 4457151, 4522726, 4588215, 4653408, 4718717, 4784125, 4849956, 4915466, 4981044, 5046233, 5111905, 5177033, 5242858, 5308682, 5374418, 5440046, 5505314, 5570849, 5636817, 5702075, 5767480, 5832948, 5898345, 5963900, 6029390, 6094804, 6160230, 6225559, 6291673, 6357027, 6423122, 6488587, 6553638, 6619365, 6685135, 6750722, 6816853, 6882068, 6947582, 7013049, 7078496, 7144019, 7209357, 7274648, 7340192, 7405520, 7470952, 7536594, 7602353, 7667924, 7733292, 7798490, 7864230, 7929537, 7994893, 8060341, 8125808, 8191005, 8256385, 8321898, 8387303, 8453469, 8519075, 8584815, 8650454, 8716268, 8781804, 8847239, 8912477, 8978130, 9043765, 9109025, 9174360, 9239547, 9305051, 9370607, 9436334, 9501567, 9566717, 9631826, 9697016, 9762174, 9828321, 9893927, 9959486, 10025233, 10090428, 10155462, 10220792, 10286340, 10351999, 10417057, 10482479, 10548156, 10613695, 10679540, 10745822, 10811668, 10876939, 10942218, 11007543, 11073177, 11138939, 11204391, 11269910, 11335581, 11401358, 11466488, 11532390, 11598371, 11663969, 11729494, 11795332, 11860836, 11926120, 11991751, 12056901, 12122768, 12188328, 12253487, 12319099, 12384798, 12450340, 12515783, 12581077, 12646671, 12712227, 12778074, 12843600, 12909258, 12974533, 13040281, 13105315, 13170854, 13236364, 13302136, 13367610, 13433180, 13498473, 13563808, 13629434, 13695163, 13761014, 13826490, 13891919, 13957165, 14022686, 14088072, 14153615, 14219410, 14285151, 14350727, 14416851, 14482001, 14547318, 14613069, 14678845, 14743882, 14809598, 14875180, 14941071, 15006193, 15071297, 15136423, 15202126, 15267851, 15333618, 15399589, 15465243, 15531213, 15596828, 15662578, 15728006, 15793587, 15859516, 15924636, 15990028, 16055456, 16121015, 16186833, 16252639, 16317798, 16383448, 16449311, 16514688, 16580786, 16646293, 16711660, 16777215]
[65724, 130850, 196102, 261693, 327402, 392782, 458455, 524050, 589702, 655294, 720821, 786701, 852161, 917602, 983319, 1048942, 1114241, 1180024, 1245463, 1310785, 1376295, 1441788, 1507028, 1572274, 1637952, 1703611, 1769061, 1834501, 1900035, 1965452, 2030653, 2096215, 2161823, 2227433, 2293146, 2358489, 2424312, 2490047, 2555831, 2621211, 2686675, 2752463, 2817949, 2883091, 2949145, 3014104, 3079388, 3144407, 3210103, 3276134, 3341625, 3407290, 3472589, 3538339, 3603670, 3668991, 3734248, 3800041, 3865477, 3931542, 3997125, 4062771, 4128446, 4193991, 4259278, 4324947, 4390342, 4455955, 4521658, 4587335, 4652434, 4717898, 4782953, 4848603, 4913957, 4979742, 5044944, 5110870, 5176304, 5242148, 5307700, 5372754, 5438164, 5503372, 5568816, 5633642, 5698906, 5765040, 5830502, 5896153, 5961979, 6027316, 6093027, 6158470, 6224150, 6289849, 6355570, 6421021, 6486569, 6551823, 6617333, 6683075, 6748482, 6813889, 6879402, 6945167, 7010627, 7076414, 7142481, 7207937, 7273222, 7338983, 7404784, 7470645, 7536366, 7602316, 7667952, 7733411, 7799316, 7865321, 7930910, 7996184, 8061839, 8127681, 8193420, 8258927, 8324510, 8390438, 8456011, 8521320, 8587078, 8652558, 8718043, 8783743, 8849150, 8914734, 8980480, 9046136, 9112309, 9177716, 9243146, 9308971, 9374884, 9440272, 9506639, 9572121, 9637414, 9703197, 9769201, 9834925, 9900169, 9966338, 10032569, 10097968, 10163328, 10228829, 10293931, 10359582, 10424969, 10490485, 10555368, 10620711, 10686362, 10751263, 10816430, 10882288, 10948007, 11013685, 11078993, 11144132, 11209297, 11274945, 11340527, 11405822, 11471897, 11537556, 11602880, 11668000, 11733596, 11798790, 11864026, 11929183, 11994493, 12059965, 12125916, 12191484, 12256857, 12322487, 12387856, 12453091, 12518772, 12584373, 12649928, 12714992, 12780460, 12846253, 12911409, 12976691, 13042311, 13107794, 13173596, 13239147, 13304661, 13369823, 13434971, 13500809, 13566344, 13631820, 13697394, 13763162, 13828421, 13894177, 13959610, 14025393, 14090711, 14156041, 14221693, 14287276, 14352756, 14418309, 14484362, 14549895, 14615811, 14681230, 14746882, 14812537, 14878254, 14943738, 15009468, 15074725, 15140252, 15205610, 15271045, 15336639, 15401985, 15467616, 15533180, 15598163, 15663825, 15728908, 15794423, 15859745, 15925089, 15990794, 16056439, 16121781, 16187636, 16253046, 16318429, 16384041, 16449888, 16515689, 16581212, 16646630, 16711705, 16777215]
[65454, 131066, 196666, 262289, 328410, 393687, 459098, 524779, 590080, 655495, 721341, 787272, 852628, 918120, 983701, 1049062, 1114287, 1179898, 1245593, 1311206, 1376650, 1442186, 1507466, 1572628, 1638045, 1703276, 1768791, 1834386, 1899934, 1965626, 2030902, 2096225, 2161624, 2227000, 2292629, 2358396, 2423799, 2489403, 2554896, 2620410, 2686049, 2751632, 2816736, 2881971, 2947466, 3012620, 3078386, 3143691, 3209640, 3274936, 3340229, 3405769, 3470983, 3536108, 3601467, 3667070, 3731880, 3797645, 3862715, 3927953, 3993518, 4058869, 4124367, 4189265, 4254725, 4320257, 4385734, 4450985, 4516437, 4581846, 4647290, 4712766, 4777991, 4843569, 4908925, 4974480, 5040080, 5105608, 5170716, 5236092, 5301761, 5367162, 5432535, 5498091, 5563693, 5629526, 5694755, 5760169, 5826131, 5891930, 5957570, 6022817, 6088724, 6154195, 6219982, 6285243, 6350936, 6416328, 6481481, 6546866, 6612254, 6677569, 6743442, 6808834, 6874128, 6939214, 7004915, 7070612, 7136187, 7201734, 7267203, 7332974, 7398695, 7464517, 7529900, 7595701, 7661224, 7726375, 7792028, 7857483, 7923069, 7988466, 8053849, 8119419, 8185276, 8251148, 8316785, 8382871, 8448547, 8514113, 8579696, 8645280, 8710717, 8776130, 8841549, 8906902, 8971978, 9037363, 9102778, 9168277, 9233774, 9298913, 9364272, 9429904, 9495327, 9560765, 9625860, 9691598, 9757105, 9823033, 9888445, 9953941, 10019628, 10085356, 10150981, 10216612, 10281882, 10347656, 10413467, 10479090, 10544797, 10610771, 10676294, 10741728, 10807209, 10872907, 10938791, 11004185, 11069710, 11135125, 11200430, 11266100, 11331931, 11397330, 11462962, 11528350, 11594050, 11659844, 11725510, 11791287, 11856862, 11922400, 11988101, 12053819, 12119448, 12185159, 12250788, 12316592, 12381844, 12447144, 12512603, 12577962, 12643428, 12709069, 12774091, 12839732, 12905244, 12970688, 13036211, 13101960, 13168041, 13233812, 13299492, 13365676, 13431397, 13496478, 13562156, 13628017, 13693444, 13759093, 13824573, 13889768, 13955376, 14021055, 14086380, 14152191, 14217581, 14283272, 14348616, 14414208, 14479546, 14545588, 14611090, 14676864, 14742439, 14808286, 14873855, 14939680, 15005433, 15070693, 15136304, 15201420, 15267112, 15332778, 15398705, 15464096, 15529906, 15595289, 15660545, 15726154, 15792041, 15857548, 15923211, 15988746, 16054628, 16120349, 16186178, 16252136, 16317663, 16383383, 16449397, 16514798, 16580345, 16645607, 16711298, 16777215]
[65675, 131238, 196896, 262136, 327094, 392357, 457640, 523338, 588782, 654488, 719754, 785414, 851171, 916662, 982233, 1047726, 1113239, 1178464, 1243627, 1308759, 1374192, 1440069, 1505680, 1571167, 1636299, 1702332, 1767489, 1832944, 1898599, 1963811, 2029246, 2094587, 2160383, 2226053, 2291450, 2356934, 2422659, 2487607, 2553169, 2618831, 2684709, 2749905, 2815420, 2880821, 2946090, 3011216, 3076944, 3142615, 3207911, 3273871, 3339565, 3404940, 3470265, 3535840, 3601501, 3667091, 3732504, 3797506, 3862668, 3928267, 3993162, 4058166, 4123938, 4189109, 4254428, 4319908, 4385225, 4450557, 4516295, 4582531, 4648105, 4713693, 4779360, 4844853, 4911130, 4976738, 5042366, 5108093, 5173617, 5239404, 5305360, 5370920, 5436503, 5502355, 5567635, 5633471, 5699600, 5764515, 5829702, 5895605, 5960809, 6026221, 6091383, 6157246, 6222804, 6288005, 6353271, 6419393, 6484910, 6550547, 6616400, 6681955, 6746924, 6812668, 6877789, 6943174, 7008592, 7073973, 7139757, 7205228, 7270661, 7336250, 7401226, 7466659, 7531776, 7597735, 7663164, 7728724, 7794456, 7859697, 7925095, 7990988, 8056900, 8122294, 8188564, 8254126, 8319425, 8385049, 8450780, 8516282, 8581769, 8647241, 8712973, 8778728, 8843772, 8909419, 8974963, 9040434, 9106352, 9172193, 9238119, 9303789, 9369386, 9434778, 9500272, 9565946, 9631680, 9697638, 9763693, 9829202, 9894925, 9960107, 10025998, 10091653, 10156837, 10222430, 10288125, 10353787, 10419676, 10485022, 10550239, 10616024, 10681597, 10747624, 10812917, 10878672, 10944599, 11010148, 11076438, 11141608, 11207121, 11272569, 11337979, 11403361, 11469175, 11534517, 11600216, 11666046, 11731422, 11797011, 11862667, 11928383, 11993752, 12059348, 12124924, 12190672, 12255939, 12321218, 12387163, 12452832, 12518178, 12583816, 12649440, 12714607, 12780253, 12845899, 12911824, 12977160, 13042660, 13107961, 13173439, 13239118, 13304534, 13369856, 13435213, 13500486, 13566229, 13631979, 13697134, 13762760, 13828172, 13893721, 13959649, 14025390, 14090844, 14156449, 14222299, 14288079, 14353977, 14419371, 14485041, 14550173, 14615599, 14681076, 14746622, 14812663, 14878048, 14943778, 15009642, 15075367, 15140540, 15206044, 15271216, 15337142, 15402653, 15467768, 15533460, 15598971, 15664271, 15729321, 15794606, 15860547, 15926153, 15991819, 16057113, 16123063, 16188451, 16253939, 16319394, 16385064, 16450497, 16515691, 16581331, 16646706, 16711865, 16777215]
[65176, 130604, 196228, 262569, 328217, 393655, 459196, 524899, 590552, 656157, 721468, 787434, 852891, 918630, 983710, 1048919, 1114472, 1180306, 1245393, 1311429, 1377079, 1442610, 1507975, 1573402, 1638687, 1704164, 1769652, 1835364, 1900813, 1966206, 2031478, 2097278, 2163064, 2228542, 2294178, 2359918, 2425704, 2491030, 2556815, 2622074, 2688067, 2753588, 2819080, 2884620, 2949879, 3015084, 3080573, 3145972, 3211978, 3277080, 3342528, 3408020, 3473346, 3538865, 3604491, 3669889, 3735772, 3801296, 3866404, 3932004, 3997513, 4062807, 4128079, 4193476, 4259429, 4325259, 4390544, 4456044, 4521378, 4586700, 4652528, 4718051, 4783653, 4848817, 4913927, 4979137, 5044615, 5110228, 5175843, 5241310, 5306705, 5372109, 5437574, 5502959, 5568348, 5634137, 5699871, 5765235, 5830523, 5896044, 5961357, 6026552, 6091687, 6157285, 6222765, 6288130, 6353381, 6418837, 6484366, 6549756, 6615240, 6681086, 6746771, 6812276, 6877832, 6943455, 7008905, 7074285, 7140184, 7205520, 7270997, 7336886, 7402378, 7467790, 7533133, 7598890, 7664036, 7729047, 7794405, 7859817, 7925473, 7991097, 8056554, 8122071, 8187646, 8253241, 8319160, 8384746, 8450726, 8516157, 8581963, 8647414, 8712851, 8778360, 8844129, 8909559, 8974991, 9040502, 9105881, 9171779, 9237181, 9302703, 9368067, 9433825, 9499658, 9565180, 9630447, 9695682, 9760959, 9826679, 9892287, 9957781, 10023153, 10088699, 10154507, 10220345, 10286315, 10351916, 10417684, 10483600, 10548558, 10613679, 10680114, 10746288, 10812067, 10877672, 10943148, 11008541, 11074051, 11139598, 11205116, 11270536, 11336340, 11402201, 11467396, 11532923, 11598353, 11663670, 11729735, 11795097, 11860482, 11925847, 11991546, 12057072, 12122606, 12188686, 12254166, 12319920, 12385223, 12450952, 12516786, 12582269, 12647528, 12712833, 12778449, 12844751, 12910166, 12975705, 13041499, 13107146, 13172293, 13237857, 13303772, 13370100, 13435263, 13500552, 13565812, 13631246, 13697512, 13762786, 13828337, 13893501, 13958571, 14024114, 14089430, 14154726, 14220269, 14285740, 14351187, 14416754, 14482070, 14547969, 14613510, 14678982, 14744393, 14810133, 14875744, 14941184, 15006925, 15072594, 15138316, 15203997, 15269611, 15335172, 15400890, 15466594, 15531839, 15597348, 15662544, 15727833, 15793166, 15858864, 15924293, 15990026, 16055680, 16121663, 16187379, 16252803, 16317959, 16383606, 16448940, 16514325, 16579860, 16645459, 16711188, 16777215]
[65472, 130527, 195724, 261611, 327229, 392508, 458278, 523693, 589150, 654833, 720090, 785337, 850709, 915823, 981126, 1047243, 1112957, 1178489, 1243873, 1309346, 1374602, 1440310, 1506182, 1571799, 1637463, 1703318, 1768983, 1833938, 1899737, 1965651, 2031043, 2096557, 2161875, 2227204, 2292646, 2357638, 2423668, 2488901, 2554570, 2620258, 2685680, 2750997, 2816125, 2881383, 2946720, 3012252, 3077464, 3143687, 3209508, 3274901, 3340219, 3405771, 3471509, 3537408, 3603181, 3668350, 3734053, 3799442, 3865784, 3931390, 3996898, 4062633, 4128076, 4193771, 4259409, 4324835, 4390530, 4455917, 4521599, 4587063, 4652498, 4718389, 4783991, 4849313, 4915423, 4981358, 5047076, 5113009, 5178910, 5244712, 5310480, 5376253, 5441796, 5507440, 5572855, 5638755, 5704145, 5770120, 5835737, 5901700, 5966799, 6032186, 6097846, 6163513, 6228797, 6293921, 6359428, 6425237, 6490614, 6556198, 6621857, 6687688, 6753376, 6818744, 6884105, 6949828, 7015502, 7081027, 7147237, 7213150, 7278570, 7343925, 7409495, 7475015, 7540917, 7606904, 7672120, 7737453, 7802930, 7868813, 7934197, 7999994, 8065966, 8131292, 8196696, 8262447, 8328137, 8393619, 8459268, 8524704, 8590172, 8655874, 8721532, 8787003, 8852268, 8917906, 8983222, 9048815, 9113927, 9179467, 9244952, 9310376, 9376121, 9441583, 9507120, 9572986, 9638356, 9704280, 9770256, 9835916, 9901849, 9967361, 10032572, 10097986, 10163260, 10229219, 10294919, 10360406, 10425960, 10491014, 10556657, 10622215, 10687737, 10753107, 10818463, 10883735, 10949552, 11015251, 11080826, 11145963, 11211288, 11277081, 11342782, 11408598, 11473999, 11539177, 11604456, 11669721, 11735664, 11801236, 11866439, 11931595, 11996803, 12062304, 12128007, 12193434, 12258929, 12324440, 12390452, 12455920, 12521216, 12586674, 12652248, 12717519, 12782989, 12848446, 12913986, 12979395, 13045104, 13110190, 13175851, 13241086, 13305942, 13371798, 13437279, 13502726, 13568530, 13634030, 13699398, 13764998, 13830114, 13895428, 13960414, 14025960, 14091358, 14156796, 14222352, 14287762, 14353256, 14418606, 14484111, 14549454, 14615001, 14680306, 14745756, 14811211, 14876918, 14942728, 15008364, 15073497, 15138821, 15204407, 15270105, 15335560, 15400882, 15466441, 15532176, 15597959, 15663823, 15729244, 15794599, 15859567, 15925388, 15991070, 16056905, 16122625, 16187880, 16253256, 16318428, 16384053, 16449813, 16515285, 16580731, 16646501, 16712039, 16777215]
[65991, 131624, 197291, 262927, 328693, 393921, 459622, 525601, 590973, 656952, 722567, 787970, 853374, 919137, 984210, 1049745, 1115423, 1181190, 1246524, 1311943, 1377450, 1443246, 1508702, 1574459, 1640093, 1705351, 1771074, 1836600, 1901995, 1967674, 2032433, 2097501, 2163288, 2228703, 2294446, 2359531, 2424783, 2489812, 2555777, 2621382, 2687315, 2752845, 2818082, 2883586, 2948997, 3014703, 3080736, 3146406, 3212158, 3277531, 3343109, 3408758, 3474383, 3540157, 3606035, 3671163, 3736953, 3802520, 3868472, 3934385, 3999868, 4065473, 4131165, 4196459, 4261453, 4326778, 4392234, 4457794, 4523763, 4589479, 4654954, 4720242, 4785372, 4850452, 4916270, 4981743, 5047448, 5113080, 5178656, 5243863, 5309065, 5374711, 5440488, 5506423, 5572228, 5637553, 5703195, 5768437, 5833803, 5899359, 5964814, 6030449, 6096132, 6161512, 6226835, 6292171, 6356819, 6422106, 6487800, 6553278, 6618956, 6684625, 6750167, 6815691, 6880583, 6945771, 7011754, 7077195, 7143159, 7208621, 7274468, 7340062, 7405167, 7470853, 7536127, 7601540, 7666570, 7731767, 7797302, 7862534, 7927862, 7993469, 8059194, 8124510, 8189804, 8254949, 8320573, 8385890, 8451599, 8517197, 8582662, 8648253, 8713736, 8779498, 8844795, 8910516, 8976342, 9042062, 9107965, 9172998, 9238789, 9304169, 9369659, 9434923, 9500467, 9566141, 9631705, 9697337, 9762752, 9828561, 9894556, 9960069, 10025752, 10091159, 10156839, 10222570, 10288317, 10354146, 10419443, 10484923, 10550651, 10616246, 10681436, 10747045, 10812768, 10878712, 10943875, 11009326, 11074569, 11140364, 11206236, 11271446, 11337251, 11402632, 11468248, 11534001, 11599529, 11664641, 11729848, 11795421, 11860871, 11926767, 11992405, 12058025, 12123702, 12189100, 12254526, 12320302, 12385878, 12451472, 12517346, 12583160, 12648687, 12714418, 12780417, 12845806, 12911302, 12976602, 13041954, 13107339, 13172550, 13238201, 13303930, 13369277, 13434765, 13499976, 13565368, 13630938, 13696380, 13762111, 13827700, 13892930, 13958843, 14024819, 14090229, 14155998, 14221350, 14286840, 14352183, 14418084, 14483922, 14549450, 14614833, 14680305, 14745551, 14811227, 14876920, 14942774, 15008436, 15073745, 15139420, 15204964, 15270465, 15336189, 15401567, 15466850, 15532599, 15597883, 15663430, 15729279, 15795393, 15860960, 15926345, 15991428, 16057002, 16122334, 16187731, 16253461, 16318667, 16384470, 16449913, 16515670, 16581169, 16646340, 16711869, 16777215]
[65628, 131219, 196828, 262700, 328188, 393707, 459146, 525028, 590794, 656208, 721539, 787440, 853117, 918667, 984136, 1049745, 1115226, 1180698, 1246609, 1312201, 1377838, 1442996, 1508544, 1574210, 1639882, 1705708, 1771108, 1836460, 1902007, 1966735, 2032022, 2097293, 2162919, 2228536, 2293782, 2359269, 2424375, 2489918, 2555072, 2620399, 2686313, 2751953, 2817071, 2882817, 2948192, 3013584, 3078953, 3144549, 3210271, 3275813, 3341571, 3406748, 3472344, 3537648, 3603002, 3668738, 3734299, 3800031, 3865004, 3930704, 3996305, 4061605, 4127185, 4192725, 4257878, 4323805, 4389599, 4455071, 4520604, 4586166, 4651738, 4717523, 4783152, 4848569, 4913447, 4979136, 5044245, 5109780, 5175321, 5240563, 5305872, 5371455, 5437387, 5502469, 5567406, 5633014, 5698763, 5764479, 5829963, 5895285, 5960566, 6026137, 6091506, 6157564, 6223231, 6288762, 6354075, 6419993, 6485722, 6551681, 6617057, 6682304, 6747654, 6812963, 6878357, 6943861, 7009805, 7074945, 7140779, 7206622, 7272017, 7337313, 7402493, 7468011, 7533585, 7598991, 7664241, 7729613, 7795000, 7860849, 7926180, 7991515, 8057182, 8122653, 8187912, 8253816, 8319266, 8384948, 8450941, 8516470, 8582180, 8648001, 8713526, 8779005, 8844860, 8910433, 8976132, 9042002, 9107417, 9172823, 9238467, 9304386, 9369889, 9435163, 9500532, 9566295, 9631831, 9697721, 9762907, 9828311, 9894322, 9959440, 10024822, 10089858, 10156434, 10222520, 10288486, 10354292, 10419847, 10485212, 10550663, 10616548, 10682149, 10747583, 10813343, 10879092, 10945009, 11010506, 11075788, 11141121, 11206460, 11271906, 11337353, 11402730, 11468444, 11534295, 11599866, 11665634, 11731158, 11796248, 11861593, 11927244, 11992814, 12057803, 12123202, 12188829, 12254382, 12320001, 12385132, 12450428, 12516163, 12581715, 12647445, 12713205, 12778097, 12843734, 12909383, 12974529, 13040331, 13106016, 13171748, 13237369, 13302557, 13368086, 13433894, 13499375, 13564467, 13629920, 13695633, 13761402, 13826678, 13892240, 13958091, 14023518, 14088939, 14154594, 14220200, 14285677, 14350987, 14416840, 14482394, 14547660, 14613212, 14678896, 14744796, 14810756, 14876101, 14941337, 15007406, 15073136, 15138713, 15204409, 15269896, 15335751, 15401621, 15467238, 15532319, 15597254, 15662653, 15728350, 15794043, 15859703, 15925399, 15991167, 16056570, 16122190, 16187762, 16253163, 16318298, 16383968, 16449244, 16514953, 16580742, 16646401, 16711486, 16777215]
[65666, 131023, 196718, 262554, 328427, 394002, 459607, 525130, 590578, 655975, 722247, 787714, 852977, 918637, 984234, 1049880, 1115897, 1181205, 1246496, 1311601, 1377299, 1442856, 1508881, 1574649, 1640080, 1705761, 1771794, 1837126, 1903169, 1968252, 2034126, 2099545, 2164790, 2230379, 2295909, 2361793, 2427176, 2492752, 2558298, 2623825, 2689830, 2755587, 2821408, 2886865, 2952137, 3017546, 3083278, 3148577, 3213751, 3279579, 3345208, 3410723, 3476276, 3541955, 3607712, 3673252, 3738617, 3804097, 3869386, 3935099, 4000821, 4066634, 4131661, 4196916, 4262230, 4327742, 4393042, 4458256, 4523949, 4589650, 4655305, 4720506, 4785936, 4851530, 4917201, 4983020, 5048364, 5114182, 5179763, 5245461, 5310915, 5376324, 5442064, 5507799, 5573161, 5638690, 5704152, 5769618, 5834880, 5900354, 5965781, 6031702, 6097051, 6162755, 6227853, 6293359, 6359135, 6424780, 6490420, 6555603, 6620946, 6686414, 6752026, 6817773, 6883137, 6948753, 7014606, 7079987, 7145525, 7211200, 7276645, 7341708, 7407642, 7473385, 7538870, 7604157, 7669724, 7735359, 7800268, 7865890, 7931653, 7997429, 8062784, 8128319, 8193999, 8259158, 8324515, 8390149, 8455939, 8521757, 8587247, 8652634, 8717715, 8783099, 8848779, 8913817, 8978987, 9044390, 9109818, 9175757, 9241157, 9306492, 9371807, 9436945, 9502767, 9568157, 9633614, 9699415, 9764646, 9830427, 9896139, 9961890, 10027637, 10093001, 10158204, 10224313, 10289840, 10355812, 10421492, 10486521, 10552375, 10617267, 10683039, 10748144, 10813626, 10879528, 10945153, 11010997, 11076605, 11141810, 11207215, 11272784, 11338469, 11403942, 11469323, 11534498, 11599779, 11665546, 11730949, 11796140, 11861694, 11927236, 11993013, 12058573, 12123929, 12189627, 12255340, 12320877, 12386762, 12452447, 12518223, 12583623, 12649439, 12715033, 12780293, 12845824, 12911132, 12976872, 13042779, 13108523, 13173896, 13239408, 13304675, 13370365, 13436486, 13502180, 13567822, 13632956, 13698170, 13763469, 13829132, 13894742, 13959931, 14025421, 14090755, 14156019, 14221238, 14287041, 14352434, 14417968, 14483741, 14548735, 14614264, 14679769, 14745360, 14810617, 14876376, 14942040, 15007553, 15073362, 15139030, 15204019, 15269632, 15335613, 15401044, 15466759, 15531757, 15597512, 15662723, 15728303, 15793952, 15859815, 15925423, 15990822, 16056408, 16121443, 16187093, 16252633, 16318553, 16384326, 16450052, 16515624, 16581083, 16646720, 16711900, 16777215]
[65939, 131922, 197028, 262496, 328299, 394047, 459754, 525228, 591194, 656367, 721708, 787062, 852913, 918484, 984049, 1049370, 1114496, 1179604, 1245234, 1310617, 1375969, 1441665, 1506679, 1571903, 1637319, 1702602, 1768402, 1833473, 1898905, 1964598, 2030213, 2095536, 2161398, 2226563, 2292143, 2357675, 2423341, 2489083, 2554573, 2620403, 2686704, 2752609, 2817948, 2883422, 2949359, 3015140, 3080707, 3146334, 3212027, 3277674, 3342851, 3408663, 3474319, 3539885, 3605835, 3671171, 3736509, 3802205, 3867787, 3933036, 3998389, 4064209, 4129684, 4195259, 4260501, 4326357, 4391998, 4457488, 4523244, 4588490, 4654216, 4719730, 4785335, 4850540, 4915746, 4981170, 5046676, 5112456, 5177729, 5243289, 5308728, 5374244, 5439580, 5505474, 5571248, 5636380, 5701896, 5767315, 5832365, 5897909, 5963501, 6029010, 6094743, 6159953, 6225592, 6291193, 6356561, 6421949, 6487727, 6553180, 6618573, 6683679, 6748850, 6814482, 6879778, 6945266, 7010453, 7075852, 7141352, 7207216, 7272480, 7337938, 7403943, 7469405, 7535250, 7600869, 7666576, 7732335, 7797848, 7863196, 7928149, 7994262, 8059435, 8125029, 8191104, 8256642, 8321978, 8387309, 8452480, 8517824, 8583331, 8648667, 8714101, 8779572, 8845609, 8910974, 8976635, 9041991, 9107584, 9173098, 9238581, 9304249, 9370028, 9435975, 9501438, 9566884, 9632817, 9698402, 9764136, 9829902, 9895537, 9961326, 10026368, 10091790, 10157347, 10222868, 10288571, 10353999, 10420020, 10485628, 10551221, 10616825, 10682389, 10747923, 10813443, 10878624, 10944295, 11010043, 11075620, 11141256, 11207169, 11273278, 11339239, 11404680, 11469822, 11535019, 11600486, 11666147, 11731650, 11797419, 11862803, 11927897, 11993011, 12058989, 12124041, 12189942, 12255356, 12320672, 12386015, 12451576, 12517292, 12582796, 12648225, 12714022, 12779402, 12844922, 12910330, 12976004, 13041365, 13107124, 13172390, 13238075, 13303546, 13368977, 13434707, 13500115, 13566014, 13632131, 13697644, 13763333, 13829148, 13894510, 13960830, 14025799, 14091089, 14156884, 14222219, 14287857, 14353320, 14418880, 14484116, 14549251, 14614883, 14680040, 14746236, 14811408, 14877136, 14942499, 15008414, 15073985, 15139489, 15204936, 15270765, 15336836, 15402621, 15468321, 15533970, 15599340, 15664595, 15729887, 15795587, 15860956, 15926443, 15991678, 16057368, 16122815, 16188020, 16253643, 16318974, 16384700, 16450902, 16515888, 16580884, 16646247, 16711694, 16777215]
[65817, 131589, 196896, 262390, 327963, 393349, 458952, 524499, 589843, 655268, 720812, 786289, 851853, 917393, 983053, 1048916, 1115011, 1180509, 1246261, 1311522, 1377167, 1442855, 1508922, 1574494, 1639815, 1705473, 1771065, 1836515, 1902338, 1967963, 2033401, 2098932, 2164119, 2229827, 2295334, 2361059, 2426674, 2492091, 2557649, 2623337, 2689015, 2754754, 2820513, 2886444, 2951664, 3017354, 3083055, 3148623, 3214050, 3279454, 3344779, 3410338, 3476160, 3541667, 3606756, 3671811, 3737521, 3803342, 3869034, 3934766, 4000078, 4065512, 4131181, 4196737, 4262424, 4328291, 4393440, 4458802, 4524207, 4589652, 4655120, 4720709, 4786135, 4851639, 4917105, 4982627, 5048271, 5113544, 5179620, 5245601, 5311063, 5376502, 5441797, 5507063, 5572628, 5638156, 5703988, 5769474, 5834956, 5900215, 5965861, 6031813, 6097389, 6162708, 6228174, 6293570, 6359344, 6425062, 6490595, 6555952, 6621052, 6686710, 6752808, 6817942, 6883922, 6949416, 7014708, 7080193, 7145398, 7210956, 7276865, 7342307, 7407676, 7473632, 7538852, 7604076, 7669366, 7735091, 7800244, 7866037, 7931379, 7996923, 8062593, 8128177, 8193539, 8259158, 8324881, 8390472, 8456181, 8521386, 8586961, 8652245, 8717927, 8783255, 8848760, 8914502, 8980106, 9045282, 9110914, 9177147, 9242993, 9308852, 9374199, 9439785, 9505448, 9570971, 9636560, 9702426, 9767710, 9833071, 9898412, 9963608, 10029119, 10094549, 10160227, 10225379, 10291081, 10356215, 10421438, 10486900, 10552295, 10617846, 10683434, 10748800, 10814277, 10879418, 10945040, 11010402, 11075732, 11141192, 11207096, 11272818, 11338332, 11403787, 11469644, 11534927, 11600140, 11665640, 11730920, 11796312, 11862094, 11927726, 11992626, 12058574, 12123594, 12189109, 12254487, 12319994, 12385504, 12450929, 12515979, 12581772, 12647520, 12713103, 12778516, 12844117, 12909719, 12975497, 13041181, 13106877, 13172633, 13238145, 13303722, 13369177, 13434403, 13500224, 13565960, 13631243, 13696941, 13762688, 13828758, 13893770, 13959728, 14024826, 14090165, 14155664, 14221114, 14286626, 14352174, 14418126, 14484107, 14549400, 14615111, 14680761, 14746385, 14811486, 14876937, 14942081, 15007573, 15072780, 15137890, 15203642, 15269122, 15334629, 15399969, 15465475, 15530778, 15595948, 15661243, 15726446, 15792235, 15857826, 15923664, 15989439, 16055082, 16120602, 16186601, 16252522, 16318302, 16384256, 16449622, 16514791, 16580289, 16646045, 16711295, 16777215]
[65514, 131254, 196796, 262054, 328141, 393531, 458853, 524072, 589808, 654742, 719959, 785174, 850422, 916184, 981904, 1047306, 1112894, 1178509, 1244236, 1309516, 1375546, 1441505, 1506828, 1572229, 1637908, 1703651, 1769518, 1834877, 1900294, 1965722, 2031652, 2097351, 2162799, 2228615, 2294309, 2359875, 2425565, 2491352, 2556951, 2622212, 2687790, 2753437, 2819027, 2884571, 2950271, 3015757, 3081346, 3146848, 3211873, 3277729, 3343124, 3408896, 3474706, 3539760, 3605513, 3671096, 3736448, 3801784, 3867355, 3932629, 3998338, 4063694, 4129448, 4194992, 4260547, 4325824, 4391327, 4456758, 4522445, 4588151, 4653601, 4719091, 4784492, 4849780, 4915120, 4980838, 5046146, 5111992, 5177274, 5243023, 5308494, 5373903, 5439260, 5504385, 5569811, 5635743, 5701126, 5766749, 5832087, 5897773, 5963346, 6028886, 6093749, 6159444, 6225249, 6290791, 6356616, 6422301, 6487532, 6553294, 6618616, 6683822, 6749044, 6814263, 6879750, 6945612, 7011005, 7076525, 7142245, 7207606, 7273116, 7338665, 7404242, 7469541, 7535179, 7601259, 7666413, 7731828, 7797511, 7863125, 7928833, 7994616, 8059898, 8125301, 8190700, 8256317, 8321997, 8387850, 8453218, 8518827, 8584171, 8649537, 8714954, 8780603, 8845536, 8911165, 8976931, 9042543, 9107681, 9173234, 9239473, 9305680, 9371249, 9436958, 9502465, 9567861, 9632905, 9698278, 9763871, 9829329, 9894847, 9960427, 10026050, 10091710, 10157040, 10222782, 10288300, 10353765, 10418941, 10484401, 10550271, 10615731, 10680929, 10746424, 10811857, 10877534, 10943313, 11008334, 11073903, 11139571, 11205274, 11270939, 11336674, 11402376, 11467980, 11533680, 11599594, 11665358, 11730920, 11796408, 11862178, 11927769, 11993116, 12058650, 12124005, 12189648, 12255157, 12320891, 12386090, 12451391, 12516977, 12582281, 12648131, 12713622, 12779268, 12844875, 12910483, 12975860, 13042052, 13107810, 13173024, 13238800, 13304670, 13369912, 13435706, 13501355, 13566880, 13631855, 13697143, 13762730, 13828405, 13893668, 13959113, 14024657, 14090475, 14155861, 14221465, 14286784, 14352149, 14418068, 14483656, 14549255, 14614995, 14680610, 14746072, 14811767, 14877380, 14942717, 15008160, 15073564, 15139178, 15204679, 15269862, 15335016, 15400927, 15466373, 15532069, 15597418, 15663138, 15729037, 15794462, 15860130, 15925245, 15990933, 16056821, 16122511, 16187897, 16253323, 16318608, 16384181, 16449445, 16514571, 16580554, 16646190, 16711646, 16777215]
[65415, 130928, 196264, 261769, 327559, 392933, 458511, 524498, 589945, 656241, 721788, 787307, 852816, 918812, 984290, 1049503, 1114874, 1180290, 1245551, 1310591, 1375784, 1441263, 1506888, 1572658, 1638365, 1703717, 1769422, 1834506, 1899873, 1965854, 2031389, 2097429, 2163101, 2228781, 2294345, 2359972, 2425399, 2491261, 2556605, 2622271, 2687695, 2753349, 2819055, 2884539, 2949992, 3015995, 3081188, 3146540, 3212292, 3277779, 3343319, 3408769, 3473969, 3539170, 3604847, 3670225, 3735620, 3801172, 3866700, 3932026, 3997792, 4063241, 4128673, 4194391, 4259712, 4325198, 4390368, 4455379, 4521463, 4587366, 4652632, 4717954, 4783100, 4848347, 4914291, 4979692, 5045116, 5110867, 5175896, 5241718, 5307460, 5373100, 5438692, 5503903, 5569057, 5634994, 5700873, 5766305, 5831724, 5897417, 5963306, 6029530, 6095214, 6160741, 6226317, 6292021, 6357463, 6423064, 6488525, 6554052, 6619290, 6684912, 6750195, 6815675, 6881402, 6946603, 7012307, 7078130, 7143687, 7209396, 7275044, 7340421, 7405635, 7470769, 7536131, 7602159, 7667696, 7733254, 7798213, 7863380, 7928710, 7994544, 8059977, 8125653, 8191299, 8256756, 8322169, 8387577, 8453134, 8518473, 8583912, 8649302, 8715164, 8781223, 8846576, 8912050, 8977128, 9042594, 9108438, 9173611, 9239166, 9304781, 9369976, 9434933, 9500707, 9566542, 9632058, 9697661, 9763339, 9828998, 9894334, 9959602, 10024701, 10090516, 10156457, 10222409, 10287802, 10353222, 10418681, 10484086, 10549575, 10615129, 10680688, 10746197, 10811430, 10876648, 10942614, 11008581, 11074503, 11139767, 11205009, 11270763, 11335864, 11401459, 11466840, 11532193, 11597969, 11663882, 11729565, 11795037, 11860864, 11926516, 11992066, 12057849, 12123356, 12188514, 12254189, 12319714, 12385331, 12451346, 12516980, 12582394, 12648045, 12713504, 12778994, 12844690, 12910375, 12975533, 13041299, 13106367, 13171912, 13237499, 13303126, 13368888, 13434621, 13500141, 13565859, 13631769, 13697132, 13762498, 13828016, 13893766, 13959210, 14024692, 14090217, 14155827, 14221172, 14286882, 14352691, 14418137, 14483666, 14549240, 14614985, 14680298, 14745735, 14811235, 14876943, 14942644, 15008456, 15074147, 15139709, 15205323, 15270816, 15336309, 15401967, 15467393, 15533281, 15598538, 15664378, 15730160, 15795366, 15860515, 15925726, 15991473, 16057118, 16122821, 16188224, 16254035, 16319532, 16385177, 16449983, 16515487, 16580753, 16646259, 16711812, 16777215]
[65862, 131250, 196891, 262242, 327544, 393144, 458900, 524594, 590347, 655619, 721155, 786644, 851978, 917160, 982942, 1048793, 1114563, 1180058, 1245836, 1310996, 1376362, 1441611, 1507298, 1572875, 1638236, 1703969, 1769181, 1835078, 1900478, 1965552, 2031303, 2096843, 2162646, 2228407, 2293824, 2359552, 2424622, 2490033, 2555943, 2621246, 2686902, 2752248, 2817587, 2883335, 2948383, 3014023, 3079862, 3145173, 3210515, 3275447, 3341192, 3406296, 3471584, 3537142, 3602420, 3667959, 3733771, 3799113, 3864349, 3929857, 3995597, 4061116, 4126693, 4192068, 4257428, 4323143, 4389059, 4454664, 4519870, 4585445, 4650788, 4716809, 4782568, 4847908, 4913407, 4978846, 5044539, 5110455, 5175767, 5241501, 5307078, 5372677, 5438172, 5503741, 5569051, 5634756, 5700364, 5765574, 5831362, 5897310, 5962893, 6028576, 6093978, 6159440, 6225016, 6290183, 6356126, 6421391, 6487114, 6552543, 6618425, 6683953, 6749766, 6815516, 6881331, 6947259, 7012901, 7078617, 7144412, 7209835, 7275497, 7341206, 7406618, 7471874, 7537885, 7603563, 7669106, 7734689, 7800464, 7865698, 7931345, 7996797, 8062008, 8127558, 8193101, 8258721, 8324350, 8389992, 8455657, 8521015, 8586416, 8651691, 8717188, 8782428, 8848434, 8914234, 8979895, 9045937, 9111743, 9176984, 9242052, 9307837, 9373507, 9438910, 9504324, 9569703, 9635139, 9700733, 9766806, 9832142, 9897906, 9963540, 10028919, 10094610, 10160451, 10225770, 10291049, 10356832, 10422061, 10487384, 10552809, 10618616, 10683971, 10749415, 10815170, 10880700, 10946359, 11011737, 11077224, 11142920, 11208645, 11274086, 11339659, 11405135, 11470746, 11536436, 11602023, 11667212, 11733112, 11798298, 11864025, 11929508, 11994905, 12060102, 12125725, 12190988, 12256633, 12322172, 12387479, 12453381, 12519131, 12584413, 12650076, 12715478, 12781295, 12846925, 12912114, 12977450, 13042668, 13108435, 13173803, 13238877, 13304042, 13369705, 13435395, 13500982, 13566660, 13631949, 13697574, 13763399, 13829275, 13894564, 13960170, 14026221, 14091987, 14157309, 14222730, 14288266, 14353724, 14419255, 14484580, 14549733, 14615249, 14680920, 14746570, 14812540, 14877745, 14943430, 15009020, 15074568, 15139683, 15205248, 15270963, 15336762, 15401944, 15467552, 15533090, 15598498, 15663998, 15729503, 15794913, 15860940, 15926456, 15991601, 16057227, 16122656, 16188127, 16253941, 16319684, 16385386, 16450535, 16515698, 16581065, 16646654, 16712114, 16777215]
[65311, 130524, 196461, 262003, 327343, 392824, 458237, 523482, 589565, 655192, 720350, 786183, 851627, 917459, 982987, 1048713, 1114381, 1180289, 1245678, 1311203, 1377082, 1442958, 1508501, 1574728, 1640340, 1706033, 1771549, 1837174, 1902759, 1968041, 2033042, 2098558, 2164309, 2229629, 2294872, 2360438, 2426138, 2491692, 2557445, 2622614, 2687969, 2753368, 2818473, 2884579, 2949751, 3015184, 3081026, 3146547, 3212078, 3277321, 3343083, 3408416, 3473413, 3538996, 3604703, 3670188, 3735052, 3800626, 3865936, 3932060, 3997597, 4062958, 4128612, 4193613, 4259358, 4324733, 4390002, 4455261, 4520589, 4586056, 4651349, 4717058, 4782275, 4847956, 4913183, 4978867, 5044786, 5110189, 5175340, 5241168, 5306795, 5372242, 5437540, 5502440, 5568341, 5633292, 5698355, 5763697, 5829108, 5894336, 5960093, 6025824, 6091369, 6157017, 6222871, 6288431, 6354236, 6420414, 6485987, 6551442, 6616580, 6682432, 6747313, 6812606, 6878189, 6943885, 7009812, 7075259, 7140588, 7205857, 7271423, 7337038, 7402983, 7468310, 7533725, 7599031, 7664050, 7729584, 7795662, 7861119, 7926755, 7991996, 8057419, 8122727, 8188314, 8254629, 8320220, 8385927, 8451510, 8516978, 8582406, 8648094, 8713752, 8779388, 8845296, 8910924, 8976469, 9042139, 9107490, 9172573, 9238233, 9303452, 9369112, 9434632, 9500042, 9565656, 9631050, 9696797, 9762081, 9827770, 9893360, 9958699, 10024428, 10090003, 10155818, 10220995, 10286337, 10352057, 10417938, 10483115, 10548503, 10613805, 10679409, 10744671, 10810862, 10876057, 10942264, 11007585, 11072620, 11138077, 11203620, 11268923, 11334818, 11400162, 11465539, 11531278, 11596634, 11661864, 11727933, 11794024, 11859548, 11924944, 11990357, 12055880, 12121276, 12186444, 12252184, 12317450, 12382899, 12448861, 12514250, 12579649, 12645245, 12711015, 12776415, 12842046, 12907746, 12973571, 13038850, 13104612, 13170141, 13235149, 13300901, 13366520, 13431877, 13497456, 13562741, 13628373, 13694032, 13759535, 13825369, 13890878, 13956440, 14021876, 14087864, 14153574, 14219117, 14285051, 14350388, 14415950, 14481777, 14547540, 14613686, 14679311, 14745021, 14810840, 14876236, 14941623, 15007120, 15072775, 15138301, 15204165, 15270024, 15335454, 15401222, 15466645, 15532584, 15597930, 15663339, 15728809, 15794714, 15860420, 15926069, 15991499, 16056918, 16121961, 16187418, 16252914, 16318328, 16384080, 16449318, 16515056, 16580492, 16645832, 16711789, 16777215]
[65852, 131368, 196881, 262641, 327998, 393475, 459175, 525240, 590924, 656648, 721981, 787289, 852533, 918006, 983543, 1049505, 1115278, 1180581, 1246121, 1311479, 1376869, 1442283, 1507303, 1572320, 1638151, 1703982, 1769234, 1834732, 1900130, 1965894, 2031361, 2097102, 2162595, 2228109, 2293631, 2358931, 2424570, 2490426, 2555996, 2621086, 2687522, 2753074, 2818471, 2884083, 2949724, 3015181, 3080933, 3146806, 3211585, 3276850, 3343131, 3408352, 3473899, 3539649, 3605311, 3670544, 3736177, 3802040, 3867417, 3932882, 3998864, 4064402, 4129636, 4195191, 4260738, 4326058, 4391735, 4457320, 4522878, 4588788, 4654567, 4720160, 4785843, 4851278, 4916908, 4982617, 5047664, 5112951, 5178637, 5243728, 5309346, 5375138, 5440595, 5506197, 5571862, 5637339, 5702669, 5768466, 5833993, 5899411, 5965087, 6030443, 6096329, 6162021, 6227440, 6292807, 6358670, 6424557, 6490406, 6555694, 6621459, 6687358, 6753193, 6818768, 6884255, 6950128, 7015719, 7081305, 7146791, 7211933, 7277140, 7342880, 7408259, 7473349, 7538824, 7604075, 7669105, 7734549, 7800114, 7865909, 7931364, 7997323, 8062497, 8128402, 8193827, 8259204, 8324920, 8390730, 8456101, 8521690, 8587395, 8652990, 8718868, 8784120, 8849522, 8915281, 8980923, 9046428, 9112064, 9177603, 9243214, 9308818, 9373870, 9438893, 9504458, 9570112, 9635638, 9701650, 9767111, 9833237, 9898685, 9963955, 10029248, 10095364, 10160988, 10226542, 10292256, 10357602, 10423429, 10489102, 10554601, 10619870, 10685150, 10750724, 10816638, 10882446, 10948306, 11013542, 11079226, 11144775, 11209753, 11274896, 11340552, 11405911, 11471845, 11537381, 11602854, 11668661, 11734492, 11799694, 11865847, 11931017, 11996092, 12061370, 12127137, 12192444, 12258141, 12323825, 12389078, 12454276, 12519556, 12585110, 12650977, 12716199, 12782128, 12847672, 12912849, 12978528, 13043933, 13109269, 13175187, 13240896, 13306810, 13372520, 13438423, 13503903, 13569294, 13634554, 13700250, 13765761, 13831468, 13896872, 13962211, 14027340, 14092695, 14158239, 14224235, 14289138, 14354460, 14420256, 14485529, 14551314, 14616864, 14682295, 14747690, 14813037, 14878255, 14943797, 15009101, 15074618, 15140206, 15205667, 15270992, 15336436, 15401914, 15467490, 15533133, 15598591, 15664141, 15729306, 15795048, 15860451, 15926061, 15991743, 16057131, 16122887, 16188324, 16253275, 16318830, 16384146, 16449357, 16514600, 16580021, 16645650, 16711433, 16777215]
[65786, 131251, 196338, 261467, 327326, 393028, 458594, 524043, 588882, 654158, 719562, 785201, 850562, 915889, 981567, 1047217, 1112684, 1178207, 1244043, 1309231, 1374689, 1440159, 1505861, 1571354, 1637220, 1702606, 1768390, 1834147, 1900010, 1966129, 2031956, 2097002, 2162878, 2228354, 2293986, 2359667, 2424905, 2490657, 2555922, 2621226, 2687018, 2752777, 2818562, 2884150, 2949189, 3014864, 3080576, 3146005, 3211557, 3277141, 3342074, 3407868, 3473524, 3539388, 3604805, 3670006, 3735645, 3801609, 3867034, 3932670, 3997502, 4062627, 4128602, 4194117, 4259727, 4325007, 4390492, 4456409, 4521441, 4587142, 4652488, 4718206, 4783687, 4849762, 4915570, 4981255, 5046564, 5111963, 5177436, 5242668, 5308163, 5373617, 5439272, 5504562, 5569725, 5635553, 5701064, 5766422, 5831974, 5897502, 5963077, 6028722, 6094218, 6159844, 6225213, 6290854, 6357032, 6422701, 6488166, 6554526, 6619659, 6685021, 6750439, 6815926, 6881753, 6947138, 7012687, 7078115, 7143094, 7208960, 7274350, 7339784, 7405153, 7471079, 7536831, 7602335, 7668001, 7733521, 7799345, 7864996, 7930375, 7995861, 8061397, 8126711, 8191967, 8257328, 8322881, 8388569, 8454295, 8519721, 8584961, 8650228, 8716201, 8781894, 8847444, 8913141, 8978900, 9044023, 9109581, 9175491, 9241120, 9306382, 9371885, 9437164, 9502665, 9568048, 9634024, 9699768, 9765219, 9830583, 9896011, 9961103, 10026649, 10092156, 10157450, 10222589, 10288244, 10353587, 10419711, 10485023, 10550760, 10616163, 10681942, 10747264, 10812818, 10878602, 10944128, 11010010, 11075270, 11141293, 11207174, 11272436, 11338077, 11403316, 11469259, 11535052, 11600876, 11666312, 11731953, 11797819, 11863329, 11928746, 11994420, 12059979, 12125921, 12191439, 12256742, 12322128, 12387793, 12453077, 12518927, 12584144, 12650000, 12715065, 12781320, 12847154, 12912699, 12977836, 13043423, 13108737, 13174555, 13239842, 13305171, 13370855, 13436407, 13501758, 13567708, 13633207, 13698868, 13764093, 13829868, 13895555, 13961031, 14026608, 14092547, 14157828, 14222912, 14288429, 14353776, 14419640, 14485288, 14550854, 14615904, 14681898, 14747037, 14812781, 14878283, 14944005, 15009584, 15074942, 15140473, 15206107, 15271707, 15337734, 15402719, 15468279, 15533976, 15599188, 15665422, 15731016, 15796803, 15862781, 15928016, 15993364, 16058365, 16123858, 16188803, 16254123, 16319853, 16385246, 16450353, 16515205, 16580814, 16646191, 16711830, 16777215]
[65762, 131300, 196614, 261956, 327770, 393556, 459209, 524473, 589696, 655528, 721223, 787445, 853466, 918659, 984454, 1050093, 1116131, 1181734, 1247332, 1312407, 1377681, 1443081, 1508634, 1573978, 1639459, 1704684, 1770218, 1835803, 1901037, 1966034, 2031790, 2097565, 2163084, 2228875, 2294532, 2360126, 2426003, 2491909, 2557453, 2623164, 2688588, 2753845, 2819342, 2884566, 2950314, 3015857, 3081123, 3146808, 3211958, 3277479, 3343207, 3408752, 3474230, 3539636, 3605228, 3670356, 3735918, 3802172, 3867578, 3932569, 3997785, 4063739, 4129245, 4194999, 4260280, 4325729, 4391306, 4456730, 4522243, 4587577, 4652871, 4718506, 4784014, 4849499, 4914859, 4980200, 5045595, 5110887, 5176456, 5241363, 5306661, 5371632, 5437292, 5503043, 5568342, 5633915, 5699395, 5765008, 5830471, 5895894, 5961328, 6026738, 6092028, 6157323, 6222730, 6288292, 6354245, 6419463, 6484629, 6550561, 6615967, 6681394, 6746816, 6812166, 6877987, 6943517, 7009075, 7075034, 7140708, 7206226, 7271863, 7337674, 7403433, 7469117, 7534329, 7599816, 7665670, 7731078, 7796708, 7862056, 7927980, 7993544, 8059116, 8124565, 8190148, 8255937, 8321740, 8387224, 8453169, 8518574, 8584390, 8650114, 8715413, 8781118, 8846305, 8912678, 8977984, 9043245, 9109325, 9175188, 9240341, 9305981, 9371050, 9436364, 9502129, 9567484, 9633162, 9698762, 9764362, 9829955, 9895690, 9961325, 10026563, 10091885, 10157133, 10222811, 10288283, 10353628, 10419231, 10484702, 10549734, 10615502, 10680998, 10746459, 10811937, 10877528, 10942875, 11008465, 11073925, 11139332, 11204751, 11270071, 11335743, 11401375, 11466945, 11532734, 11598275, 11663946, 11729541, 11794943, 11860570, 11926220, 11991655, 12056997, 12122281, 12187902, 12253414, 12319567, 12385123, 12450553, 12515721, 12581001, 12646088, 12711967, 12777074, 12842498, 12908079, 12973564, 13039132, 13104757, 13170417, 13235862, 13301268, 13367028, 13432732, 13498614, 13564429, 13629956, 13695585, 13761358, 13826895, 13892352, 13957538, 14023468, 14089450, 14154897, 14220461, 14286075, 14351269, 14417019, 14482174, 14547401, 14612843, 14678801, 14744514, 14810068, 14875355, 14941184, 15007215, 15072900, 15137990, 15202818, 15268681, 15334293, 15399385, 15465231, 15530558, 15596215, 15661498, 15727291, 15793131, 15858482, 15924090, 15989682, 16055296, 16120897, 16186240, 16251735, 16317367, 16383088, 16448987, 16514804, 16580189, 16645388, 16711128, 16777215]
[65405, 130474, 196211, 261400, 326807, 392524, 457977, 523654, 589464, 654862, 720781, 785920, 851611, 917300, 982342, 1048305, 1113639, 1179410, 1244622, 1309936, 1375021, 1440682, 1506376, 1571690, 1637159, 1702495, 1768032, 1833612, 1899284, 1964717, 2030252, 2096339, 2162194, 2227744, 2293492, 2359060, 2424408, 2489688, 2555290, 2621095, 2685907, 2751606, 2817145, 2882755, 2948227, 3013497, 3078943, 3144542, 3210091, 3275840, 3341664, 3407166, 3472875, 3538505, 3603859, 3668897, 3734939, 3800047, 3864930, 3930504, 3996375, 4061848, 4127394, 4192751, 4258163, 4323602, 4389412, 4455367, 4521355, 4586712, 4651957, 4717306, 4783184, 4848456, 4913785, 4979057, 5044413, 5109944, 5175581, 5240996, 5306867, 5371978, 5437384, 5503246, 5568864, 5634050, 5699962, 5765093, 5830744, 5896174, 5961748, 6027538, 6093335, 6159026, 6224806, 6290157, 6355574, 6421347, 6486523, 6552071, 6616899, 6683121, 6748349, 6814103, 6879866, 6945940, 7011986, 7077581, 7143255, 7208837, 7274410, 7339868, 7405723, 7471121, 7536594, 7602386, 7668163, 7733712, 7799333, 7864584, 7930039, 7995658, 8061200, 8126618, 8192157, 8257630, 8323013, 8388820, 8454407, 8519587, 8585123, 8650710, 8716203, 8781455, 8846926, 8912434, 8978161, 9043962, 9109411, 9174473, 9239889, 9305615, 9370766, 9436408, 9502600, 9568488, 9634155, 9699606, 9764912, 9830418, 9895738, 9961284, 10026871, 10092085, 10157631, 10223226, 10288916, 10354617, 10420661, 10486516, 10551566, 10617006, 10682531, 10748252, 10813577, 10879464, 10944931, 11010561, 11076103, 11141178, 11206473, 11271798, 11336737, 11402688, 11468271, 11533665, 11599157, 11664970, 11730879, 11796700, 11862321, 11928257, 11993446, 12059183, 12125235, 12190435, 12255581, 12321018, 12387232, 12452471, 12517868, 12583339, 12648624, 12713981, 12780037, 12845950, 12911393, 12977368, 13043106, 13108551, 13174002, 13239400, 13304573, 13369863, 13435093, 13500823, 13566689, 13632560, 13698081, 13763835, 13829732, 13895433, 13961216, 14027160, 14092528, 14158148, 14223901, 14289715, 14355366, 14420733, 14486108, 14551701, 14617009, 14682759, 14747981, 14813164, 14878463, 14944137, 15009543, 15075130, 15140625, 15205845, 15270863, 15336623, 15402098, 15467269, 15532523, 15598026, 15663909, 15729642, 15795146, 15860497, 15926141, 15991691, 16057013, 16122483, 16187753, 16253168, 16318944, 16384897, 16450154, 16515412, 16580866, 16646214, 16711990, 16777215]
[65350, 130450, 196229, 262094, 327596, 392658, 458274, 523728, 589185, 654345, 719984, 785574, 851199, 916644, 982419, 1048045, 1113556, 1179345, 1244946, 1310404, 1375847, 1441433, 1507047, 1572303, 1638107, 1703671, 1769595, 1835207, 1900774, 1966603, 2032192, 2097844, 2163357, 2229132, 2294740, 2360424, 2426024, 2491371, 2557139, 2622867, 2688522, 2753820, 2819288, 2884676, 2949940, 3015046, 3080363, 3145994, 3211503, 3277351, 3343029, 3408469, 3473984, 3539965, 3605093, 3670765, 3736357, 3801685, 3867455, 3932744, 3998446, 4063921, 4129885, 4196127, 4261363, 4326585, 4392366, 4457671, 4523400, 4588460, 4653971, 4719460, 4785160, 4850738, 4916416, 4982351, 5047636, 5112920, 5178704, 5244129, 5309260, 5374877, 5440355, 5505904, 5571824, 5637472, 5703245, 5768727, 5834008, 5899534, 5965115, 6030365, 6096336, 6161416, 6226912, 6292291, 6357628, 6423275, 6489057, 6554260, 6619877, 6684989, 6750921, 6816133, 6882004, 6947655, 7013494, 7079192, 7145130, 7210037, 7275040, 7340590, 7406513, 7472314, 7538353, 7604090, 7669689, 7735221, 7801105, 7866647, 7932287, 7998088, 8063712, 8129272, 8194679, 8260340, 8325893, 8391577, 8457286, 8522929, 8588632, 8654016, 8719517, 8785272, 8850491, 8916148, 8981795, 9047221, 9112828, 9178435, 9244193, 9309426, 9375190, 9440396, 9506144, 9571768, 9637179, 9702163, 9768383, 9833779, 9899407, 9964551, 10029897, 10095606, 10161081, 10226958, 10292674, 10358337, 10423881, 10489413, 10554653, 10620287, 10686182, 10751814, 10817100, 10882502, 10948308, 11013895, 11079159, 11144634, 11209995, 11275342, 11341138, 11406361, 11472114, 11537310, 11602794, 11668290, 11733758, 11799391, 11864829, 11930367, 11995959, 12061666, 12126550, 12192004, 12257145, 12322924, 12388038, 12454005, 12519268, 12585609, 12651410, 12716919, 12782376, 12847487, 12913192, 12978943, 13044582, 13110185, 13175898, 13241562, 13306890, 13372204, 13437667, 13502650, 13568107, 13633222, 13698849, 13764580, 13829908, 13895069, 13960732, 14026251, 14091621, 14157216, 14222435, 14288371, 14354019, 14419689, 14485447, 14550623, 14615905, 14681368, 14746735, 14812492, 14877806, 14943163, 15007928, 15073175, 15138686, 15203910, 15269551, 15335256, 15400379, 15466118, 15531557, 15597006, 15662774, 15728289, 15793876, 15859772, 15925182, 15990749, 16056319, 16121527, 16186995, 16252517, 16318145, 16383951, 16449550, 16515017, 16580747, 16646182, 16711635, 16777215]
[65228, 130595, 196302, 261625, 327124, 392645, 458464, 523958, 589446, 654798, 720708, 786489, 852363, 918029, 983238, 1048938, 1114607, 1179753, 1245369, 1311106, 1377558, 1442842, 1508344, 1573616, 1639140, 1705163, 1770718, 1836522, 1901929, 1967342, 2033287, 2098499, 2164283, 2229423, 2294807, 2360363, 2426061, 2491498, 2556954, 2622046, 2687553, 2753266, 2818744, 2884216, 2950331, 3016375, 3081762, 3147579, 3213375, 3279236, 3344605, 3409741, 3475368, 3541143, 3606804, 3671681, 3737389, 3802919, 3868391, 3933661, 3999202, 4065007, 4130449, 4195874, 4261347, 4326841, 4392255, 4457895, 4523641, 4588600, 4653933, 4719136, 4784444, 4850451, 4915980, 4981130, 5046225, 5112181, 5177827, 5243008, 5308736, 5374129, 5440045, 5505544, 5570768, 5635782, 5701275, 5766945, 5832267, 5897839, 5963161, 6028543, 6094061, 6159518, 6225073, 6290577, 6356177, 6421769, 6487588, 6553294, 6618674, 6684439, 6749729, 6815068, 6880402, 6945551, 7010767, 7076249, 7141355, 7207201, 7272895, 7338915, 7403994, 7469427, 7534792, 7600551, 7666340, 7732219, 7797529, 7862714, 7928352, 7993676, 8059530, 8125058, 8190503, 8255813, 8321972, 8387557, 8452978, 8518248, 8583950, 8649754, 8715009, 8780368, 8845753, 8911201, 8976225, 9042023, 9107186, 9172894, 9238332, 9303811, 9369348, 9435128, 9500243, 9565753, 9631346, 9696853, 9762526, 9828242, 9893295, 9958801, 10024374, 10090041, 10155317, 10221099, 10286728, 10352807, 10417987, 10483664, 10549293, 10614615, 10680208, 10745561, 10810947, 10876353, 10941368, 11006724, 11072119, 11137436, 11203022, 11268637, 11334127, 11399662, 11465888, 11531301, 11596291, 11662023, 11727701, 11793388, 11858629, 11924405, 11990081, 12055393, 12120982, 12186853, 12252423, 12317912, 12383583, 12448976, 12514908, 12580446, 12646076, 12711656, 12777609, 12843067, 12908637, 12973896, 13039332, 13104831, 13170168, 13235313, 13300627, 13366365, 13432162, 13497846, 13563152, 13629153, 13694897, 13760254, 13825871, 13891665, 13957443, 14022777, 14088649, 14154368, 14220084, 14285462, 14351263, 14417339, 14483202, 14549330, 14615095, 14680328, 14745889, 14811588, 14876918, 14942330, 15007809, 15073877, 15139627, 15205170, 15270489, 15336209, 15402387, 15467344, 15532619, 15597818, 15663144, 15728331, 15793738, 15859414, 15924889, 15990237, 16056115, 16121681, 16187374, 16253100, 16318819, 16384366, 16449968, 16515416, 16581073, 16646183, 16711515, 16777215]
[65607, 131105, 196394, 262095, 327845, 392889, 458585, 524213, 589771, 654723, 720208, 785997, 851445, 916923, 982552, 1048148, 1113934, 1179502, 1245394, 1310305, 1375559, 1441391, 1506897, 1572297, 1637386, 1703073, 1768215, 1834062, 1899867, 1965372, 2030764, 2096312, 2161818, 2227369, 2292685, 2358257, 2423689, 2489246, 2554207, 2619912, 2685815, 2751012, 2816275, 2881594, 2946931, 3012789, 3078253, 3144214, 3210088, 3275466, 3341249, 3406811, 3472664, 3538137, 3604008, 3669148, 3735129, 3800966, 3866321, 3932190, 3997517, 4063138, 4128756, 4194340, 4259962, 4325066, 4390900, 4456979, 4522627, 4588356, 4653767, 4719529, 4785153, 4850623, 4916213, 4981325, 5046623, 5111681, 5177455, 5243027, 5308328, 5374238, 5439239, 5504596, 5570247, 5635921, 5701870, 5767352, 5832611, 5898112, 5963290, 6028539, 6094069, 6159368, 6224808, 6290728, 6356516, 6421911, 6487554, 6553034, 6618669, 6684333, 6750222, 6815388, 6880663, 6946130, 7011568, 7076959, 7142792, 7208632, 7273847, 7339283, 7404734, 7470193, 7536200, 7601717, 7667047, 7732452, 7797492, 7863217, 7928677, 7994433, 8059958, 8126082, 8191878, 8257317, 8322834, 8388178, 8453786, 8519412, 8584821, 8650641, 8715654, 8781138, 8846751, 8911902, 8977431, 9042599, 9108267, 9173878, 9239284, 9305231, 9370985, 9436510, 9502103, 9567793, 9633025, 9698607, 9764327, 9829876, 9895458, 9960721, 10025933, 10091574, 10157223, 10222451, 10288101, 10353870, 10419091, 10484583, 10550294, 10615218, 10680611, 10745615, 10810927, 10876645, 10941961, 11007608, 11073174, 11138580, 11204258, 11269830, 11336007, 11401903, 11467655, 11533336, 11598908, 11664699, 11730189, 11795947, 11861671, 11927355, 11993061, 12058289, 12124364, 12190104, 12256105, 12321446, 12386882, 12452818, 12518487, 12584337, 12649607, 12715496, 12781234, 12847059, 12912308, 12978052, 13043319, 13108317, 13174230, 13239669, 13304852, 13370509, 13435952, 13501105, 13566586, 13631933, 13697289, 13763051, 13828503, 13894333, 13960080, 14025703, 14091313, 14156878, 14222410, 14287770, 14353258, 14418637, 14484328, 14549805, 14615415, 14680482, 14745937, 14811818, 14877075, 14942566, 15007987, 15073886, 15139426, 15204775, 15270456, 15335868, 15401290, 15466983, 15532524, 15598065, 15663583, 15729277, 15794946, 15860367, 15925912, 15991652, 16057084, 16122789, 16188243, 16253519, 16318905, 16384343, 16449711, 16515196, 16580555, 16646011, 16711624, 16777215]
[65904, 131664, 196933, 262350, 327749, 393558, 459011, 524675, 590434, 655914, 721372, 786908, 852138, 916962, 982862, 1047492, 1112636, 1178479, 1244246, 1309817, 1375039, 1440269, 1505739, 1570979, 1636730, 1702346, 1767669, 1833514, 1899242, 1964501, 2029569, 2094791, 2160473, 2225142, 2290677, 2356718, 2422034, 2487838, 2552860, 2618625, 2683903, 2749200, 2814456, 2879785, 2945399, 3010862, 3076340, 3141046, 3206309, 3272395, 3337918, 3403020, 3468607, 3534230, 3599828, 3665546, 3731364, 3796988, 3862679, 3927992, 3993290, 4058913, 4124563, 4190191, 4255701, 4321371, 4386738, 4452587, 4518172, 4584008, 4649978, 4715175, 4780614, 4846084, 4911492, 4977006, 5042474, 5107920, 5173881, 5239388, 5305138, 5370699, 5436730, 5502338, 5568129, 5633574, 5698922, 5764496, 5830023, 5895556, 5961392, 6026887, 6092418, 6158762, 6224411, 6289786, 6354977, 6420389, 6486648, 6552151, 6617376, 6682917, 6748430, 6813996, 6879746, 6945408, 7011147, 7076875, 7142432, 7207663, 7273444, 7338769, 7404478, 7470064, 7535737, 7601819, 7667130, 7732612, 7798431, 7863813, 7929542, 7995081, 8060625, 8125793, 8191268, 8256651, 8322926, 8387990, 8453623, 8519414, 8584799, 8649699, 8715417, 8781081, 8847325, 8912473, 8977879, 9043007, 9108612, 9174219, 9239684, 9305149, 9371384, 9436562, 9502088, 9567375, 9633079, 9698461, 9763876, 9829552, 9895217, 9960451, 10026276, 10091608, 10157241, 10222669, 10287957, 10353784, 10419464, 10485017, 10550607, 10616260, 10681891, 10747541, 10813119, 10878774, 10944622, 11010311, 11075802, 11141550, 11206803, 11272321, 11338084, 11403590, 11469160, 11534533, 11599383, 11664352, 11729885, 11795682, 11861225, 11926782, 11992245, 12057722, 12123186, 12188588, 12253614, 12318733, 12384444, 12449537, 12515193, 12580103, 12645842, 12711338, 12776982, 12842526, 12908186, 12973676, 13039424, 13105088, 13170660, 13235796, 13301303, 13366703, 13431783, 13497244, 13563069, 13628812, 13694145, 13759751, 13825638, 13891475, 13957541, 14022855, 14088232, 14153923, 14219822, 14285952, 14351757, 14417429, 14482745, 14548194, 14614412, 14679659, 14745313, 14811191, 14876842, 14942430, 15008200, 15074078, 15139395, 15205189, 15270561, 15336425, 15401771, 15467689, 15532964, 15598530, 15664387, 15729614, 15795148, 15860538, 15925660, 15991452, 16057005, 16122173, 16188032, 16253525, 16318897, 16384042, 16449202, 16514418, 16580066, 16646107, 16711865, 16777215]
[65231, 130638, 196205, 261795, 327220, 392505, 458200, 523985, 589426, 654900, 720713, 786577, 852264, 918076, 983402, 1049294, 1114713, 1180170, 1245781, 1311027, 1377243, 1442584, 1508581, 1574491, 1640176, 1705774, 1771147, 1836585, 1901777, 1967423, 2032698, 2098253, 2164411, 2229985, 2295539, 2361110, 2426593, 2491898, 2557702, 2623059, 2688864, 2754758, 2820391, 2885614, 2951231, 3016916, 3082649, 3148435, 3213692, 3279470, 3344937, 3410800, 3476069, 3541743, 3607567, 3672908, 3738564, 3803889, 3869193, 3934726, 4000664, 4066306, 4131894, 4197507, 4262836, 4328514, 4394101, 4459821, 4525431, 4591078, 4656273, 4721891, 4787078, 4852777, 4918291, 4983644, 5049189, 5114501, 5179293, 5244496, 5310149, 5375635, 5441018, 5507076, 5572879, 5637861, 5702927, 5768330, 5834134, 5899503, 5964997, 6030726, 6096421, 6161509, 6226692, 6292354, 6357880, 6423083, 6488630, 6554283, 6619888, 6685491, 6751339, 6817333, 6883026, 6948236, 7013919, 7079313, 7144914, 7210054, 7275750, 7341421, 7406783, 7472546, 7538478, 7603805, 7669503, 7734567, 7800062, 7865858, 7931216, 7996658, 8062030, 8127792, 8192986, 8258667, 8324166, 8389714, 8455058, 8520320, 8585995, 8651330, 8716809, 8782483, 8847983, 8913576, 8978872, 9044346, 9109802, 9175079, 9240742, 9306583, 9372207, 9437975, 9503205, 9568872, 9634339, 9700001, 9765342, 9830255, 9895844, 9961329, 10026665, 10092415, 10157609, 10223215, 10288416, 10354509, 10419890, 10485594, 10550712, 10616116, 10681588, 10747152, 10812635, 10878509, 10944436, 11010498, 11076257, 11141523, 11207129, 11272476, 11337843, 11403607, 11469052, 11534597, 11599603, 11665051, 11730634, 11796304, 11861726, 11927465, 11992681, 12058173, 12123810, 12189491, 12255577, 12321432, 12387121, 12452400, 12517946, 12583729, 12649147, 12714303, 12779624, 12845272, 12911118, 12976646, 13042417, 13107900, 13173993, 13239578, 13304441, 13369827, 13435240, 13500904, 13566783, 13631852, 13697358, 13763163, 13828560, 13894308, 13960128, 14025742, 14091552, 14157362, 14223137, 14288873, 14354495, 14420286, 14485959, 14551624, 14616821, 14682152, 14747583, 14812708, 14878226, 14943444, 15008866, 15074283, 15139938, 15205804, 15271446, 15337121, 15402866, 15468209, 15534194, 15599646, 15665259, 15730727, 15796119, 15861261, 15926511, 15991784, 16057160, 16122725, 16188260, 16253927, 16319843, 16385617, 16451098, 16516212, 16581693, 16646539, 16711965, 16777215]
[65603, 131291, 196521, 262062, 327346, 393209, 458638, 524240, 589805, 655729, 721075, 786466, 851670, 917056, 982842, 1048479, 1114172, 1179894, 1245691, 1311217, 1376427, 1441424, 1506963, 1572798, 1638360, 1703986, 1769181, 1834578, 1900143, 1965345, 2031274, 2096411, 2162349, 2228047, 2293628, 2359444, 2424596, 2489554, 2555217, 2620803, 2686813, 2752084, 2817678, 2883423, 2948735, 3014301, 3079989, 3145305, 3211025, 3276310, 3341919, 3407406, 3473032, 3538619, 3604098, 3669834, 3735667, 3801536, 3867630, 3932883, 3998416, 4063817, 4129981, 4195161, 4260813, 4326178, 4391493, 4456946, 4521925, 4587555, 4653376, 4718900, 4784558, 4850322, 4915673, 4980600, 5046167, 5112220, 5177734, 5243309, 5308920, 5374474, 5439933, 5505510, 5571123, 5636650, 5701768, 5767446, 5833124, 5898674, 5964314, 6029436, 6095158, 6160903, 6225893, 6291466, 6356884, 6422763, 6488486, 6553938, 6619752, 6685092, 6750888, 6816939, 6882744, 6947856, 7013247, 7079186, 7144573, 7210292, 7275689, 7340821, 7406129, 7471895, 7537047, 7602228, 7667955, 7733869, 7799727, 7865091, 7930340, 7995788, 8061685, 8127053, 8192524, 8257869, 8323650, 8388860, 8454240, 8519670, 8585528, 8650687, 8715808, 8781089, 8845995, 8911272, 8976549, 9042404, 9108564, 9174167, 9239668, 9305596, 9371272, 9437275, 9502953, 9568821, 9634416, 9699722, 9765849, 9831273, 9896672, 9961850, 10027304, 10092593, 10158321, 10224005, 10290294, 10355623, 10421687, 10487640, 10553252, 10618976, 10684065, 10749547, 10814919, 10880745, 10946563, 11011653, 11076658, 11141905, 11207775, 11273242, 11339071, 11404782, 11470211, 11536148, 11601919, 11667355, 11732894, 11797992, 11863466, 11928884, 11994518, 12060181, 12125921, 12191376, 12256920, 12322298, 12387532, 12452983, 12518378, 12583472, 12649276, 12715039, 12780204, 12845819, 12911781, 12977528, 13043258, 13108502, 13174334, 13239733, 13305624, 13370986, 13436538, 13501925, 13567474, 13632754, 13698364, 13763608, 13828847, 13894147, 13959528, 14024805, 14089994, 14155406, 14220782, 14286346, 14351564, 14417436, 14482768, 14548223, 14613950, 14679433, 14745188, 14810766, 14876292, 14941849, 15007153, 15073262, 15138543, 15204249, 15269648, 15334956, 15400536, 15466583, 15531945, 15598106, 15663797, 15729453, 15795188, 15860450, 15926161, 15991040, 16056830, 16122247, 16187661, 16253074, 16318844, 16384486, 16450214, 16515239, 16580715, 16646322, 16711805, 16777215]
[65697, 131433, 196852, 262306, 328074, 393643, 459255, 524418, 590035, 655672, 721570, 787349, 852737, 918404, 984448, 1050236, 1115774, 1181326, 1247114, 1312626, 1378270, 1443925, 1509857, 1575457, 1641342, 1707001, 1771949, 1837596, 1903142, 1968967, 2034379, 2099244, 2165139, 2230695, 2296693, 2362349, 2427721, 2493657, 2559036, 2624849, 2690533, 2756209, 2821882, 2887830, 2953390, 3018905, 3084494, 3149913, 3215466, 3281048, 3346323, 3411884, 3477250, 3542540, 3608082, 3673933, 3739456, 3804437, 3869935, 3935377, 4000718, 4066342, 4131547, 4196749, 4261786, 4327297, 4392894, 4458650, 4524162, 4589886, 4655256, 4720577, 4786601, 4852080, 4917690, 4984094, 5049804, 5115341, 5180747, 5245857, 5311583, 5376949, 5442651, 5507948, 5573722, 5639062, 5704410, 5770013, 5835499, 5900945, 5966178, 6031999, 6097294, 6162970, 6228151, 6293578, 6358819, 6424238, 6490144, 6555734, 6621181, 6686659, 6752228, 6817990, 6883447, 6948856, 7014300, 7079734, 7144958, 7210953, 7276374, 7341743, 7407414, 7472719, 7538442, 7604037, 7669276, 7734580, 7800334, 7865962, 7932093, 7997862, 8063100, 8128658, 8194231, 8260001, 8325345, 8390452, 8455385, 8520452, 8585736, 8651011, 8716547, 8781862, 8847583, 8912857, 8978600, 9043802, 9109396, 9175272, 9240682, 9306009, 9371341, 9436927, 9502290, 9568112, 9633134, 9699079, 9764735, 9829543, 9895119, 9961067, 10026748, 10092739, 10158543, 10223995, 10290006, 10355479, 10420999, 10486975, 10552630, 10618292, 10684332, 10750020, 10815706, 10881517, 10947094, 11012395, 11077634, 11142828, 11208376, 11273876, 11339156, 11404532, 11469627, 11535228, 11600501, 11666111, 11731491, 11796936, 11862956, 11928680, 11993512, 12059397, 12125085, 12190872, 12256430, 12322237, 12387889, 12453440, 12519076, 12584663, 12650171, 12715558, 12780842, 12846221, 12911559, 12977288, 13043184, 13109144, 13174955, 13240294, 13305671, 13370990, 13436212, 13501428, 13567143, 13632881, 13698592, 13764338, 13829511, 13895128, 13960553, 14026448, 14092067, 14157879, 14223270, 14288580, 14354928, 14420707, 14485830, 14551177, 14617187, 14682714, 14747631, 14813299, 14878621, 14944134, 15009347, 15075337, 15140905, 15206192, 15271248, 15336666, 15402090, 15467843, 15533417, 15598883, 15664419, 15729899, 15795868, 15861353, 15926901, 15992743, 16057719, 16123630, 16188820, 16254319, 16319822, 16385616, 16451275, 16516607, 16581756, 16646857, 16711960, 16777215]
[65931, 131706, 197460, 262791, 328283, 394046, 459559, 525519, 590786, 656030, 721846, 787344, 852872, 918321, 983923, 1049782, 1115323, 1181029, 1246480, 1311785, 1377344, 1442894, 1508675, 1574332, 1639806, 1705729, 1770849, 1836463, 1901807, 1967466, 2033027, 2098333, 2163913, 2229959, 2295340, 2361280, 2427081, 2492619, 2557856, 2623287, 2689302, 2754487, 2819722, 2885090, 2950587, 3016238, 3081879, 3147080, 3212632, 3278168, 3343858, 3409528, 3474681, 3540173, 3605464, 3671070, 3736313, 3801862, 3867452, 3933314, 3998534, 4063596, 4129484, 4195228, 4261197, 4326705, 4392242, 4458071, 4523856, 4589346, 4655342, 4720787, 4786180, 4851495, 4917447, 4982897, 5048839, 5114490, 5179675, 5245129, 5310471, 5376092, 5441385, 5506615, 5572308, 5638198, 5703920, 5769719, 5835122, 5900083, 5965656, 6031381, 6097088, 6162435, 6227702, 6293198, 6358764, 6423867, 6489616, 6554902, 6620491, 6685949, 6751891, 6817389, 6882800, 6948440, 7014328, 7080063, 7145700, 7211451, 7276809, 7342526, 7408038, 7473339, 7538647, 7603987, 7669442, 7734564, 7800107, 7865525, 7931132, 7996744, 8062655, 8128366, 8193856, 8259303, 8324601, 8390061, 8455493, 8520718, 8586422, 8651803, 8717439, 8783001, 8848142, 8913745, 8979744, 9044769, 9110140, 9175888, 9241334, 9306773, 9371971, 9437111, 9502636, 9568715, 9634003, 9699433, 9764757, 9830591, 9896177, 9961988, 10027751, 10092994, 10158218, 10223782, 10289094, 10354668, 10420739, 10485845, 10551060, 10616382, 10681767, 10747374, 10812531, 10878160, 10943645, 11009653, 11075369, 11140851, 11206294, 11271674, 11336938, 11402368, 11467788, 11533942, 11599310, 11664979, 11730463, 11795571, 11861216, 11926875, 11992530, 12058316, 12123663, 12188942, 12254173, 12319457, 12385009, 12450349, 12516124, 12582065, 12647536, 12713034, 12778332, 12843739, 12908965, 12974697, 13040167, 13105706, 13171177, 13236902, 13302850, 13368122, 13433282, 13498421, 13563899, 13629608, 13695135, 13760478, 13826050, 13891567, 13957285, 14022859, 14088141, 14153438, 14219380, 14285282, 14350997, 14416415, 14482067, 14547515, 14613075, 14678601, 14744236, 14809843, 14875538, 14940833, 15006307, 15071958, 15137494, 15203037, 15268326, 15333486, 15399228, 15464870, 15530524, 15596395, 15662065, 15727247, 15792882, 15858384, 15924005, 15989582, 16054883, 16120692, 16186621, 16252126, 16317850, 16383336, 16448833, 16514602, 16580350, 16646063, 16711872, 16777215]
[65263, 130708, 195750, 261081, 326756, 392509, 458164, 523416, 588908, 654838, 720482, 785871, 851527, 916898, 982399, 1047811, 1112846, 1178276, 1243961, 1309154, 1374705, 1440662, 1505735, 1570793, 1636535, 1701901, 1767727, 1833639, 1898949, 1964768, 2030126, 2095034, 2160847, 2226154, 2291721, 2357325, 2423064, 2488580, 2554534, 2620099, 2685908, 2751019, 2816506, 2881650, 2947308, 3013297, 3079000, 3144201, 3209899, 3275220, 3340377, 3406189, 3471347, 3537329, 3602601, 3667703, 3733169, 3798340, 3863842, 3929232, 3994989, 4060397, 4126001, 4191316, 4256976, 4322318, 4388241, 4453663, 4519313, 4584784, 4650179, 4716066, 4781628, 4846882, 4912542, 4978431, 5044092, 5109863, 5175554, 5241109, 5306766, 5372260, 5437805, 5503788, 5569372, 5634834, 5700415, 5766073, 5831704, 5897401, 5962427, 6027822, 6093521, 6159097, 6224901, 6290412, 6356204, 6421760, 6487792, 6553996, 6619349, 6685239, 6750682, 6816678, 6882409, 6947953, 7013302, 7079115, 7144313, 7209336, 7275120, 7340570, 7405719, 7471278, 7536845, 7602366, 7667964, 7734172, 7799582, 7865426, 7930376, 7996024, 8061521, 8126960, 8192430, 8258211, 8323841, 8389537, 8454807, 8520372, 8585651, 8651308, 8716647, 8782265, 8847996, 8913147, 8978529, 9044166, 9109674, 9174865, 9240755, 9306410, 9372203, 9437483, 9502925, 9568560, 9634224, 9700163, 9765411, 9831295, 9896324, 9962055, 10027635, 10093008, 10158437, 10223955, 10289010, 10354491, 10420244, 10485534, 10550575, 10615561, 10681340, 10747229, 10812609, 10878182, 10943795, 11009100, 11074443, 11140117, 11205947, 11271119, 11336538, 11402320, 11467825, 11533309, 11598987, 11664479, 11729549, 11794849, 11860826, 11926583, 11991836, 12057145, 12122619, 12187986, 12253537, 12318953, 12384242, 12449453, 12515418, 12580838, 12646615, 12712171, 12777337, 12843522, 12909405, 12974922, 13040695, 13106762, 13171890, 13237324, 13302787, 13368305, 13434072, 13499838, 13565211, 13630350, 13695833, 13761627, 13826773, 13892456, 13957755, 14023466, 14089519, 14155040, 14220869, 14286179, 14351792, 14417868, 14483727, 14549093, 14614802, 14680429, 14745673, 14811455, 14876899, 14942473, 15007463, 15072854, 15138923, 15204721, 15270503, 15336020, 15401355, 15466716, 15531963, 15597632, 15663047, 15728618, 15793866, 15859189, 15924334, 15989756, 16055526, 16121160, 16186632, 16252301, 16318007, 16383545, 16448888, 16514691, 16580262, 16645905, 16711624, 16777215]
[66023, 131759, 197490, 262635, 328164, 394289, 460248, 526312, 592128, 656893, 722551, 788233, 853567, 919212, 984768, 1050829, 1116623, 1182066, 1247467, 1312905, 1378269, 1443576, 1508970, 1574568, 1639991, 1704998, 1770670, 1835928, 1901430, 1966612, 2031999, 2097127, 2162181, 2227782, 2293292, 2358498, 2423738, 2488848, 2554814, 2620459, 2685896, 2751324, 2816707, 2882641, 2948619, 3014265, 3078636, 3144273, 3209973, 3275706, 3341280, 3406342, 3472523, 3538166, 3603933, 3669661, 3735375, 3801300, 3866495, 3931932, 3998098, 4063813, 4129271, 4195031, 4260265, 4326171, 4391450, 4457401, 4522849, 4588220, 4653923, 4719633, 4785141, 4850358, 4916160, 4981817, 5047452, 5112507, 5178289, 5243364, 5309049, 5374637, 5440450, 5505768, 5571254, 5636937, 5702607, 5767887, 5833527, 5899228, 5964324, 6029964, 6095496, 6160792, 6226246, 6292061, 6357379, 6423352, 6489058, 6554708, 6620002, 6685434, 6750761, 6816366, 6882118, 6947286, 7012732, 7078324, 7143875, 7209519, 7274470, 7339671, 7404906, 7470690, 7536087, 7601656, 7667131, 7732922, 7798097, 7863226, 7929061, 7994690, 8060265, 8125586, 8191193, 8256369, 8321744, 8387029, 8452451, 8517947, 8583506, 8649472, 8714819, 8780235, 8845326, 8910520, 8976124, 9041930, 9107367, 9173270, 9238767, 9304512, 9369726, 9435160, 9500638, 9566049, 9631815, 9697285, 9763066, 9828639, 9894226, 9959592, 10024759, 10090634, 10156726, 10222170, 10288284, 10353760, 10419097, 10484458, 10550084, 10615940, 10681481, 10747360, 10813272, 10878624, 10944217, 11009867, 11075474, 11140679, 11206306, 11271569, 11336614, 11402536, 11467929, 11533402, 11598819, 11664643, 11730015, 11795605, 11861797, 11927493, 11992509, 12057922, 12123285, 12188653, 12254176, 12319949, 12385767, 12451207, 12516893, 12582293, 12647807, 12713310, 12779380, 12844978, 12910356, 12976244, 13041751, 13106915, 13172432, 13238115, 13303670, 13369105, 13434785, 13500255, 13565671, 13631243, 13696916, 13762601, 13828006, 13893705, 13959324, 14024754, 14090363, 14156074, 14221691, 14287669, 14353206, 14418077, 14483243, 14548971, 14615221, 14681053, 14746127, 14811370, 14877416, 14943407, 15009162, 15074127, 15140012, 15205948, 15271983, 15337530, 15403143, 15468272, 15533271, 15598642, 15664392, 15730113, 15795543, 15861018, 15926636, 15991916, 16057225, 16122978, 16188260, 16254140, 16319431, 16385196, 16450098, 16515531, 16580737, 16646680, 16711914, 16777215]
[65560, 130931, 196850, 261991, 327510, 392883, 458503, 523766, 589478, 655119, 720651, 786575, 851838, 917550, 982992, 1048335, 1113852, 1179062, 1244776, 1310384, 1375854, 1441358, 1506806, 1572744, 1637943, 1703671, 1769083, 1834898, 1900275, 1965900, 2031033, 2096824, 2162611, 2228220, 2293966, 2359715, 2425028, 2490632, 2555998, 2621274, 2687047, 2752740, 2818255, 2883747, 2949501, 3014842, 3080368, 3145984, 3211458, 3277018, 3342301, 3407654, 3472869, 3538354, 3604248, 3669904, 3734929, 3800328, 3866071, 3931338, 3997356, 4062748, 4128051, 4193606, 4258801, 4324185, 4389512, 4455124, 4520374, 4585988, 4651638, 4717375, 4782964, 4848372, 4913621, 4979314, 5044620, 5110667, 5176458, 5242425, 5307999, 5373797, 5439541, 5505222, 5570899, 5636818, 5702451, 5767666, 5833454, 5898989, 5964628, 6030346, 6095931, 6161549, 6227175, 6292508, 6358001, 6423483, 6489280, 6554547, 6620184, 6685583, 6751073, 6816532, 6882278, 6948130, 7013217, 7078678, 7144393, 7209709, 7275436, 7340989, 7406884, 7472370, 7537823, 7603247, 7668922, 7734494, 7800341, 7865981, 7931426, 7997227, 8062508, 8127998, 8193411, 8258914, 8324772, 8390334, 8456130, 8521706, 8587000, 8652478, 8717953, 8783516, 8849102, 8914653, 8980299, 9045870, 9111825, 9177402, 9243128, 9308795, 9373988, 9439333, 9504808, 9570106, 9635533, 9701218, 9766842, 9832155, 9897604, 9963242, 10029067, 10094343, 10160156, 10225585, 10291285, 10356871, 10422411, 10488137, 10553700, 10619389, 10684565, 10750168, 10815431, 10881009, 10946459, 11012253, 11077844, 11142894, 11208220, 11274153, 11339906, 11405431, 11470780, 11536477, 11601706, 11667107, 11732237, 11797897, 11863307, 11928435, 11993723, 12059051, 12124646, 12190265, 12255864, 12321381, 12386956, 12452779, 12518745, 12583682, 12649290, 12714884, 12780646, 12846281, 12911697, 12977328, 13042720, 13108458, 13174345, 13239787, 13305460, 13370965, 13436495, 13502150, 13567898, 13633305, 13698601, 13764380, 13829934, 13895242, 13960911, 14026591, 14092954, 14158182, 14223637, 14288868, 14354323, 14419763, 14485129, 14550726, 14616119, 14681622, 14746786, 14812123, 14877918, 14942919, 15008501, 15073594, 15138866, 15203947, 15269595, 15335278, 15400772, 15466425, 15532244, 15597852, 15663553, 15728921, 15794818, 15860071, 15925451, 15991175, 16056534, 16122640, 16187779, 16252998, 16318882, 16384062, 16449717, 16515505, 16580993, 16646324, 16712114, 16777215]
[65760, 131323, 197051, 262187, 327229, 392921, 458541, 524159, 589750, 655051, 720509, 786169, 851559, 916814, 982724, 1048275, 1113659, 1179322, 1244468, 1310293, 1376234, 1441876, 1507763, 1573401, 1638537, 1704188, 1769591, 1834911, 1900862, 1966491, 2031803, 2097504, 2162707, 2228002, 2293613, 2358868, 2424555, 2489742, 2555508, 2621155, 2687139, 2752612, 2818190, 2883523, 2949227, 3015050, 3080765, 3146716, 3212160, 3277426, 3342793, 3408218, 3473787, 3539103, 3604641, 3670195, 3736064, 3801873, 3867756, 3933402, 3998861, 4064481, 4130051, 4195676, 4261156, 4326943, 4392430, 4458062, 4523845, 4589549, 4655028, 4720217, 4785779, 4851525, 4917268, 4982479, 5047862, 5113829, 5179584, 5244856, 5310407, 5376103, 5441404, 5506715, 5571944, 5637543, 5702865, 5768066, 5833126, 5898479, 5964031, 6029671, 6094810, 6160190, 6225692, 6291164, 6356495, 6422183, 6487429, 6552883, 6618091, 6683727, 6749163, 6814425, 6880260, 6945956, 7011448, 7077343, 7143327, 7208862, 7274519, 7340459, 7405921, 7470522, 7536359, 7601900, 7667545, 7733491, 7798805, 7863878, 7928836, 7994292, 8059393, 8124775, 8190563, 8255633, 8321115, 8386701, 8452166, 8517845, 8583470, 8648798, 8714326, 8779559, 8844749, 8910369, 8976024, 9041468, 9107127, 9172851, 9238621, 9303287, 9369087, 9434388, 9499908, 9565686, 9631385, 9696545, 9762130, 9827680, 9892997, 9958856, 10024216, 10089768, 10155733, 10221697, 10287700, 10353528, 10419648, 10485334, 10550710, 10616795, 10682456, 10748001, 10813604, 10879380, 10945175, 11010303, 11075802, 11141557, 11207020, 11272536, 11338178, 11403517, 11468805, 11534146, 11600221, 11665475, 11731048, 11796861, 11862091, 11927847, 11993656, 12059371, 12124628, 12190236, 12255794, 12321348, 12386153, 12451660, 12517620, 12582772, 12648628, 12713819, 12779715, 12845542, 12911250, 12976825, 13042396, 13108003, 13173268, 13238892, 13304542, 13370056, 13435453, 13500691, 13566100, 13631649, 13696944, 13762751, 13828061, 13893187, 13958684, 14024122, 14090204, 14155429, 14220762, 14286151, 14352282, 14417731, 14483041, 14548664, 14614124, 14679831, 14745703, 14810693, 14876056, 14941746, 15007198, 15072301, 15137956, 15203525, 15269238, 15335022, 15400410, 15466233, 15532093, 15597896, 15663615, 15729060, 15795020, 15860669, 15925885, 15991170, 16056351, 16121735, 16187056, 16252704, 16317995, 16383208, 16449122, 16514818, 16579992, 16645761, 16711711, 16777215]
[66118, 131587, 196857, 262645, 327859, 393937, 459623, 525484, 591511, 657348, 723365, 788474, 854445, 919584, 985043, 1050571, 1115800, 1181577, 1247087, 1312408, 1378022, 1443861, 1508970, 1573888, 1639047, 1704239, 1769760, 1835153, 1900681, 1966498, 2031875, 2097811, 2163028, 2228212, 2293889, 2359300, 2425114, 2490524, 2556314, 2622097, 2687159, 2752420, 2817835, 2883675, 2948938, 3014344, 3079541, 3145128, 3210639, 3276165, 3341586, 3407217, 3472774, 3538689, 3604129, 3670101, 3735777, 3801152, 3866614, 3932274, 3997440, 4062743, 4127794, 4193346, 4258923, 4324588, 4390331, 4455437, 4521282, 4587012, 4652629, 4718482, 4784054, 4849692, 4915549, 4981257, 5046768, 5113409, 5178839, 5244316, 5309928, 5375315, 5441432, 5507527, 5573101, 5638612, 5704257, 5769732, 5835625, 5901041, 5966904, 6032432, 6097872, 6163312, 6228642, 6294567, 6360049, 6425402, 6490940, 6556545, 6621878, 6687434, 6752957, 6818528, 6883705, 6949566, 7015158, 7080859, 7146181, 7211612, 7277019, 7342462, 7407302, 7472961, 7538417, 7604295, 7670036, 7735233, 7801105, 7866623, 7932163, 7997550, 8062998, 8128628, 8194149, 8259537, 8325365, 8390499, 8456084, 8521252, 8586229, 8651517, 8717276, 8782857, 8847751, 8913234, 8978696, 9044092, 9109781, 9175361, 9240618, 9306072, 9371157, 9436698, 9502500, 9568203, 9633691, 9698935, 9763932, 9829606, 9895287, 9960886, 10026412, 10092093, 10157689, 10223301, 10288434, 10353655, 10419105, 10484435, 10550283, 10615602, 10681217, 10746291, 10812293, 10877522, 10942553, 11007992, 11073697, 11139113, 11205058, 11270391, 11335916, 11401195, 11466232, 11531778, 11596926, 11662239, 11727931, 11793458, 11859669, 11925037, 11991261, 12056654, 12122085, 12187380, 12252930, 12318515, 12383990, 12449475, 12514954, 12580596, 12646079, 12711594, 12777111, 12842555, 12908150, 12973596, 13038979, 13104512, 13169848, 13234930, 13300495, 13366297, 13431507, 13497149, 13562879, 13628198, 13693786, 13759181, 13824687, 13890180, 13955853, 14021065, 14086395, 14152363, 14218121, 14283738, 14349521, 14414769, 14480151, 14545688, 14611313, 14677171, 14742739, 14808771, 14874409, 14939741, 15005549, 15070751, 15136264, 15201920, 15267465, 15332860, 15398733, 15464699, 15530628, 15596051, 15661899, 15727652, 15793253, 15858989, 15924395, 15990159, 16055614, 16122010, 16187355, 16252976, 16318752, 16384210, 16449618, 16515474, 16581084, 16646380, 16712027, 16777215]
[65149, 130307, 195549, 261200, 327112, 392490, 457862, 523663, 589057, 654726, 719820, 785224, 850442, 915585, 981554, 1046778, 1112452, 1178029, 1243629, 1309088, 1374586, 1440543, 1506125, 1571640, 1637378, 1702900, 1768387, 1833517, 1899364, 1964863, 2030494, 2096158, 2162005, 2227897, 2293192, 2358895, 2424392, 2489888, 2555479, 2620743, 2686141, 2751441, 2817133, 2882678, 2948278, 3014032, 3079660, 3145209, 3210672, 3276310, 3341741, 3406883, 3472314, 3537677, 3603244, 3669044, 3735249, 3800561, 3866058, 3931353, 3997262, 4062926, 4128025, 4193439, 4259400, 4324530, 4389472, 4454933, 4520805, 4586198, 4651702, 4717607, 4783113, 4848467, 4913802, 4979470, 5044985, 5110553, 5176361, 5241966, 5307136, 5373113, 5438680, 5504757, 5570446, 5636202, 5701814, 5767133, 5832528, 5898002, 5963727, 6029030, 6094384, 6159737, 6225305, 6291077, 6356379, 6421627, 6487690, 6553122, 6618067, 6683637, 6749089, 6814386, 6880138, 6945237, 7010810, 7076443, 7141624, 7207439, 7273054, 7338230, 7403800, 7469351, 7535271, 7601239, 7666814, 7732437, 7797964, 7863659, 7929088, 7994511, 8060250, 8126056, 8190924, 8256264, 8321866, 8387737, 8453042, 8518678, 8584303, 8649788, 8715660, 8780981, 8846633, 8912290, 8977996, 9043994, 9109476, 9174917, 9240954, 9306445, 9372297, 9437546, 9503023, 9568889, 9634144, 9699816, 9765563, 9830842, 9896401, 9962209, 10027989, 10093177, 10158929, 10224418, 10289792, 10355259, 10421452, 10486870, 10552504, 10618312, 10683797, 10749406, 10815026, 10880357, 10945908, 11011760, 11077217, 11143008, 11208488, 11273957, 11339504, 11405157, 11470936, 11536321, 11601850, 11667731, 11733201, 11798707, 11863836, 11929558, 11995144, 12061188, 12127247, 12192604, 12258369, 12324154, 12389590, 12455245, 12520690, 12586149, 12651819, 12717121, 12782442, 12847897, 12913309, 12978799, 13044062, 13109270, 13174619, 13240146, 13305206, 13370611, 13435706, 13501470, 13566756, 13632543, 13698017, 13763600, 13829519, 13895161, 13960647, 14026147, 14091555, 14157598, 14223653, 14289475, 14355042, 14420530, 14485782, 14551551, 14616603, 14681961, 14747482, 14813340, 14878750, 14944380, 15010266, 15075693, 15140976, 15206254, 15271937, 15337626, 15403329, 15468650, 15533743, 15599015, 15664180, 15729409, 15794800, 15860280, 15925908, 15991334, 16056804, 16121833, 16187351, 16252613, 16317991, 16383590, 16449141, 16514889, 16580821, 16645831, 16711514, 16777215]
[65868, 131625, 197237, 262650, 328023, 393740, 459384, 524537, 589880, 655184, 720448, 785823, 851257, 917373, 982698, 1048174, 1113658, 1179768, 1245110, 1310415, 1375737, 1440791, 1506099, 1571497, 1636971, 1702975, 1768538, 1833962, 1899351, 1964718, 2029898, 2095566, 2161257, 2226752, 2292351, 2357538, 2423240, 2488978, 2554614, 2620197, 2685746, 2751690, 2817011, 2882214, 2947717, 3013569, 3079269, 3145048, 3210507, 3276058, 3341266, 3407019, 3472524, 3537998, 3603154, 3668628, 3734160, 3799858, 3865189, 3930478, 3995861, 4061957, 4127773, 4193187, 4258575, 4324176, 4389476, 4455170, 4520586, 4586438, 4651595, 4717306, 4782726, 4848126, 4913472, 4978841, 5044801, 5110240, 5175742, 5241073, 5306693, 5372543, 5438007, 5503869, 5569497, 5635217, 5701072, 5766179, 5831715, 5897359, 5963086, 6028893, 6094278, 6160014, 6225475, 6290591, 6355951, 6421498, 6487240, 6552983, 6618349, 6683667, 6748605, 6814162, 6880033, 6945350, 7011007, 7075826, 7141621, 7206746, 7272055, 7337885, 7403065, 7468849, 7534817, 7600669, 7665855, 7731222, 7797142, 7863106, 7928301, 7993889, 8059143, 8124329, 8190122, 8255269, 8320834, 8386615, 8452705, 8518841, 8584544, 8650050, 8715627, 8781473, 8846969, 8912418, 8977920, 9043283, 9108335, 9173826, 9239266, 9305146, 9370749, 9436266, 9501887, 9567095, 9632937, 9698658, 9764243, 9829814, 9895259, 9960668, 10026230, 10091577, 10156888, 10222207, 10287562, 10353100, 10418865, 10484380, 10549712, 10615237, 10680371, 10746257, 10811777, 10877274, 10942642, 11008145, 11073758, 11139110, 11204422, 11269930, 11335692, 11401799, 11467097, 11532298, 11597939, 11663951, 11729304, 11795033, 11860951, 11926645, 11992426, 12058209, 12123655, 12189284, 12254945, 12320573, 12386241, 12451625, 12516975, 12582564, 12647946, 12713463, 12779179, 12844699, 12910153, 12975489, 13040954, 13106149, 13171767, 13237321, 13302951, 13368114, 13433522, 13499026, 13564285, 13630023, 13695714, 13761299, 13826325, 13891629, 13957373, 14023089, 14088838, 14154449, 14220064, 14285619, 14351299, 14416659, 14481930, 14547536, 14613028, 14678657, 14744366, 14809880, 14875253, 14940398, 15005639, 15071337, 15137534, 15203269, 15268527, 15333997, 15399368, 15464643, 15529789, 15595240, 15660956, 15726795, 15792318, 15858041, 15923430, 15988772, 16054912, 16120374, 16185949, 16251374, 16316709, 16382588, 16448365, 16514354, 16580452, 16645667, 16711524, 16777215]
[65188, 130307, 196304, 261581, 326821, 392875, 458180, 524144, 589894, 655063, 720466, 785607, 851046, 916555, 981869, 1047495, 1113265, 1178521, 1244463, 1310235, 1376107, 1441845, 1507529, 1572883, 1638345, 1703863, 1769430, 1835361, 1901006, 1966454, 2031981, 2097725, 2162756, 2228530, 2294139, 2359617, 2425737, 2491327, 2556913, 2622299, 2688056, 2753780, 2819254, 2884603, 2950298, 3015593, 3081180, 3146306, 3211323, 3276620, 3342044, 3407950, 3473521, 3538884, 3604582, 3670061, 3735463, 3801188, 3866862, 3932726, 3998070, 4063943, 4129611, 4194925, 4260327, 4326275, 4392354, 4458321, 4524088, 4589294, 4654526, 4720117, 4785630, 4851165, 4916689, 4982327, 5047532, 5113067, 5178883, 5244351, 5309888, 5375529, 5441399, 5506839, 5572330, 5637606, 5702833, 5768850, 5834079, 5899382, 5964886, 6030281, 6095630, 6161056, 6226286, 6291612, 6357088, 6422692, 6488174, 6553254, 6618945, 6684615, 6750589, 6815963, 6881761, 6947053, 7012053, 7077522, 7143185, 7208520, 7273973, 7339638, 7404877, 7470433, 7535945, 7601819, 7667695, 7732765, 7798730, 7864306, 7929898, 7995424, 8060633, 8126027, 8191352, 8256922, 8322185, 8388204, 8453763, 8519759, 8585480, 8650942, 8716389, 8782110, 8847283, 8912842, 8978024, 9043045, 9108344, 9173805, 9239630, 9304966, 9370714, 9436147, 9501827, 9567840, 9633394, 9699193, 9764325, 9829772, 9895306, 9961026, 10026572, 10092496, 10158023, 10223905, 10289448, 10355203, 10420554, 10486655, 10552154, 10617897, 10683356, 10749193, 10814548, 10880035, 10945638, 11011153, 11076398, 11141897, 11207230, 11272737, 11337920, 11403637, 11468899, 11534044, 11599543, 11665058, 11730293, 11795778, 11861672, 11927069, 11992866, 12058377, 12124045, 12190108, 12255723, 12321380, 12386957, 12452593, 12517743, 12583104, 12648946, 12714043, 12779332, 12844506, 12910269, 12975954, 13040890, 13106743, 13172681, 13237975, 13303412, 13369138, 13434821, 13499996, 13565404, 13630763, 13696181, 13762110, 13827747, 13893467, 13959058, 14024453, 14090019, 14155891, 14221048, 14286470, 14352245, 14417417, 14482661, 14548183, 14613984, 14679022, 14744403, 14810205, 14875346, 14940510, 15006233, 15071650, 15137157, 15202893, 15268418, 15333955, 15399383, 15464992, 15530506, 15595635, 15661551, 15726922, 15792545, 15858521, 15924103, 15989831, 16055678, 16120961, 16186618, 16251936, 16317454, 16383098, 16449162, 16514573, 16580469, 16645764, 16711543, 16777215]
[65416, 131082, 196710, 262230, 327546, 392941, 458740, 523991, 589277, 654648, 719819, 784880, 850863, 916490, 982044, 1047694, 1112959, 1178424, 1243993, 1309544, 1374577, 1439788, 1505269, 1570870, 1636033, 1701521, 1766827, 1832054, 1897539, 1962912, 2028735, 2094323, 2159446, 2224987, 2290679, 2356376, 2421745, 2487456, 2552938, 2618016, 2683785, 2749134, 2814741, 2880178, 2945484, 3010612, 3076158, 3142420, 3208249, 3273266, 3338951, 3404710, 3469752, 3534988, 3600781, 3666150, 3731843, 3797561, 3863070, 3928871, 3994678, 4060482, 4126521, 4191712, 4257548, 4323136, 4389254, 4455005, 4520521, 4586081, 4651647, 4717057, 4782503, 4847606, 4913001, 4978382, 5043825, 5109658, 5175374, 5240922, 5306767, 5372639, 5437973, 5503855, 5569298, 5634853, 5700851, 5766382, 5832118, 5897203, 5963128, 6028679, 6093935, 6159430, 6224963, 6290778, 6356071, 6421817, 6488087, 6553798, 6619631, 6685255, 6750928, 6816284, 6881316, 6947046, 7012555, 7078249, 7143672, 7209024, 7274981, 7340811, 7406157, 7471927, 7537141, 7602380, 7668488, 7733585, 7798543, 7863792, 7929075, 7995004, 8060559, 8125786, 8191154, 8256169, 8321962, 8388010, 8453826, 8518940, 8584143, 8649662, 8715058, 8780363, 8845599, 8910935, 8976220, 9041447, 9106965, 9172386, 9237806, 9303551, 9369666, 9435303, 9500900, 9566472, 9632293, 9698190, 9763569, 9828851, 9894342, 9960123, 10025643, 10091283, 10157273, 10223136, 10289096, 10354451, 10420125, 10485520, 10550500, 10616224, 10681762, 10747694, 10812718, 10878376, 10943962, 11009556, 11075160, 11140830, 11206737, 11272491, 11337859, 11403195, 11468987, 11534614, 11599870, 11665128, 11730864, 11796506, 11862045, 11927603, 11993282, 12059096, 12124349, 12190127, 12255846, 12321351, 12387050, 12452319, 12517763, 12583183, 12648905, 12714280, 12779419, 12845075, 12910955, 12976389, 13042086, 13107722, 13173377, 13238745, 13304176, 13369568, 13435162, 13500963, 13566917, 13632566, 13698347, 13763902, 13829577, 13894884, 13960465, 14026178, 14091613, 14157449, 14222877, 14288502, 14353960, 14419625, 14485062, 14550476, 14616132, 14681691, 14747224, 14812259, 14877826, 14943094, 15008469, 15073951, 15139141, 15205262, 15270575, 15335720, 15401247, 15467107, 15532356, 15598041, 15663810, 15729066, 15794697, 15860257, 15925715, 15990978, 16056563, 16121925, 16187410, 16252960, 16318799, 16384164, 16449963, 16515191, 16580737, 16646212, 16711651, 16777215]
[65237, 130808, 196335, 261601, 326893, 392100, 457996, 523412, 588877, 654515, 720226, 785700, 851028, 916210, 981669, 1047369, 1112930, 1178399, 1243675, 1309329, 1374727, 1440316, 1505720, 1571391, 1637262, 1702739, 1768427, 1834083, 1899571, 1964808, 2030374, 2095641, 2160944, 2226580, 2292481, 2357773, 2423269, 2488962, 2554409, 2619989, 2685642, 2750941, 2816646, 2882888, 2948176, 3013786, 3079370, 3144882, 3210463, 3275902, 3341297, 3407028, 3472489, 3538265, 3603653, 3669156, 3735232, 3800993, 3866908, 3932648, 3998710, 4063968, 4129443, 4195090, 4261054, 4326413, 4391910, 4457257, 4522711, 4588651, 4654595, 4720127, 4785923, 4851566, 4917324, 4982803, 5048352, 5113740, 5179391, 5245045, 5310383, 5375722, 5441232, 5506481, 5571758, 5637743, 5703116, 5768645, 5833992, 5899339, 5964795, 6030126, 6095721, 6161057, 6226789, 6292341, 6357536, 6423041, 6488530, 6554248, 6619214, 6684926, 6750480, 6816079, 6881189, 6946899, 7012007, 7077464, 7142858, 7208418, 7273672, 7339530, 7405096, 7470813, 7536355, 7602066, 7667359, 7733380, 7799219, 7864952, 7930477, 7995793, 8060778, 8126902, 8192449, 8258225, 8323400, 8389039, 8454540, 8520088, 8585279, 8650754, 8716202, 8781907, 8847532, 8912869, 8978430, 9044299, 9109703, 9175325, 9241094, 9306945, 9372466, 9437948, 9503946, 9569241, 9634542, 9700058, 9765550, 9830936, 9896218, 9962211, 10027445, 10092868, 10158527, 10224075, 10290512, 10356257, 10421562, 10486994, 10552495, 10618062, 10683581, 10749022, 10814555, 10880354, 10946061, 11011368, 11077001, 11142975, 11208640, 11273853, 11338995, 11404391, 11470054, 11535541, 11600698, 11666402, 11731871, 11796996, 11862473, 11928070, 11993790, 12059344, 12124734, 12190342, 12255795, 12321550, 12387251, 12452844, 12518195, 12583831, 12649424, 12715071, 12780660, 12845826, 12911286, 12976026, 13041021, 13106614, 13172137, 13237559, 13302643, 13368052, 13433751, 13499192, 13564875, 13630688, 13696627, 13762432, 13828013, 13893805, 13959163, 14025318, 14090344, 14155962, 14221686, 14287239, 14352570, 14417832, 14482945, 14548199, 14613753, 14679599, 14744818, 14810336, 14875824, 14941232, 15006840, 15072400, 15138593, 15203864, 15269368, 15334865, 15400800, 15466202, 15531574, 15597128, 15662266, 15728044, 15793115, 15859115, 15924768, 15990177, 16055805, 16121120, 16186866, 16252519, 16317818, 16383560, 16448962, 16514541, 16580134, 16645546, 16711597, 16777215]
[65195, 130277, 195875, 261370, 326632, 392287, 457786, 523316, 589087, 654621, 720025, 785684, 850988, 916467, 981812, 1047163, 1112733, 1178384, 1243754, 1309020, 1374359, 1440011, 1505844, 1571561, 1636583, 1701827, 1767678, 1833444, 1898867, 1964315, 2029454, 2094999, 2160657, 2226260, 2291765, 2357523, 2423267, 2488621, 2554134, 2619188, 2684615, 2750214, 2815455, 2880818, 2946219, 3011967, 3077628, 3143048, 3208794, 3274284, 3340012, 3405612, 3471243, 3536469, 3601931, 3667281, 3732960, 3798352, 3863830, 3929215, 3995421, 4061343, 4127001, 4193297, 4258462, 4324478, 4389875, 4455212, 4520436, 4586504, 4652354, 4717883, 4783316, 4848896, 4914372, 4979802, 5045404, 5110988, 5176470, 5241712, 5307204, 5372919, 5438457, 5503886, 5569894, 5635258, 5700811, 5766147, 5831868, 5897093, 5962611, 6027994, 6093805, 6159240, 6224624, 6290255, 6356044, 6421551, 6487494, 6553107, 6618379, 6684101, 6749682, 6814902, 6880533, 6946401, 7012126, 7077722, 7143145, 7208816, 7274329, 7340084, 7405677, 7471033, 7536522, 7601886, 7667612, 7733250, 7798085, 7863767, 7928912, 7994298, 8059684, 8125115, 8190614, 8256095, 8321532, 8387666, 8453209, 8518823, 8583899, 8649331, 8714387, 8779595, 8844774, 8910186, 8975833, 9041597, 9106945, 9172613, 9237663, 9302943, 9368417, 9434303, 9499819, 9564768, 9630271, 9695807, 9761524, 9827300, 9892789, 9957976, 10023880, 10090156, 10155960, 10221213, 10286645, 10352368, 10417583, 10483406, 10548401, 10613748, 10679312, 10744856, 10809986, 10876053, 10941682, 11007266, 11073216, 11138931, 11204521, 11269922, 11334943, 11400441, 11465864, 11531377, 11596328, 11662044, 11727758, 11793265, 11858888, 11924782, 11990406, 12056063, 12121960, 12187492, 12253172, 12318844, 12384151, 12449620, 12514970, 12580684, 12646248, 12711739, 12777395, 12842817, 12908341, 12973805, 13039570, 13104801, 13170247, 13236082, 13301722, 13367345, 13433108, 13499004, 13564489, 13630263, 13695628, 13760886, 13826264, 13891325, 13957162, 14022662, 14088512, 14154288, 14220026, 14285317, 14350691, 14416448, 14481874, 14547639, 14613221, 14679110, 14744412, 14809798, 14875429, 14941513, 15007207, 15072656, 15138366, 15203587, 15269094, 15334719, 15400369, 15465782, 15530877, 15596744, 15662280, 15727773, 15793140, 15858575, 15924133, 15989767, 16055391, 16121066, 16187298, 16252540, 16317802, 16382969, 16448488, 16514021, 16579471, 16645654, 16711551, 16777215]
[65485, 130649, 196209, 261863, 327132, 392356, 458389, 523851, 589064, 653946, 719194, 784876, 850444, 915585, 981462, 1047163, 1112444, 1177859, 1243719, 1309194, 1374681, 1440222, 1505777, 1571651, 1637634, 1703409, 1768941, 1834042, 1899708, 1965148, 2030470, 2095719, 2160989, 2226877, 2292551, 2358092, 2423407, 2488901, 2554278, 2619958, 2685582, 2751108, 2816553, 2882121, 2947545, 3012856, 3078330, 3143938, 3209952, 3275555, 3341372, 3406759, 3472792, 3538333, 3603367, 3668775, 3734066, 3799475, 3865217, 3930604, 3995915, 4061769, 4127462, 4192651, 4258548, 4324127, 4389797, 4455636, 4521680, 4586910, 4652506, 4717617, 4782812, 4849135, 4914586, 4979719, 5045319, 5111091, 5176751, 5242159, 5307715, 5373047, 5438649, 5504253, 5569981, 5635421, 5700747, 5766120, 5831619, 5897224, 5963004, 6028939, 6094255, 6159795, 6225379, 6290652, 6356451, 6421989, 6487737, 6552962, 6617884, 6683099, 6748391, 6813806, 6879453, 6945101, 7010611, 7076196, 7141609, 7207006, 7272465, 7338212, 7403729, 7469076, 7534620, 7600427, 7666191, 7731721, 7797233, 7862706, 7928088, 7993243, 8058609, 8123800, 8189256, 8254372, 8320116, 8385562, 8450921, 8516690, 8582744, 8648505, 8713741, 8779415, 8844736, 8910611, 8976355, 9041968, 9108066, 9173738, 9239350, 9304642, 9370485, 9435901, 9501486, 9567089, 9632505, 9698087, 9763582, 9829319, 9895290, 9960690, 10025858, 10091660, 10157060, 10223248, 10289045, 10354780, 10420151, 10485406, 10550775, 10615938, 10681290, 10747171, 10812554, 10878079, 10943605, 11008972, 11074071, 11139814, 11205143, 11270797, 11336405, 11401943, 11467020, 11532700, 11598410, 11663717, 11729192, 11794694, 11860231, 11925831, 11991933, 12057451, 12122972, 12188636, 12254583, 12320017, 12385808, 12451396, 12516551, 12581802, 12646998, 12712896, 12778181, 12843710, 12909400, 12975076, 13040305, 13106214, 13171672, 13237288, 13302759, 13368457, 13433859, 13499415, 13565280, 13631047, 13696966, 13762572, 13827820, 13893307, 13958884, 14024467, 14089556, 14154837, 14220824, 14286362, 14351500, 14417204, 14482830, 14548346, 14614133, 14679603, 14745471, 14811082, 14876784, 14942136, 15007739, 15073168, 15138925, 15204247, 15270326, 15335605, 15401106, 15466126, 15532322, 15597630, 15663215, 15729131, 15794477, 15859685, 15925324, 15990997, 16056525, 16121676, 16187173, 16252956, 16318477, 16383749, 16449368, 16514828, 16580476, 16646072, 16711693, 16777215]
[65419, 131108, 196320, 261711, 326757, 392368, 458063, 523269, 588366, 654129, 720067, 785434, 851333, 916829, 982395, 1047579, 1113586, 1179170, 1244731, 1310906, 1376789, 1442083, 1507810, 1573442, 1638493, 1704140, 1769692, 1835670, 1900972, 1966636, 2032444, 2097937, 2163396, 2228788, 2294498, 2359743, 2425188, 2490711, 2556062, 2621227, 2686695, 2752552, 2818530, 2884186, 2949268, 3015115, 3080784, 3146283, 3211903, 3277692, 3342783, 3408176, 3473459, 3538877, 3604544, 3670114, 3735371, 3800839, 3866440, 3931768, 3997557, 4063316, 4129070, 4194603, 4259946, 4325249, 4391082, 4456655, 4522310, 4588167, 4653868, 4719104, 4784461, 4849789, 4915142, 4980896, 5045960, 5111727, 5176893, 5242463, 5307911, 5373357, 5438929, 5504559, 5570503, 5636329, 5701884, 5767329, 5832714, 5898039, 5963869, 6029472, 6095039, 6160333, 6225791, 6291298, 6356877, 6422399, 6487865, 6553836, 6619189, 6684490, 6749730, 6815270, 6880956, 6946491, 7011990, 7077292, 7142861, 7208820, 7274322, 7340008, 7405914, 7471861, 7537326, 7602573, 7668069, 7733629, 7799365, 7865056, 7930507, 7996157, 8061289, 8126489, 8191734, 8257429, 8322587, 8388457, 8453842, 8519241, 8584979, 8650921, 8716550, 8782133, 8847753, 8912939, 8978376, 9043844, 9109412, 9174450, 9239869, 9305538, 9371764, 9437071, 9502427, 9568309, 9633638, 9699449, 9765062, 9830914, 9896577, 9962107, 10027732, 10093295, 10158570, 10223919, 10289589, 10355361, 10420720, 10486221, 10551969, 10616729, 10682450, 10747557, 10813355, 10878766, 10943880, 11009171, 11075387, 11140533, 11206097, 11271569, 11337412, 11403085, 11468477, 11533698, 11599258, 11664588, 11730230, 11795521, 11860571, 11925732, 11991142, 12056469, 12122132, 12187956, 12253619, 12318835, 12384258, 12449750, 12515318, 12581132, 12647058, 12712647, 12778098, 12843482, 12909216, 12974887, 13040172, 13105385, 13171139, 13236338, 13302116, 13367654, 13433049, 13498520, 13563954, 13629342, 13695284, 13761100, 13826841, 13892218, 13958199, 14023802, 14089414, 14154902, 14220666, 14286033, 14351092, 14416618, 14482179, 14547516, 14612903, 14678456, 14744158, 14809617, 14875379, 14940852, 15006446, 15072108, 15137752, 15203145, 15269278, 15335029, 15400255, 15465648, 15531383, 15597603, 15663145, 15728783, 15794909, 15860429, 15926054, 15992094, 16057910, 16123570, 16188881, 16254381, 16319730, 16385523, 16450718, 16515737, 16580697, 16646040, 16711571, 16777215]
[65809, 131394, 196808, 262188, 327909, 393458, 459094, 524085, 589753, 655429, 720732, 786338, 851963, 917323, 982809, 1048529, 1113989, 1179521, 1244863, 1310829, 1376402, 1442145, 1507708, 1572982, 1638663, 1704339, 1769706, 1834867, 1900393, 1966121, 2031831, 2097224, 2162430, 2228156, 2293300, 2358906, 2424634, 2490187, 2556123, 2622284, 2687552, 2752816, 2818451, 2883855, 2949358, 3014535, 3079748, 3145646, 3211263, 3276965, 3342178, 3407275, 3472563, 3538118, 3603402, 3669056, 3734750, 3799931, 3865472, 3931041, 3996582, 4062186, 4127747, 4193431, 4258803, 4324585, 4390061, 4455216, 4520796, 4586398, 4651894, 4717294, 4782660, 4848235, 4913653, 4979074, 5044714, 5110095, 5175840, 5241256, 5306449, 5372307, 5438019, 5503866, 5568986, 5634532, 5699860, 5765311, 5830830, 5896628, 5961783, 6027861, 6093358, 6158698, 6224512, 6290140, 6355582, 6420903, 6486894, 6552294, 6617663, 6683588, 6749605, 6814793, 6880004, 6944965, 7010422, 7076366, 7142388, 7208020, 7273644, 7339227, 7404493, 7470016, 7535687, 7601453, 7667317, 7732539, 7798119, 7863374, 7928506, 7994434, 8060014, 8125486, 8191361, 8256690, 8321696, 8386887, 8452282, 8517634, 8583243, 8648778, 8714129, 8779748, 8845918, 8911566, 8976596, 9041740, 9107234, 9172909, 9238289, 9303451, 9369225, 9434736, 9500326, 9566014, 9631163, 9696632, 9762117, 9827418, 9892899, 9958364, 10023755, 10089638, 10155456, 10220588, 10286306, 10352388, 10417979, 10483236, 10548718, 10614432, 10679775, 10745347, 10811444, 10876916, 10942346, 11008013, 11073694, 11139524, 11204858, 11270533, 11336207, 11401797, 11467412, 11532983, 11598371, 11664336, 11729510, 11795110, 11860851, 11926192, 11991488, 12057001, 12122593, 12187844, 12253352, 12318797, 12384223, 12450232, 12515587, 12581105, 12646140, 12711672, 12777219, 12842798, 12908230, 12974068, 13039758, 13105155, 13170880, 13236268, 13301508, 13367051, 13433053, 13498529, 13564352, 13630171, 13695599, 13761051, 13826449, 13892194, 13957515, 14023106, 14088796, 14154433, 14220414, 14285934, 14351210, 14416671, 14482234, 14547524, 14613169, 14678598, 14744020, 14809773, 14875054, 14940830, 15006694, 15072353, 15137787, 15202888, 15268246, 15334109, 15399704, 15465413, 15530375, 15596258, 15661723, 15727433, 15793372, 15859057, 15924789, 15990168, 16055774, 16121454, 16186897, 16252291, 16317477, 16383307, 16449220, 16514841, 16580492, 16646100, 16711432, 16777215]
[65644, 131336, 196601, 262191, 327351, 393154, 458946, 524149, 589227, 654831, 720217, 786083, 851634, 917481, 983034, 1048670, 1114363, 1179702, 1245594, 1311440, 1376824, 1442455, 1507850, 1573583, 1639326, 1705457, 1771003, 1836751, 1902248, 1967650, 2033091, 2098557, 2164277, 2229738, 2295344, 2360832, 2425902, 2491219, 2556859, 2622380, 2688071, 2753243, 2818517, 2883549, 2949014, 3014119, 3079749, 3145250, 3210971, 3275904, 3341427, 3407022, 3472700, 3538337, 3603791, 3669427, 3734710, 3800441, 3865730, 3931005, 3996511, 4061772, 4127887, 4193219, 4258232, 4323492, 4388908, 4454851, 4520207, 4585648, 4651548, 4716660, 4782237, 4847296, 4913064, 4978953, 5044689, 5109888, 5175166, 5241253, 5307108, 5372958, 5438319, 5503686, 5569223, 5634835, 5700667, 5766006, 5831448, 5896928, 5962841, 6028190, 6093611, 6159437, 6224746, 6290022, 6355846, 6421125, 6486730, 6551980, 6618077, 6683758, 6748936, 6814668, 6880207, 6945771, 7011553, 7077300, 7143117, 7208304, 7273707, 7339299, 7404610, 7470360, 7535940, 7601868, 7667491, 7733405, 7798867, 7864403, 7929782, 7995351, 8060879, 8126792, 8192620, 8258389, 8323863, 8389494, 8455193, 8521032, 8586195, 8651988, 8717319, 8782443, 8847807, 8913731, 8979512, 9045198, 9110586, 9176215, 9242062, 9307022, 9372198, 9438088, 9503326, 9568910, 9635002, 9700654, 9766262, 9831746, 9897480, 9963407, 10028677, 10094100, 10160027, 10225717, 10290956, 10356753, 10422108, 10487947, 10553578, 10619155, 10684703, 10750199, 10815670, 10881085, 10946417, 11011977, 11077798, 11143867, 11209578, 11275306, 11340522, 11405808, 11470809, 11535965, 11601417, 11666539, 11732133, 11798323, 11863797, 11929940, 11995585, 12060854, 12126831, 12192611, 12258188, 12323505, 12389034, 12454702, 12520248, 12585710, 12650721, 12715988, 12781570, 12846948, 12912591, 12978234, 13044061, 13109760, 13175156, 13240600, 13306097, 13371591, 13437514, 13503082, 13568609, 13633736, 13699459, 13764997, 13830306, 13895632, 13961045, 14026556, 14091782, 14156709, 14222501, 14287902, 14353515, 14419089, 14484894, 14550367, 14616104, 14681064, 14746603, 14811863, 14877346, 14943220, 15009204, 15074828, 15140372, 15205684, 15271241, 15336791, 15402154, 15467516, 15533009, 15598711, 15663937, 15728714, 15794336, 15860013, 15925477, 15991015, 16056380, 16121892, 16187589, 16253057, 16318648, 16384154, 16449874, 16514687, 16580368, 16646048, 16711756, 16777215]
[65577, 131673, 196915, 262155, 327870, 393492, 459236, 525319, 591132, 656783, 722327, 788178, 853779, 919514, 984567, 1050354, 1115816, 1181146, 1247034, 1312527, 1377890, 1443049, 1508832, 1574809, 1640837, 1705906, 1771393, 1837337, 1903048, 1968620, 2033852, 2099646, 2165367, 2230599, 2295890, 2361409, 2426825, 2492488, 2557496, 2623242, 2688910, 2754713, 2819648, 2885057, 2950716, 3016094, 3081945, 3147485, 3213464, 3278971, 3344484, 3409949, 3475572, 3541283, 3607166, 3672961, 3738730, 3804819, 3870262, 3936214, 4001951, 4067351, 4132910, 4198702, 4264145, 4329565, 4395208, 4460692, 4526074, 4591734, 4657391, 4722639, 4788071, 4853486, 4919101, 4984535, 5049944, 5115624, 5181260, 5246618, 5312250, 5378171, 5443304, 5508695, 5574406, 5639700, 5705133, 5770347, 5835541, 5900850, 5966859, 6032209, 6098409, 6163568, 6228762, 6294497, 6359986, 6425516, 6490925, 6556031, 6621257, 6686830, 6752311, 6817651, 6883266, 6949246, 7015180, 7080431, 7145784, 7211062, 7276237, 7341741, 7407177, 7472419, 7537678, 7603054, 7668476, 7733934, 7799561, 7864911, 7930659, 7996153, 8061784, 8127348, 8192970, 8258345, 8323719, 8389247, 8454365, 8519425, 8584778, 8649907, 8715289, 8780602, 8846224, 8911534, 8977221, 9042590, 9107992, 9173023, 9238783, 9304723, 9370682, 9436057, 9501716, 9566986, 9632156, 9697346, 9762283, 9828101, 9893931, 9959446, 10024961, 10090097, 10155576, 10221109, 10286705, 10352252, 10417717, 10483350, 10549128, 10615019, 10680656, 10746233, 10811625, 10877115, 10943138, 11008740, 11074175, 11139917, 11205689, 11271573, 11337050, 11402370, 11467829, 11533701, 11599262, 11665257, 11730840, 11796867, 11862118, 11927962, 11993863, 12059345, 12124695, 12190082, 12255634, 12320666, 12386641, 12451853, 12517331, 12582764, 12647661, 12713188, 12778665, 12844014, 12909620, 12975498, 13041596, 13107373, 13172791, 13238241, 13303520, 13369277, 13434973, 13500771, 13565863, 13631650, 13697285, 13762322, 13828062, 13893599, 13959227, 14024401, 14089666, 14155146, 14220504, 14285920, 14351494, 14417332, 14482620, 14548286, 14613680, 14679502, 14744757, 14809833, 14875707, 14940957, 15006613, 15072345, 15137960, 15203472, 15269146, 15334915, 15400347, 15465880, 15532055, 15597966, 15663374, 15729369, 15794509, 15859855, 15925408, 15990989, 16056747, 16122456, 16188297, 16253748, 16319247, 16384672, 16449986, 16515379, 16580644, 16646079, 16711585, 16777215]
[65643, 130975, 196482, 262385, 328137, 393108, 458439, 524585, 590161, 655819, 721773, 786883, 852484, 917638, 983148, 1048625, 1114479, 1179989, 1245684, 1311406, 1376635, 1442180, 1507720, 1573185, 1638289, 1703380, 1768138, 1834327, 1899718, 1965645, 2031136, 2096768, 2162187, 2227681, 2293319, 2358740, 2424135, 2489565, 2555600, 2621225, 2687258, 2753278, 2818874, 2884631, 2950058, 3015755, 3081431, 3146985, 3212363, 3278365, 3343775, 3409116, 3474816, 3540245, 3605452, 3670611, 3735942, 3801283, 3866986, 3932303, 3997655, 4062805, 4128292, 4193731, 4259322, 4324715, 4390319, 4455991, 4521004, 4586550, 4651593, 4717209, 4782928, 4848022, 4913663, 4979029, 5044578, 5109780, 5175376, 5240619, 5305858, 5371783, 5437127, 5502819, 5568654, 5633815, 5699554, 5765206, 5830898, 5896244, 5961388, 6026516, 6092089, 6157484, 6222990, 6288791, 6354303, 6419985, 6485561, 6550957, 6616161, 6681881, 6747464, 6813203, 6879166, 6944814, 7010440, 7075631, 7141163, 7206572, 7272183, 7337472, 7403308, 7468693, 7534017, 7599323, 7664614, 7730130, 7795502, 7861174, 7926924, 7992343, 8057964, 8123968, 8189231, 8254792, 8320205, 8386376, 8451858, 8517574, 8582760, 8648519, 8713749, 8779639, 8845045, 8910313, 8976061, 9041746, 9107278, 9173006, 9238531, 9304415, 9369999, 9435861, 9501637, 9566911, 9632905, 9698686, 9763889, 9829039, 9893949, 9959574, 10025201, 10090665, 10156378, 10222035, 10287755, 10353266, 10419058, 10484457, 10550332, 10615874, 10681414, 10746982, 10812456, 10877945, 10943905, 11009096, 11074444, 11140136, 11205345, 11271098, 11336474, 11401887, 11467173, 11532434, 11597935, 11663429, 11729301, 11795139, 11861105, 11926635, 11992191, 12057800, 12122745, 12188609, 12254228, 12320136, 12385978, 12451524, 12517415, 12583217, 12648354, 12713355, 12778572, 12844028, 12909860, 12975311, 13041327, 13107135, 13172818, 13237699, 13303761, 13369262, 13434820, 13499769, 13565206, 13630909, 13696541, 13761800, 13827726, 13893065, 13958248, 14024181, 14089311, 14155109, 14220416, 14286184, 14351911, 14417466, 14482862, 14549088, 14614480, 14680031, 14745360, 14811342, 14876547, 14941768, 15007434, 15072564, 15138250, 15203684, 15268874, 15334321, 15399817, 15465282, 15531207, 15596950, 15662494, 15727901, 15793668, 15859139, 15924807, 15990421, 16056095, 16121956, 16187390, 16253127, 16318733, 16384360, 16449577, 16514914, 16580727, 16646692, 16711955, 16777215]
[65518, 130836, 196289, 262322, 327320, 392787, 458696, 524597, 590297, 655653, 721363, 786561, 852364, 917606, 983457, 1048299, 1113894, 1179825, 1245747, 1311106, 1376364, 1441984, 1507324, 1572820, 1638351, 1703640, 1769169, 1834684, 1899897, 1965185, 2030740, 2096505, 2162099, 2227237, 2292959, 2358814, 2424414, 2490668, 2555864, 2621225, 2687250, 2752623, 2818316, 2883701, 2948961, 3014799, 3079799, 3145410, 3210856, 3276311, 3341566, 3407391, 3473226, 3538863, 3604718, 3670210, 3735471, 3801022, 3866378, 3931743, 3997451, 4062516, 4127446, 4192827, 4258573, 4324029, 4389775, 4455312, 4520875, 4586445, 4652052, 4717245, 4783062, 4848608, 4914210, 4980235, 5046142, 5111684, 5177095, 5242313, 5307946, 5373276, 5438530, 5503938, 5569342, 5634511, 5699589, 5764939, 5830859, 5896310, 5961640, 6026763, 6092220, 6157881, 6223371, 6288944, 6354262, 6419262, 6484698, 6550305, 6615820, 6681279, 6746668, 6812331, 6878408, 6943739, 7008786, 7074717, 7139836, 7205238, 7270886, 7336700, 7402256, 7467802, 7533318, 7598779, 7664297, 7729823, 7795078, 7860595, 7926037, 7991606, 8057261, 8123051, 8188833, 8254007, 8319418, 8385614, 8451206, 8516935, 8582669, 8648394, 8713399, 8779047, 8845161, 8910691, 8976011, 9041817, 9107717, 9173206, 9238674, 9304351, 9369827, 9435247, 9500888, 9566580, 9631980, 9697543, 9763216, 9828003, 9893096, 9958399, 10023938, 10089677, 10155333, 10220943, 10286633, 10351790, 10417386, 10482913, 10548446, 10613935, 10679337, 10745308, 10810818, 10876360, 10941406, 11007601, 11073491, 11138839, 11204359, 11270096, 11335297, 11400793, 11466636, 11532265, 11597837, 11663434, 11728808, 11794539, 11859590, 11925048, 11991007, 12056591, 12122130, 12188113, 12253337, 12318568, 12383895, 12449505, 12515077, 12580929, 12646547, 12712130, 12777592, 12843050, 12908799, 12974104, 13039490, 13104739, 13170277, 13235945, 13301237, 13366710, 13432528, 13498113, 13563687, 13629272, 13694586, 13760157, 13825639, 13891485, 13956837, 14022339, 14087891, 14153172, 14218772, 14284509, 14350236, 14415769, 14481383, 14546646, 14612226, 14677602, 14742878, 14808674, 14874309, 14939533, 15005255, 15071144, 15136966, 15202125, 15267920, 15333155, 15398412, 15464145, 15529655, 15595224, 15660708, 15726091, 15792317, 15857968, 15923051, 15988626, 16054228, 16119859, 16185763, 16251155, 16316915, 16382007, 16447351, 16513421, 16579481, 16645393, 16711627, 16777215]
[65307, 130983, 196162, 261668, 326961, 393067, 458138, 523494, 589130, 654566, 720190, 785671, 851000, 916103, 981709, 1047044, 1112642, 1178012, 1243609, 1308922, 1374758, 1439871, 1505618, 1571605, 1636927, 1703049, 1768663, 1833725, 1899627, 1964933, 2030524, 2096103, 2161952, 2227616, 2293301, 2358978, 2424862, 2490447, 2556536, 2622778, 2688277, 2753716, 2819851, 2885353, 2951129, 3016597, 3082265, 3147923, 3213168, 3278467, 3343694, 3409362, 3474571, 3540116, 3605317, 3670826, 3736011, 3801324, 3866809, 3932687, 3998447, 4064198, 4130002, 4194889, 4260428, 4325748, 4390937, 4456356, 4521933, 4587481, 4653093, 4718562, 4784222, 4849715, 4915899, 4981171, 5046713, 5111839, 5177507, 5243092, 5308415, 5374026, 5439426, 5504748, 5570644, 5635896, 5701445, 5767043, 5832845, 5898454, 5963911, 6030229, 6095674, 6161597, 6227100, 6292882, 6358295, 6423881, 6489367, 6554974, 6620370, 6685794, 6750930, 6816675, 6882181, 6947891, 7013311, 7078724, 7143963, 7209481, 7275482, 7340687, 7406203, 7471663, 7537290, 7602542, 7667880, 7733089, 7798613, 7863493, 7928565, 7993901, 8059055, 8124666, 8190360, 8255829, 8321527, 8386824, 8452050, 8517262, 8583679, 8649632, 8714606, 8779785, 8845354, 8911174, 8976847, 9042268, 9107634, 9173128, 9239150, 9305091, 9370733, 9436343, 9501518, 9567092, 9632694, 9698160, 9763872, 9829435, 9894873, 9960407, 10025903, 10091826, 10157922, 10223275, 10289025, 10354515, 10420080, 10485821, 10551209, 10616864, 10682216, 10747625, 10813222, 10878395, 10944086, 11009646, 11074930, 11140033, 11205290, 11270581, 11335836, 11400981, 11466561, 11531838, 11597193, 11662514, 11728219, 11794255, 11860079, 11925084, 11990470, 12056075, 12122007, 12187621, 12253108, 12318512, 12383641, 12449185, 12514538, 12580485, 12645895, 12711780, 12777381, 12842744, 12907931, 12973678, 13039195, 13104822, 13170061, 13235838, 13301654, 13367209, 13432704, 13498547, 13563682, 13629028, 13694477, 13760115, 13825404, 13890982, 13956712, 14022351, 14087812, 14153521, 14219137, 14284548, 14350007, 14415458, 14480849, 14546682, 14612369, 14678068, 14744232, 14809897, 14875261, 14940737, 15006508, 15071947, 15137682, 15202955, 15268947, 15334723, 15400151, 15465696, 15531710, 15596691, 15662362, 15727847, 15793022, 15858467, 15924165, 15989824, 16055415, 16121573, 16187343, 16252973, 16318688, 16384436, 16449445, 16515118, 16580329, 16645854, 16711424, 16777215]

Process finished with exit code 0


00ffff39d221973a8d7affcf7641612c234144abff9398cca7ee401961e63f77
010000270bf281a0be305b09cbb82994a6c9a31ceb231775b6156cdaeb0e1828